sleep,work,eating,sport,friends,tv,social_media,age,sex,weekend,life_sat,synthetic,cluster_id,cluster
9.0,0.0,0.5833333333333334,0.0,0.0,5.5,0.0,22,2,True,8,False,0,Typical mix
9.666666666666666,0.0,1.25,0.0,0.0,1.5833333333333333,0.8333333333333334,39,1,True,7,False,0,Typical mix
7.5,0.0,2.8333333333333335,4.333333333333333,0.0,1.0,0.0,47,2,False,10,False,3,Active
7.5,11.333333333333334,1.1666666666666667,0.0,0.0,1.0833333333333333,0.0,50,2,False,10,False,2,Work-focused
9.5,0.0,2.0,1.0,0.0,1.5,0.0,45,2,False,8,False,0,Typical mix
8.25,0.0,1.25,0.0,0.0,4.5,0.0,80,2,True,9,False,0,Typical mix
4.833333333333333,0.0,0.5833333333333334,0.0,0.0,4.066666666666666,2.8333333333333335,72,1,False,8,False,4,Computer-leisure
8.0,0.0,0.75,0.0,0.0,1.5,0.0,55,2,True,10,False,0,Typical mix
15.5,0.0,0.75,0.0,0.0,4.5,0.0,57,2,True,10,False,0,Typical mix
8.666666666666666,7.5,0.5,0.0,0.0,0.0,0.0,27,2,False,9,False,2,Work-focused
3.5,9.0,0.5,0.0,0.0,4.716666666666667,0.0,59,2,False,7,False,2,Work-focused
8.333333333333334,8.666666666666666,0.9166666666666666,0.0,0.5,1.0,0.0,31,1,False,10,False,2,Work-focused
10.833333333333334,0.0,1.0,0.0,0.0,5.0,0.0,52,1,True,2,False,0,Typical mix
8.0,8.416666666666666,0.4166666666666667,0.0,0.0,0.25,0.25,42,2,False,0,False,2,Work-focused
12.0,0.0,1.6666666666666667,0.0,1.0,2.1666666666666665,0.0,66,2,True,7,False,0,Typical mix
7.5,8.166666666666666,0.5,0.0,0.0,1.1666666666666667,0.0,45,1,False,5,False,2,Work-focused
7.0,0.0,2.5,0.0,3.0,11.0,0.0,59,1,False,10,False,0,Typical mix
5.0,12.083333333333334,0.75,1.0,0.0333333333333333,1.25,0.0,53,2,False,8,False,2,Work-focused
7.416666666666667,0.0,0.25,0.0,0.0,2.0,0.0,43,2,False,5,False,0,Typical mix
11.333333333333334,0.0,1.5,0.5,0.0,0.0,0.0,36,2,True,7,False,0,Typical mix
7.783333333333333,4.416666666666667,0.9166666666666666,0.0,0.0,1.75,0.0,53,2,True,7,False,2,Work-focused
9.0,7.833333333333333,1.5,0.0,0.0,0.0,4.333333333333333,27,1,False,10,False,4,Computer-leisure
2.6666666666666665,16.766666666666666,2.5833333333333335,0.0,0.0,0.0,0.0,52,1,False,9,False,2,Work-focused
8.8,0.0,0.5,2.0,8.166666666666666,0.0,0.0,48,1,True,10,False,1,Social
12.0,0.0,0.8333333333333334,0.0,0.0,6.0,0.0,55,2,False,5,False,0,Typical mix
8.5,0.0,2.0833333333333335,0.0,0.0166666666666666,2.0,0.0,80,2,False,8,False,0,Typical mix
2.5,0.0,0.5,0.0,0.9166666666666666,4.0,0.0,24,2,False,8,False,0,Typical mix
7.0,4.7,1.1333333333333333,0.0,0.0,1.5,0.0,49,2,False,10,False,2,Work-focused
7.833333333333333,0.0,0.75,0.0,0.0,3.216666666666667,0.0,67,2,False,10,False,0,Typical mix
8.0,0.0,0.1666666666666666,1.25,0.45,4.783333333333333,0.0,45,1,False,10,False,0,Typical mix
8.5,0.0,0.25,1.0,0.0,7.25,0.0,71,1,False,6,False,0,Typical mix
7.5,8.666666666666666,0.6666666666666666,0.25,0.0,0.0,0.0,59,2,False,8,False,2,Work-focused
18.466666666666665,0.0,1.0,0.0,0.0,4.466666666666667,0.0,42,1,False,2,False,0,Typical mix
10.0,0.0,1.9166666666666667,1.0,0.0,3.75,0.0,61,2,True,9,False,0,Typical mix
7.116666666666666,6.95,0.3333333333333333,0.0,0.5,2.0,0.0,36,2,False,6,False,2,Work-focused
5.0,0.0,1.8333333333333333,0.0,1.0,9.316666666666666,0.0,66,1,False,8,False,0,Typical mix
9.25,0.0,2.0,0.0,0.0,2.783333333333333,0.0,73,1,False,5,False,0,Typical mix
10.166666666666666,0.0,1.25,0.0,0.0,5.5,0.5,16,1,True,8,False,0,Typical mix
8.5,0.0,0.5,0.0,0.0,2.25,0.0,70,2,False,10,False,0,Typical mix
9.083333333333334,7.916666666666667,1.3333333333333333,2.0,1.0,0.0,0.0,56,1,True,5,False,2,Work-focused
14.333333333333334,0.0,0.45,0.0,0.0,7.0,0.0,58,2,False,7,False,0,Typical mix
8.833333333333334,0.5,0.5833333333333334,0.0,0.0,3.8333333333333335,0.0,58,2,True,10,False,0,Typical mix
8.916666666666666,8.583333333333334,0.5833333333333334,0.0,0.0,1.0,0.0,34,2,False,5,False,2,Work-focused
8.333333333333334,8.166666666666666,1.0,0.1666666666666666,2.716666666666667,0.3333333333333333,0.5,46,1,False,5,False,2,Work-focused
9.5,0.0,1.0,0.0,0.0,4.8,0.0,41,2,True,8,False,0,Typical mix
7.5,0.0,2.3333333333333335,0.0,1.75,2.0833333333333335,0.0,75,1,True,7,False,0,Typical mix
3.25,8.916666666666666,1.25,0.0,0.0,1.25,0.0,23,1,False,6,False,2,Work-focused
8.0,0.0,1.5,3.4166666666666665,0.0,2.75,0.0,16,1,False,8,False,3,Active
12.583333333333334,0.0,1.2,0.0,4.916666666666667,4.466666666666667,0.0,46,1,True,7,False,1,Social
9.0,0.0,1.0,0.0,0.0,6.5,0.0,66,2,True,7,False,0,Typical mix
10.0,0.0,0.8333333333333334,0.0,0.0,2.8666666666666667,0.0,35,2,True,6,False,0,Typical mix
7.783333333333333,0.0,0.9166666666666666,0.0,0.0,3.4166666666666665,0.4166666666666667,70,2,True,8,False,0,Typical mix
8.25,0.0,2.6666666666666665,0.0,0.5,2.6666666666666665,0.0,68,2,True,10,False,0,Typical mix
11.166666666666666,0.0,0.25,0.0,0.0,6.25,0.0,60,1,True,6,False,0,Typical mix
9.0,0.0,0.25,0.0,1.0,4.166666666666667,0.0,57,1,False,5,False,0,Typical mix
10.0,0.0,1.0833333333333333,0.5,0.0,4.0,1.0,80,2,True,7,False,0,Typical mix
9.216666666666669,0.0,0.5833333333333334,0.0,0.25,8.216666666666667,0.0,62,1,False,10,False,0,Typical mix
7.666666666666667,0.0,1.9166666666666667,0.0,0.5,1.5,0.0,53,2,True,4,False,0,Typical mix
8.0,7.0,0.5,0.0,0.0,3.25,0.0,31,2,False,7,False,2,Work-focused
7.5,0.0,0.75,1.1666666666666667,0.0833333333333333,2.0833333333333335,0.0,17,2,False,10,False,0,Typical mix
9.75,0.0,2.1666666666666665,0.0,0.0,1.4666666666666666,0.0,39,1,False,1,False,0,Typical mix
2.75,7.5,0.5,0.0,0.0,0.0,0.0,53,2,False,5,False,2,Work-focused
8.0,7.5,2.4166666666666665,0.0,0.5,0.0,0.5,53,1,False,8,False,2,Work-focused
9.166666666666666,1.5,1.0,0.0,0.0,0.5,0.0,34,2,True,10,False,0,Typical mix
9.0,0.0,0.25,0.0,0.0,2.0,0.0,66,2,False,8,False,0,Typical mix
8.666666666666666,10.833333333333334,0.3333333333333333,0.0,0.0,0.8333333333333334,0.0,29,1,False,4,False,2,Work-focused
6.45,7.75,1.5833333333333333,0.0,1.3333333333333333,1.0,0.0,43,2,False,7,False,2,Work-focused
7.833333333333333,8.5,0.9166666666666666,0.0,0.0,2.0,0.0,51,2,False,5,False,2,Work-focused
12.5,0.0,0.9166666666666666,0.0,0.0,0.5,0.0,24,2,True,5,False,0,Typical mix
9.983333333333333,0.0,1.0833333333333333,0.0,0.0,0.4,0.0,37,2,True,7,False,0,Typical mix
8.25,0.3333333333333333,0.5,1.0,0.5833333333333334,2.0,1.0,60,2,True,8,False,0,Typical mix
6.666666666666667,0.0,0.25,0.75,0.0,0.0,0.0,58,2,False,10,False,0,Typical mix
9.5,0.0,0.4166666666666667,0.0,0.0,12.083333333333334,0.0,66,1,True,5,False,0,Typical mix
10.0,0.3333333333333333,0.75,0.0,0.5,2.75,0.0,49,2,True,7,False,0,Typical mix
10.0,8.25,0.5,0.0,1.1666666666666667,0.5,0.0,43,2,False,7,False,2,Work-focused
6.416666666666667,5.166666666666667,2.3333333333333335,0.0,0.5,0.0,1.4166666666666667,31,1,True,8,False,2,Work-focused
6.5,0.0,0.0,0.0,3.75,2.75,1.0,22,2,True,7,False,1,Social
6.083333333333333,0.0,1.5,0.0,0.75,4.25,0.0,65,1,False,7,False,0,Typical mix
8.0,0.0,0.1833333333333333,0.0,0.6666666666666666,9.75,0.0,60,2,True,8,False,0,Typical mix
5.5,0.0,1.5833333333333333,2.5,0.0,0.0,0.0,67,2,False,10,False,3,Active
9.516666666666667,0.0,0.5,0.0,0.0,0.0,0.0,33,2,False,5,False,0,Typical mix
6.666666666666667,8.416666666666666,1.1666666666666667,0.0,0.3333333333333333,1.8333333333333333,0.0,37,1,False,8,False,2,Work-focused
16.75,0.0,0.0,0.0,2.5,0.0,0.0,46,2,True,8,False,0,Typical mix
10.0,0.0,1.1666666666666667,0.0,0.0,5.5,0.0,64,2,False,5,False,0,Typical mix
8.0,0.0,1.5,0.0,0.3333333333333333,0.0,0.0,15,1,False,7,False,0,Typical mix
9.5,0.0,0.3333333333333333,0.0,0.0,9.166666666666666,1.5,49,1,True,3,False,0,Typical mix
6.583333333333333,10.25,0.75,2.0,0.0,1.3333333333333333,0.0,40,1,False,8,False,2,Work-focused
8.583333333333334,9.25,0.75,0.0,1.0,0.5,1.5,32,1,False,8,False,2,Work-focused
8.933333333333334,8.916666666666666,0.75,0.0,0.0,1.8333333333333333,0.0,69,2,False,8,False,2,Work-focused
6.0,0.0,2.5,0.0,5.05,6.0,0.0,30,1,False,0,False,1,Social
13.65,0.0,0.75,0.0,0.5,0.5,0.0,64,2,False,8,False,0,Typical mix
7.75,0.0,1.6666666666666667,0.0,0.25,0.0,0.0,17,2,False,7,False,0,Typical mix
10.5,0.0,0.0,0.0,0.0,12.5,0.0,61,1,True,7,False,0,Typical mix
8.166666666666666,8.233333333333333,1.3333333333333333,0.0,0.0,1.0,0.0,27,2,False,9,False,2,Work-focused
9.0,7.75,1.75,0.0,0.0,3.75,0.0,48,1,False,10,False,2,Work-focused
3.5,13.25,1.5,0.0,0.0,3.5,0.0,30,1,False,6,False,2,Work-focused
11.0,0.0,1.0,0.0,0.0,10.583333333333334,1.0,63,1,False,5,False,0,Typical mix
9.5,0.0,1.0,0.0,0.0,5.0,0.0,77,1,False,10,False,0,Typical mix
11.0,11.416666666666666,0.0,0.0,0.0,0.0,0.0,34,2,True,7,False,2,Work-focused
9.0,0.0,0.6666666666666666,0.4166666666666667,0.0,6.083333333333333,0.0,68,2,False,8,False,0,Typical mix
7.5,0.0,0.9166666666666666,0.0,0.0,6.4,0.0,60,2,False,10,False,0,Typical mix
9.333333333333334,10.05,0.8333333333333334,0.0,0.5,1.5,0.0,56,1,False,8,False,2,Work-focused
6.0,0.0,0.5,0.0,0.0,0.0,0.0,85,2,True,6,False,0,Typical mix
11.766666666666667,0.0,0.8333333333333334,0.0,0.0,0.5,0.0,62,2,True,5,False,0,Typical mix
7.333333333333333,11.25,0.5833333333333334,0.0,0.0,0.8333333333333334,0.0,52,2,False,6,False,2,Work-focused
9.75,0.0,2.1666666666666665,0.0,0.5,3.75,0.0,69,2,True,10,False,0,Typical mix
12.5,0.1666666666666666,1.3333333333333333,0.0,0.0,4.5,0.0,48,1,True,7,False,0,Typical mix
10.0,0.0,1.3333333333333333,0.0,1.0,8.166666666666666,0.0,85,2,True,10,False,0,Typical mix
8.5,0.0,1.75,0.0,0.0,1.0,0.0,34,1,True,8,False,0,Typical mix
7.0,11.333333333333334,1.0,0.0,0.0,3.3333333333333335,0.0,23,1,False,9,False,2,Work-focused
8.5,10.416666666666666,0.8333333333333334,0.0,0.0,1.1666666666666667,0.0,52,1,False,9,False,2,Work-focused
8.0,0.0,0.5,0.0,0.0,10.333333333333334,0.0,32,1,True,6,False,0,Typical mix
7.5,8.1,1.0833333333333333,0.0,0.0,3.816666666666667,0.0,38,2,False,10,False,2,Work-focused
8.666666666666666,0.0,0.9166666666666666,0.0,0.6333333333333333,6.416666666666667,0.0,17,2,True,8,False,0,Typical mix
11.0,0.0,0.5,0.0,0.0,3.0,0.0,85,2,True,7,False,0,Typical mix
9.25,7.083333333333333,0.75,0.75,0.0,0.8333333333333334,0.0,49,1,False,8,False,2,Work-focused
10.0,1.0,0.5,0.0,0.0,9.25,0.0,39,2,True,7,False,0,Typical mix
7.5,12.866666666666667,0.25,0.0,0.0,2.0,0.0,43,1,False,10,False,2,Work-focused
7.583333333333333,0.0,0.75,0.0,0.6666666666666666,2.0,0.0,16,2,False,8,False,0,Typical mix
9.5,0.0,0.1666666666666666,0.0,0.0,1.5833333333333333,0.0,55,2,False,10,False,0,Typical mix
8.0,9.3,0.6666666666666666,0.0,0.0,3.6333333333333337,0.0,23,2,False,8,False,2,Work-focused
7.75,11.5,0.5,0.5,1.25,0.0,0.0,56,1,False,8,False,2,Work-focused
8.333333333333334,9.083333333333334,0.8333333333333334,0.0,0.0,2.0,0.0,40,1,False,8,False,2,Work-focused
13.5,0.0,1.0,0.0,0.0,2.0,0.0,80,1,False,8,False,0,Typical mix
7.5,12.416666666666666,1.0,0.0,0.0,0.0,0.0,53,2,False,8,False,2,Work-focused
8.0,7.316666666666666,0.0,0.0,3.25,0.9,0.0,54,2,False,4,False,2,Work-focused
8.5,0.0,2.0,0.0,0.0,3.05,0.75,37,2,False,9,False,0,Typical mix
8.5,0.0,0.3333333333333333,0.0,5.0,0.0,0.0,47,2,True,6,False,1,Social
8.666666666666666,0.0,1.0,0.0,0.0,0.0,0.0,53,2,True,7,False,0,Typical mix
8.0,8.083333333333334,2.25,0.0,0.0,3.6666666666666665,0.0,42,2,False,5,False,2,Work-focused
4.0,7.266666666666667,0.8333333333333334,0.0,1.0833333333333333,2.0,0.0,25,1,False,3,False,2,Work-focused
9.633333333333333,8.216666666666667,0.75,0.0,0.0,1.5,0.0,36,2,False,8,False,2,Work-focused
11.5,0.0,0.75,0.0,0.0,9.5,0.0,16,1,False,6,False,0,Typical mix
8.083333333333334,9.25,0.0,0.0,0.0,0.0,0.0,37,2,False,5,False,2,Work-focused
11.0,0.0,0.5,1.5833333333333333,0.0,3.0,0.0,21,1,True,7,False,0,Typical mix
11.0,0.3333333333333333,1.4166666666666667,0.0,0.0,4.0,0.0,38,1,False,7,False,0,Typical mix
12.666666666666666,0.0,0.3333333333333333,0.0,0.0,7.666666666666667,0.0,47,1,False,5,False,0,Typical mix
4.25,7.3,1.0833333333333333,0.0,0.0,4.633333333333334,0.25,33,2,False,8,False,2,Work-focused
13.5,0.0,0.6666666666666666,0.0,0.0,9.833333333333334,0.0,18,2,True,5,False,0,Typical mix
7.25,9.25,1.0,0.0,0.0,0.0,0.0,55,1,False,4,False,2,Work-focused
6.5,0.0,1.5,0.0,0.0,2.0,0.0,32,1,True,10,False,0,Typical mix
9.0,4.5,0.0,0.0,0.5,4.5,0.0,26,2,True,5,False,0,Typical mix
10.75,0.0,0.5833333333333334,2.25,0.0,1.0,0.0,15,2,False,10,False,0,Typical mix
6.5,8.333333333333334,1.75,1.25,0.0,3.0833333333333335,0.0,29,1,False,7,False,2,Work-focused
9.0,0.0,1.0,0.0,3.25,3.8333333333333335,0.0,33,1,True,8,False,1,Social
9.833333333333334,0.0,0.25,1.6666666666666667,4.083333333333333,1.0,0.0,19,1,False,8,False,1,Social
11.0,0.0,1.3333333333333333,0.0,0.0,4.666666666666667,2.0,24,1,False,10,False,0,Typical mix
8.5,0.0,0.5,5.5,0.0,7.5,0.0,57,1,True,10,False,3,Active
7.0,8.166666666666666,1.0,0.0,0.0,1.5,0.0,38,2,False,8,False,2,Work-focused
8.5,0.0,0.0,0.0,4.166666666666667,0.8333333333333334,0.75,44,2,True,10,False,1,Social
9.0,0.0,0.25,0.0,0.0,5.166666666666667,0.0,49,1,False,10,False,0,Typical mix
9.5,0.0,0.5833333333333334,0.0,0.75,7.45,0.0,65,2,True,7,False,0,Typical mix
5.916666666666667,0.0,0.25,0.0,1.5,1.0,0.5,68,2,False,5,False,0,Typical mix
7.416666666666667,8.75,1.3333333333333333,0.0,0.25,1.0,0.0,31,1,False,3,False,2,Work-focused
6.55,7.75,0.5,0.0,0.6666666666666666,0.0,0.0,47,1,False,8,False,2,Work-focused
7.5,7.25,1.0,0.0,0.25,0.0,0.0,30,2,False,7,False,2,Work-focused
13.5,0.0,0.6666666666666666,4.25,0.0,0.0,0.0,15,1,True,10,False,3,Active
8.25,8.25,0.5,0.0,0.0,0.75,0.0,30,2,False,8,False,2,Work-focused
7.233333333333333,8.5,0.25,0.25,0.0,2.9166666666666665,0.0,42,2,False,7,False,2,Work-focused
8.0,5.75,0.5833333333333334,0.0,0.0,1.1666666666666667,0.0,35,1,False,8,False,2,Work-focused
9.0,0.0,1.6666666666666667,0.7,0.0,5.366666666666666,0.0,43,2,True,8,False,0,Typical mix
11.5,7.833333333333333,0.6666666666666666,0.0,0.0,2.0,0.0,58,1,False,7,False,2,Work-focused
9.0,0.0,0.5,0.0,1.0,5.1,0.3333333333333333,47,2,True,5,False,0,Typical mix
7.5,0.5,2.5,0.0,0.0,4.5,0.0,51,1,True,4,False,0,Typical mix
8.666666666666666,0.0,1.45,0.8,0.9166666666666666,0.5,0.0,35,1,True,10,False,0,Typical mix
13.066666666666666,0.0,0.9166666666666666,0.0,2.0,1.9166666666666667,0.0,74,1,True,5,False,0,Typical mix
8.166666666666666,9.25,1.5,0.0,0.0,1.3666666666666667,0.0,38,2,False,8,False,2,Work-focused
10.833333333333334,0.0,2.0,0.0,0.0,3.0,0.0,77,1,True,7,False,0,Typical mix
7.5,0.0,1.25,0.0,3.0,9.166666666666666,0.0,70,2,False,8,False,1,Social
6.416666666666667,12.5,0.8333333333333334,0.0,0.0,2.8833333333333333,0.0,65,1,False,8,False,2,Work-focused
7.0,7.25,1.5833333333333333,0.0,0.0,3.3333333333333335,0.0,68,1,False,10,False,2,Work-focused
8.25,0.5,2.6666666666666665,1.0,0.25,2.5833333333333335,0.0,56,2,True,8,False,0,Typical mix
10.5,0.0,2.5,5.0,1.0,2.0,1.0,49,1,True,8,False,3,Active
7.416666666666667,10.0,1.1666666666666667,0.0,0.0,1.0,0.0,32,1,False,7,False,2,Work-focused
8.0,0.0,0.5,0.0,0.5,0.0,0.0,45,2,True,6,False,0,Typical mix
10.333333333333334,6.583333333333333,1.0,0.0,0.0,2.0,0.0,41,1,True,8,False,2,Work-focused
5.0,0.0,0.5833333333333334,0.0,0.0,3.0,1.5,63,2,True,6,False,0,Typical mix
8.25,0.0,2.25,1.75,0.0,1.5,0.0,48,2,False,9,False,0,Typical mix
11.0,0.0,2.0,0.0,0.0,2.8333333333333335,0.0,36,2,True,7,False,0,Typical mix
9.916666666666666,11.0,0.0,0.0,0.0,0.0,0.0,27,2,False,2,False,2,Work-focused
8.0,0.0,1.7,0.0,0.0,8.333333333333334,0.0,52,1,True,8,False,0,Typical mix
6.0,9.0,1.0,0.0,0.0,1.0,0.0,35,1,False,10,False,2,Work-focused
7.666666666666667,7.0,1.0,0.0,0.0,0.3333333333333333,0.0,49,2,False,8,False,2,Work-focused
9.5,10.0,0.25,0.0,0.0,3.6666666666666665,0.0,44,2,False,5,False,2,Work-focused
11.75,0.0,0.5,0.0,1.0,1.0,0.0,78,2,True,10,False,0,Typical mix
8.5,9.983333333333333,0.8333333333333334,0.0,0.4333333333333333,0.1666666666666666,0.0,54,2,False,8,False,2,Work-focused
7.75,8.916666666666666,0.8333333333333334,0.0,0.25,1.9166666666666667,0.0,50,1,False,6,False,2,Work-focused
7.666666666666667,2.0,1.0,0.0,0.0,0.0,0.8833333333333333,35,2,False,8,False,0,Typical mix
9.0,0.0,1.0,0.0,3.1666666666666665,0.0,0.0,46,1,True,10,False,1,Social
10.0,0.0,2.0,1.0,2.25,2.1666666666666665,0.0,51,2,True,9,False,0,Typical mix
10.533333333333331,0.0,1.75,1.0,0.25,0.0,1.0166666666666666,15,1,False,6,False,0,Typical mix
7.0,7.5,1.3333333333333333,0.0,0.0,5.666666666666667,0.0,56,2,False,5,False,2,Work-focused
9.283333333333331,0.0,1.25,0.0,1.0,0.75,0.0,26,1,False,7,False,0,Typical mix
8.5,0.0,0.8333333333333334,0.0,0.0,3.0833333333333335,0.0,85,2,False,8,False,0,Typical mix
7.0,6.166666666666667,0.5,0.0,0.0,3.0,0.0,36,2,False,4,False,2,Work-focused
9.983333333333333,0.0,1.5,0.0,0.0,3.0,0.0,57,1,False,3,False,0,Typical mix
12.833333333333334,0.0,1.5,0.0,0.0,5.916666666666667,0.0,51,1,True,10,False,0,Typical mix
10.5,0.0,0.4166666666666667,0.0,0.0,4.583333333333333,0.0,64,1,True,8,False,0,Typical mix
12.166666666666666,0.0,0.3333333333333333,0.0,4.0,2.0,0.0,45,1,True,9,False,1,Social
6.5,8.666666666666666,3.25,0.0,0.25,3.4166666666666665,0.0,54,1,False,5,False,2,Work-focused
6.166666666666667,7.166666666666667,1.1666666666666667,0.0,0.0,0.0,0.5,63,2,False,6,False,2,Work-focused
7.466666666666667,8.166666666666666,1.5,0.0,0.0,0.5,0.0,48,2,False,5,False,2,Work-focused
6.066666666666666,0.0,1.5,0.0,5.5,0.0,0.0,60,2,False,10,False,1,Social
7.5,0.0,1.1666666666666667,1.6666666666666667,1.0,2.3833333333333333,0.5,61,1,False,8,False,0,Typical mix
7.333333333333333,0.0,1.0,0.0,0.0,2.4166666666666665,0.0,58,2,True,5,False,0,Typical mix
9.5,0.0,2.0,0.0,2.5,3.8333333333333335,0.0,54,2,True,10,False,1,Social
12.25,0.0,1.0,1.0,0.0,2.0,1.0,43,2,True,9,False,0,Typical mix
9.666666666666666,7.666666666666667,1.5,0.0,0.0,1.5,0.0,34,1,False,6,False,2,Work-focused
8.75,0.0,1.0,1.75,0.0,0.0,0.0,16,2,False,6,False,0,Typical mix
7.25,3.0833333333333335,0.5,0.0,0.0,5.666666666666667,0.0,40,1,True,8,False,0,Typical mix
13.333333333333334,8.333333333333334,0.1666666666666666,0.0,0.0,0.0,0.0,30,2,False,5,False,2,Work-focused
10.0,0.0,0.75,0.0,0.0,13.25,0.0,54,1,False,5,False,0,Typical mix
3.0,0.0,1.6666666666666667,0.0,4.216666666666667,0.6666666666666666,0.0,29,2,False,8,False,1,Social
8.5,9.0,1.3333333333333333,0.0,0.0,0.4166666666666667,0.0,50,1,False,10,False,2,Work-focused
3.966666666666667,8.266666666666667,0.6666666666666666,0.0,0.0,0.0,0.0,45,2,False,8,False,2,Work-focused
10.0,0.0,0.75,0.0,0.0,9.25,2.0,70,1,True,9,False,0,Typical mix
7.166666666666667,12.566666666666666,1.3166666666666669,0.0,0.0,1.0,0.0,52,1,False,8,False,2,Work-focused
8.0,8.766666666666667,1.1666666666666667,0.0,0.0,2.0,0.0,41,1,False,7,False,2,Work-focused
9.433333333333334,0.0,0.5,0.0,4.883333333333334,4.516666666666667,0.0,24,2,True,5,False,1,Social
9.75,0.0,0.5,0.0,2.5,3.0,1.0,22,1,True,8,False,1,Social
7.916666666666667,4.75,1.0,0.0,0.0,4.25,0.0,64,2,False,10,False,2,Work-focused
7.0,9.083333333333334,0.75,0.0,0.0,3.75,0.0,43,1,False,7,False,2,Work-focused
9.0,8.166666666666666,0.75,0.0,0.0,1.0,0.0,37,2,True,8,False,2,Work-focused
9.5,0.0,1.0,0.0,0.0,11.75,0.0,43,2,True,2,False,0,Typical mix
10.0,0.0,0.3333333333333333,0.0,0.0,9.166666666666666,0.0,30,2,True,10,False,0,Typical mix
9.0,0.0,0.5,0.0,3.5,5.25,0.0,56,1,True,6,False,1,Social
5.5,2.0,0.1666666666666666,0.0,0.5,7.55,0.0,80,2,True,10,False,0,Typical mix
7.216666666666667,0.0,2.0,2.75,2.0,2.0,0.0,43,2,True,8,False,3,Active
8.15,8.5,3.75,0.0,0.0,1.5833333333333333,0.0,28,1,False,7,False,2,Work-focused
10.0,0.0,0.8333333333333334,0.0,1.5,0.0,0.0,20,2,False,8,False,0,Typical mix
5.666666666666667,0.0,1.75,0.0,0.0,1.5,0.0,49,1,False,9,False,0,Typical mix
6.0,10.5,0.4166666666666667,5.5,0.0,0.0,0.0,44,2,False,8,False,3,Active
7.966666666666667,11.333333333333334,0.5,0.0,0.0,3.066666666666667,0.0,25,1,False,5,False,2,Work-focused
12.833333333333334,0.0,0.6666666666666666,0.0,0.0,2.0,0.0,77,2,True,2,False,0,Typical mix
8.666666666666666,10.166666666666666,1.0,0.0,0.0,2.5,0.0,34,1,True,5,False,2,Work-focused
7.5,0.0,2.0,0.0,3.3333333333333335,0.0,0.0,53,2,True,10,False,1,Social
8.916666666666666,3.7333333333333334,1.0,0.0,0.0,0.5,2.183333333333333,55,2,False,7,False,4,Computer-leisure
9.25,0.0,1.0,0.0,0.0,4.333333333333333,0.0,80,2,False,9,False,0,Typical mix
11.5,0.0,0.5,0.0,2.3333333333333335,2.0,0.0,26,1,True,5,False,0,Typical mix
8.5,0.0,0.5,1.0,0.0,6.5,0.0,72,1,False,8,False,0,Typical mix
7.0,10.666666666666666,1.3333333333333333,0.0,0.0,0.75,0.0,56,1,False,8,False,2,Work-focused
6.5,0.0,1.1666666666666667,0.0,0.0,5.333333333333333,0.0,70,1,False,10,False,0,Typical mix
12.0,0.0,0.5,0.0,2.066666666666667,6.333333333333333,0.0,58,2,False,7,False,0,Typical mix
6.333333333333333,0.0,0.75,1.75,0.0,0.0,0.0,22,2,False,7,False,0,Typical mix
9.0,0.0,1.0,0.0,5.866666666666666,1.5,0.0,62,2,False,8,False,1,Social
8.0,0.0,1.0,7.0,0.0,3.0,0.0,37,1,True,8,False,3,Active
5.75,9.333333333333334,0.5,0.0,0.0,8.0,0.0,57,1,False,4,False,2,Work-focused
11.0,0.0,0.5833333333333334,0.0,0.0,8.666666666666666,0.0,39,2,True,10,False,0,Typical mix
10.0,0.0,0.5833333333333334,0.75,1.5,3.5,0.0,25,1,False,5,False,0,Typical mix
7.0,4.166666666666667,1.0,0.0,0.5,3.3333333333333335,0.0,44,2,True,6,False,2,Work-focused
6.25,0.0,1.0,0.0,0.0,2.25,0.0,69,2,False,9,False,0,Typical mix
9.5,0.0,1.0,0.0,0.0,1.4166666666666667,1.5,39,1,False,6,False,0,Typical mix
8.0,0.0,0.8333333333333334,0.0,0.0,5.0,0.0,70,1,False,10,False,0,Typical mix
6.0,8.983333333333333,0.25,1.0,0.0,3.816666666666667,0.0,46,1,False,5,False,2,Work-focused
9.833333333333334,0.0,0.0,0.0,0.0,0.0,0.0,33,2,False,7,False,0,Typical mix
7.5,0.0,2.25,2.5,0.25,5.583333333333333,0.0,66,2,False,8,False,3,Active
7.916666666666667,8.25,1.4166666666666667,0.0,1.2166666666666666,1.0,0.0,56,1,False,8,False,2,Work-focused
8.75,7.333333333333333,1.5,0.0,0.0,1.0,0.0,34,1,False,9,False,2,Work-focused
7.5,8.5,0.5833333333333334,0.0,0.0,0.5,0.0,49,2,False,7,False,2,Work-focused
8.0,0.0,0.6666666666666666,1.5,0.0,9.0,2.0,23,2,True,7,False,0,Typical mix
10.416666666666666,0.5,0.5,0.0,0.0,2.75,2.8333333333333335,45,1,True,7,False,4,Computer-leisure
7.316666666666666,0.0,1.6666666666666667,0.0,6.0,2.0,2.0,42,2,False,8,False,1,Social
6.333333333333333,0.0,1.3333333333333333,0.0,0.7,3.5,0.0,70,2,False,0,False,0,Typical mix
8.5,0.0,0.5,0.0,0.0,0.5,0.0,76,2,False,10,False,0,Typical mix
10.05,0.0,0.0,0.0,1.0,2.0,0.0,59,2,False,4,False,0,Typical mix
10.95,11.083333333333334,0.25,0.0,0.0,0.0,0.0,35,1,False,7,False,2,Work-focused
10.0,0.0,1.75,0.0,0.0,5.333333333333333,0.0,29,1,False,8,False,0,Typical mix
11.0,0.0,0.5,0.0,0.0,2.5,2.0,22,1,True,6,False,0,Typical mix
9.5,0.0,0.75,0.0,0.0,0.3333333333333333,0.0,15,2,False,8,False,0,Typical mix
11.0,0.0,3.0,0.0,0.0,8.0,0.0,58,2,False,5,False,0,Typical mix
11.166666666666666,0.0,0.9166666666666666,0.0,0.0,5.9,2.0,43,2,False,10,False,0,Typical mix
8.75,0.0,0.75,0.0,0.0,2.75,2.5,56,2,False,5,False,4,Computer-leisure
10.333333333333334,0.8333333333333334,2.3333333333333335,0.0,1.0,0.0,0.0,33,1,True,7,False,0,Typical mix
7.25,0.0,2.0,0.0,1.5,1.25,0.0,71,1,True,8,False,0,Typical mix
7.5,10.0,0.5,0.5,0.0,3.3666666666666667,0.0,26,1,False,10,False,2,Work-focused
10.0,0.0,0.5,1.5,0.0,3.5,1.5,26,1,True,5,False,0,Typical mix
5.5,6.0,0.5166666666666667,0.0,0.0,5.8,0.55,36,2,False,7,False,2,Work-focused
10.0,0.0,0.5,0.0,2.0,2.5833333333333335,3.0,29,2,True,6,False,4,Computer-leisure
7.666666666666667,7.583333333333333,1.0,0.0,0.0,1.0,0.0,39,2,False,8,False,2,Work-focused
7.75,7.75,1.5,1.0,0.0,2.0833333333333335,0.0,25,2,False,9,False,2,Work-focused
10.416666666666666,0.0,1.0833333333333333,0.0,0.5,7.666666666666667,0.0,29,2,True,9,False,0,Typical mix
7.833333333333333,8.0,1.0,0.0,0.0,0.0,0.0,77,2,True,10,False,2,Work-focused
9.75,0.0,0.3333333333333333,0.0,0.0,6.0,0.0,41,2,True,7,False,0,Typical mix
11.433333333333334,0.0,2.5,0.0,1.0,0.0,0.0,33,2,False,7,False,0,Typical mix
11.0,0.0,0.1666666666666666,0.0,0.0,2.0,0.0,19,2,True,5,False,0,Typical mix
6.0,8.633333333333333,1.0,0.0,0.0,1.4166666666666667,0.0,56,2,False,5,False,2,Work-focused
9.0,4.083333333333333,1.9166666666666667,0.0,1.0,2.75,0.0,80,1,True,10,False,0,Typical mix
10.0,0.0,1.5,0.0,0.0,6.05,0.0,78,1,False,5,False,0,Typical mix
8.833333333333334,8.166666666666666,1.5833333333333333,0.0,0.0,3.5,0.0,45,1,True,7,False,2,Work-focused
8.75,8.75,1.3333333333333333,1.0,0.0,0.0,0.0,33,2,True,8,False,2,Work-focused
12.166666666666666,5.0,0.0833333333333333,0.0,0.25,0.5,0.0,19,1,False,8,False,0,Typical mix
12.366666666666667,0.0,0.75,1.0,0.0,2.0,0.0,77,2,False,10,False,0,Typical mix
7.416666666666667,8.75,0.75,1.0,0.0,1.0,0.0,43,2,False,7,False,2,Work-focused
8.5,12.416666666666666,0.5,0.0,0.0,1.0,0.0,24,1,False,5,False,2,Work-focused
14.0,0.0,1.0,0.0,4.0,1.0,0.1666666666666666,15,2,True,7,False,1,Social
10.0,0.0,2.6666666666666665,0.0,0.5,5.5,0.0,79,1,False,9,False,0,Typical mix
7.5,1.0,1.1666666666666667,0.0,0.0,8.65,0.0,37,1,False,7,False,0,Typical mix
8.5,5.0,1.0,0.0,0.0,2.0833333333333335,1.5,51,1,False,7,False,2,Work-focused
6.0,8.166666666666666,1.75,0.0,0.1666666666666666,1.0,0.0,45,1,False,5,False,2,Work-focused
5.0,0.0,0.8333333333333334,0.0,0.5,0.0,0.0,76,2,False,9,False,0,Typical mix
9.75,0.0,0.3333333333333333,0.0,0.8333333333333334,1.6666666666666667,0.0,43,2,True,6,False,0,Typical mix
10.383333333333333,2.0,0.3333333333333333,0.0,1.0,1.5,0.0,24,2,False,9,False,0,Typical mix
9.0,0.0,0.9166666666666666,0.75,0.0,3.5,0.0,75,2,True,3,False,0,Typical mix
8.0,0.0,0.5,1.0,8.5,0.0,0.0,43,2,False,9,False,1,Social
13.666666666666666,8.616666666666667,0.6666666666666666,0.0,0.0,0.0,0.0,20,1,False,0,False,2,Work-focused
8.0,0.0,0.0,0.0,0.0,12.266666666666667,0.0,50,1,True,9,False,0,Typical mix
9.5,0.0,3.0,0.0,4.0,0.0,0.0,30,1,True,10,False,1,Social
13.483333333333333,0.0,1.8,0.0,0.0,3.0,0.0,63,2,False,7,False,0,Typical mix
8.0,8.516666666666667,0.3333333333333333,0.0,0.0,0.0,0.0,59,2,True,10,False,2,Work-focused
6.666666666666667,0.0,1.5,0.0,2.0,0.0,0.0,41,1,True,10,False,1,Social
7.0,5.916666666666667,1.3333333333333333,1.5833333333333333,0.75,4.833333333333333,0.5,63,1,False,8,False,2,Work-focused
9.5,0.0,0.25,0.0,0.0,9.933333333333334,0.0,28,1,True,10,False,0,Typical mix
10.0,0.0,1.0,0.0,0.9666666666666668,7.0,0.0,41,2,True,9,False,0,Typical mix
11.5,0.0,1.5,0.0,0.0,2.0,0.0,46,2,True,8,False,0,Typical mix
9.166666666666666,0.0,0.5,0.0,0.0,0.25,0.0,35,2,False,5,False,0,Typical mix
8.0,0.0,1.25,0.0,2.0,7.133333333333334,0.0,69,2,False,10,False,0,Typical mix
9.0,0.0,2.0,0.25,0.0,4.0,0.0,85,2,False,9,False,0,Typical mix
10.0,0.0,3.5,0.0,2.25,1.0,2.5,46,1,True,7,False,4,Computer-leisure
10.0,0.0,2.0,0.0,0.0,1.0,0.0,45,2,True,9,False,0,Typical mix
8.25,0.0,2.25,0.0,0.0,1.75,0.0,77,1,False,8,False,0,Typical mix
9.333333333333334,7.416666666666667,1.25,0.0,0.0,3.5,0.0,23,2,False,6,False,2,Work-focused
8.0,5.416666666666667,0.75,0.0,0.1666666666666666,2.3333333333333335,0.0,57,1,False,7,False,2,Work-focused
7.75,0.0,1.25,0.0,3.0,3.0,0.0,50,2,False,8,False,1,Social
7.833333333333333,4.0,0.5,0.5,0.0,0.25,0.0,80,1,True,8,False,2,Work-focused
9.883333333333333,0.0,0.5833333333333334,0.0,1.3333333333333333,0.0,0.0,48,1,True,7,False,0,Typical mix
7.166666666666667,0.0,2.1666666666666665,0.9166666666666666,0.0,2.0,2.0,74,2,False,9,False,0,Typical mix
5.0,0.0,0.25,0.0,1.0,5.85,0.0,52,1,True,7,False,0,Typical mix
11.0,7.333333333333333,0.5,0.0,0.0,1.8333333333333333,0.0,52,2,False,5,False,2,Work-focused
6.1,11.25,0.0,1.75,0.0,0.0,0.0,54,1,False,8,False,2,Work-focused
8.166666666666666,8.25,0.6666666666666666,0.0,0.0,2.0,0.0,43,1,False,5,False,2,Work-focused
9.0,0.0,1.5,0.0,0.0,10.616666666666667,0.0,76,2,True,6,False,0,Typical mix
10.333333333333334,10.25,1.0,0.0,0.0,1.0,0.0,22,1,False,7,False,2,Work-focused
6.5,0.0,0.25,0.25,0.0,14.333333333333334,0.0,69,1,False,8,False,0,Typical mix
7.466666666666667,0.0,1.1666666666666667,0.0,1.0,4.75,2.0,46,2,False,4,False,0,Typical mix
9.216666666666669,3.75,1.0,0.0,0.0,1.5,0.0,68,2,False,10,False,0,Typical mix
6.666666666666667,8.833333333333334,0.5,0.0,1.0,0.0,0.0,40,2,False,8,False,2,Work-focused
11.083333333333334,0.0,5.583333333333333,0.5,0.0,0.0,0.0,36,2,True,5,False,0,Typical mix
9.5,0.0,2.0,1.0,1.0,2.75,0.0,48,2,True,9,False,0,Typical mix
8.0,9.266666666666667,0.3333333333333333,0.0,0.0,0.5,0.0,32,2,False,7,False,2,Work-focused
6.833333333333333,8.5,1.0,0.0,0.6666666666666666,0.0,0.0,54,1,False,5,False,2,Work-focused
8.0,8.0,0.5,0.0,0.0,0.0,0.0,49,2,False,6,False,2,Work-focused
8.416666666666666,0.0,2.4166666666666665,0.0,0.0,5.75,0.3333333333333333,59,2,True,8,False,0,Typical mix
7.5,9.25,0.75,0.0,0.0,0.0,0.0,56,1,True,5,False,2,Work-focused
6.916666666666667,6.933333333333334,0.0,1.5,0.0,0.0,0.0,49,1,False,9,False,2,Work-focused
9.0,0.0,1.25,0.0,1.5,0.0,0.0,78,1,False,8,False,0,Typical mix
9.416666666666666,0.0,0.5,0.0,0.0,0.0,0.0,50,1,False,10,False,0,Typical mix
8.166666666666666,0.0,1.9166666666666667,0.0,4.25,0.1666666666666666,2.3833333333333333,49,1,False,10,False,1,Social
9.083333333333334,0.0,2.9166666666666665,1.0,0.0,2.0,1.0,61,2,True,8,False,0,Typical mix
9.333333333333334,5.0,0.3333333333333333,0.0,1.0,2.0,4.0,16,2,True,7,False,4,Computer-leisure
9.983333333333333,0.0,0.6666666666666666,0.0,0.0,6.65,0.0,64,1,True,10,False,0,Typical mix
7.0,9.5,0.9166666666666666,0.0,0.0,3.5833333333333335,0.0,64,1,False,7,False,2,Work-focused
11.916666666666666,0.0,0.75,0.0,2.5,3.0,0.0,16,1,True,7,False,0,Typical mix
8.5,0.0,1.5,0.0,0.0,0.75,0.0,68,2,False,8,False,0,Typical mix
8.75,0.0,1.0,2.0,0.0,7.5,0.0,57,1,True,5,False,0,Typical mix
3.95,7.483333333333333,0.3333333333333333,0.0,5.366666666666666,2.25,0.0,30,2,False,7,False,1,Social
8.0,9.066666666666666,0.3333333333333333,0.0,0.0,0.5833333333333334,1.75,58,1,True,8,False,2,Work-focused
14.0,0.0,0.0,0.0,0.0,0.0,0.0,39,1,False,5,False,0,Typical mix
9.616666666666667,6.25,0.5,0.0,0.0,2.0,0.0,37,1,False,7,False,2,Work-focused
8.25,8.333333333333334,0.75,0.0,0.0,0.0,0.0,46,2,False,5,False,2,Work-focused
6.5,10.833333333333334,0.7,0.0,0.0,3.183333333333333,0.0,32,1,False,5,False,2,Work-focused
6.5,0.0,1.0,0.0,1.5,0.0,0.0,38,2,False,6,False,0,Typical mix
8.5,0.0,0.1666666666666666,0.0,0.75,1.75,0.0,28,2,True,9,False,0,Typical mix
7.5,7.5,1.75,0.5,0.5,2.5,0.0,57,2,False,9,False,2,Work-focused
10.5,0.0,0.9166666666666666,0.75,1.5833333333333333,3.0,0.0,48,2,True,8,False,0,Typical mix
12.0,0.0,1.75,0.0,0.0,0.0,1.0,20,1,False,5,False,0,Typical mix
8.5,0.0,1.0833333333333333,3.2333333333333334,0.0,3.033333333333333,0.0,32,1,True,7,False,3,Active
12.0,0.0,1.5,0.0,0.0,9.833333333333334,0.0,55,1,True,6,False,0,Typical mix
6.5,8.35,0.5,0.3333333333333333,0.0,2.0,0.1666666666666666,33,2,False,8,False,2,Work-focused
8.5,8.0,1.25,0.0,0.75,0.0,0.0,43,2,False,6,False,2,Work-focused
9.0,7.883333333333334,1.1666666666666667,0.0,0.3,0.0,1.0,31,2,False,5,False,2,Work-focused
7.833333333333333,0.0,0.5,0.0,0.0,5.5,0.0,51,2,False,10,False,0,Typical mix
10.5,0.0,0.3333333333333333,1.0,0.3333333333333333,0.5,0.0,16,1,False,5,False,0,Typical mix
9.3,3.5,1.5,0.0,3.5,2.4166666666666665,0.0,23,2,True,7,False,1,Social
11.75,0.0,1.75,0.0,0.0,0.0,0.0,62,1,False,10,False,0,Typical mix
8.5,0.25,0.9166666666666666,1.5833333333333333,0.0,2.0,0.0,38,2,False,9,False,0,Typical mix
8.133333333333333,9.333333333333334,0.3333333333333333,0.0,2.7333333333333334,0.0,0.0,34,2,False,4,False,2,Work-focused
10.083333333333334,5.0,1.0,0.0,0.0,1.75,0.0,40,2,True,8,False,2,Work-focused
10.25,0.0,1.0,0.0,0.75,3.5,0.0,70,2,True,7,False,0,Typical mix
10.0,0.0,0.4166666666666667,0.0,1.0,4.583333333333333,0.0,63,2,False,7,False,0,Typical mix
13.5,0.0,0.3333333333333333,0.0,0.0,8.666666666666666,0.0,66,2,False,10,False,0,Typical mix
8.5,10.416666666666666,1.3333333333333333,0.0,0.0,1.9166666666666667,0.0,24,1,False,9,False,2,Work-focused
8.0,7.916666666666667,0.5,0.0,0.0,6.25,0.0,46,1,True,1,False,2,Work-focused
9.0,0.0,0.8333333333333334,0.0,0.3333333333333333,3.0,0.8333333333333334,57,2,True,10,False,0,Typical mix
10.25,0.0,0.0,0.0,0.0,12.116666666666667,0.0,58,2,False,5,False,0,Typical mix
8.0,9.666666666666666,2.0,0.0,0.0,2.8333333333333335,0.0,62,1,False,6,False,2,Work-focused
11.0,0.0,2.316666666666667,0.0,2.7333333333333334,3.25,0.0,35,1,False,6,False,1,Social
9.0,0.0,0.0833333333333333,0.0,0.0,2.0,0.0,80,1,True,3,False,0,Typical mix
8.25,0.0,0.25,0.0,0.0,3.6166666666666663,0.0,35,2,False,5,False,0,Typical mix
9.9,0.0,1.5833333333333333,0.0,0.0,5.0,0.0,29,2,True,5,False,0,Typical mix
10.966666666666669,0.0,1.5,0.0,0.0,4.066666666666666,1.0,25,2,True,8,False,0,Typical mix
10.166666666666666,0.0,0.8333333333333334,0.0,0.0,5.083333333333333,0.0,74,2,False,8,False,0,Typical mix
11.083333333333334,0.0,1.75,0.0,0.0,4.5,2.0,59,1,False,8,False,0,Typical mix
10.5,0.0,1.8333333333333333,0.0,0.0,2.5,0.0,37,2,True,8,False,0,Typical mix
10.5,0.0,1.25,0.0,1.0,1.0,2.0,27,2,True,6,False,0,Typical mix
7.75,0.0,4.0,0.0,0.0,3.0,0.0,39,1,True,9,False,0,Typical mix
13.0,0.0,0.5,2.0,0.0,3.5,0.0,18,1,True,5,False,0,Typical mix
10.0,0.0,1.0,0.0,0.0,4.666666666666667,0.0,57,2,True,10,False,0,Typical mix
8.5,8.25,1.3333333333333333,0.0,0.0,3.4166666666666665,0.0,51,2,False,8,False,2,Work-focused
9.0,0.0,0.25,0.0,0.0,4.566666666666666,7.733333333333333,31,1,False,5,False,4,Computer-leisure
7.116666666666666,0.05,0.85,0.0,0.5,1.0,0.0,45,2,False,8,False,0,Typical mix
8.0,0.0,0.25,0.0,0.0,0.0,10.566666666666666,77,1,False,6,False,4,Computer-leisure
8.75,0.0,0.6666666666666666,0.6666666666666666,1.5,8.0,0.0,71,1,True,9,False,0,Typical mix
5.233333333333333,0.0,0.6666666666666666,0.0,0.0,4.25,0.0,57,2,True,2,False,0,Typical mix
8.15,7.416666666666667,0.5,0.0,2.0,2.75,0.0,64,1,False,5,False,2,Work-focused
8.966666666666667,0.0,0.0,0.0,0.0,5.25,0.0,26,1,True,1,False,0,Typical mix
5.116666666666666,6.966666666666667,2.0,0.0,0.0,0.0,0.0,46,2,False,6,False,2,Work-focused
11.5,0.0,2.0,0.0,0.0,1.0,0.0,21,2,True,6,False,0,Typical mix
11.0,0.0,0.8333333333333334,0.0,0.0,2.6666666666666665,0.0,67,2,False,7,False,0,Typical mix
10.5,0.5,2.25,0.0,0.0,2.0,0.0,49,2,False,7,False,0,Typical mix
9.0,0.0,1.1666666666666667,0.0,0.5,7.333333333333333,0.0,43,2,True,7,False,0,Typical mix
6.416666666666667,11.416666666666666,0.6666666666666666,0.0,0.0,0.0,0.0,69,2,False,8,False,2,Work-focused
11.5,0.0,0.75,0.0,0.0,10.1,0.0,55,2,False,8,False,0,Typical mix
5.166666666666667,2.0,1.5,0.0,0.0,5.0,0.0,47,1,True,8,False,0,Typical mix
8.416666666666666,0.0,0.3333333333333333,3.5833333333333335,0.0,3.0,0.0,30,2,True,7,False,3,Active
8.0,0.0,1.0,0.0,0.5,4.5,0.0,68,2,False,8,False,0,Typical mix
10.133333333333333,4.083333333333333,3.15,0.0,0.5,3.4166666666666665,0.0,41,1,True,8,False,0,Typical mix
10.0,0.0,1.5,1.0,0.0,6.0,1.0,66,1,False,5,False,0,Typical mix
9.0,7.5,0.3333333333333333,0.0,0.0,0.0,0.0,59,2,False,7,False,2,Work-focused
11.0,0.0,2.0,0.0,0.0,4.5,0.0,41,1,True,8,False,0,Typical mix
4.083333333333333,8.583333333333334,2.5,0.0,0.5,1.9666666666666663,0.0,37,1,False,7,False,2,Work-focused
13.25,0.0,1.25,0.0,4.166666666666667,0.0,0.0,30,2,True,10,False,1,Social
7.583333333333333,0.0,0.0,0.0,1.0,0.5,0.0,68,2,True,5,False,0,Typical mix
2.95,0.25,0.0833333333333333,0.0,0.0,0.0,0.0,44,2,True,5,False,2,Work-focused
10.5,4.25,0.5,0.0,0.0,1.5,0.0,50,2,True,7,False,0,Typical mix
8.0,8.0,1.5,0.0,0.5,3.2333333333333334,1.0,50,1,False,7,False,2,Work-focused
7.916666666666667,0.0,0.3333333333333333,0.0,0.0,3.2666666666666666,0.0,29,2,False,2,False,0,Typical mix
9.0,5.083333333333333,1.0,0.0,0.0,6.0,0.0,30,1,True,8,False,0,Typical mix
8.5,0.0,0.75,0.0,0.0,3.0,0.0,51,2,False,10,False,0,Typical mix
9.916666666666666,0.0,1.25,1.0,0.0,4.333333333333333,0.0,22,2,True,7,False,0,Typical mix
8.75,9.0,0.9166666666666666,0.0,0.8333333333333334,1.75,0.0,39,2,False,7,False,2,Work-focused
9.5,0.0,1.5,0.0,0.5833333333333334,2.0,2.5,46,1,True,9,False,4,Computer-leisure
12.0,0.0,1.25,2.1666666666666665,0.25,5.116666666666666,0.0,18,1,False,7,False,0,Typical mix
16.466666666666665,0.0,1.5,0.0,0.0,0.0,0.0,19,2,True,8,False,0,Typical mix
12.0,0.0,1.75,0.0,0.0,1.0833333333333333,0.0,67,2,False,8,False,0,Typical mix
9.25,8.333333333333334,0.5,0.0,0.0,3.25,0.0,53,1,False,8,False,2,Work-focused
11.083333333333334,0.0,1.5,0.0,0.0,3.7333333333333334,0.0,24,2,False,8,False,0,Typical mix
7.833333333333333,6.666666666666667,1.0,0.0,0.0,3.0833333333333335,1.0,37,2,False,8,False,2,Work-focused
5.666666666666667,6.066666666666666,0.3333333333333333,0.0,0.0,2.0,0.0,40,2,False,3,False,2,Work-focused
7.0,8.0,3.25,0.0,0.0,2.25,0.0,37,2,False,9,False,2,Work-focused
11.0,0.0,1.6666666666666667,0.0,0.0,4.25,0.0,33,1,False,6,False,0,Typical mix
8.15,9.333333333333334,1.0833333333333333,0.0,0.0,2.0,0.0,34,1,False,8,False,2,Work-focused
10.933333333333334,3.6166666666666663,1.5,0.0,1.3333333333333333,2.3833333333333333,0.0,22,2,True,8,False,0,Typical mix
8.666666666666666,0.0,2.5,0.0,0.0,2.5,0.0,77,2,False,8,False,0,Typical mix
9.5,7.583333333333333,0.8333333333333334,0.0,0.0,0.0,0.0,48,1,False,8,False,2,Work-focused
9.0,0.0,0.75,0.0,5.916666666666667,2.5,0.0,72,2,False,7,False,1,Social
9.5,0.0,0.25,0.0,0.0,5.0,0.0,16,2,True,8,False,0,Typical mix
6.0,9.416666666666666,0.25,0.6666666666666666,0.0,0.5,0.0,44,2,False,7,False,2,Work-focused
5.75,0.0,0.1666666666666666,0.0,0.0,5.216666666666667,1.1666666666666667,54,2,False,8,False,0,Typical mix
12.0,0.0,0.5,0.0,0.0,3.0,0.0,47,1,True,5,False,0,Typical mix
11.75,0.0,3.0,0.0,0.0,3.75,0.0,40,1,True,7,False,0,Typical mix
6.5,0.0,1.0,0.0,1.5,2.75,0.0,54,1,False,8,False,0,Typical mix
9.5,0.0,0.25,0.0,0.0833333333333333,3.4166666666666665,0.0,50,2,False,10,False,0,Typical mix
9.0,0.0,0.9166666666666666,0.5,0.0,3.316666666666667,0.0,79,2,False,9,False,0,Typical mix
10.5,0.0,2.0,0.0,0.0,3.0,0.0,56,2,True,6,False,0,Typical mix
11.5,0.0,0.5,0.0,0.0,0.9166666666666666,0.0,21,1,False,6,False,0,Typical mix
8.25,0.0,0.75,0.0,0.0,4.5,0.0,58,1,False,10,False,0,Typical mix
6.5,0.0,0.0,0.0,0.0,0.0,0.0,32,2,False,5,False,0,Typical mix
5.833333333333333,0.0,0.25,0.0,0.0833333333333333,0.0,0.0,69,2,False,10,False,0,Typical mix
9.0,0.0,0.5,0.0,0.0,0.0,0.0,57,1,False,8,False,0,Typical mix
6.916666666666667,9.666666666666666,0.5833333333333334,0.0,0.0,0.8333333333333334,0.0,42,2,False,8,False,2,Work-focused
10.083333333333334,0.0,0.5833333333333334,0.0,0.0,1.0,0.0,43,2,True,10,False,0,Typical mix
4.5,6.5,7.75,1.0,1.9166666666666667,0.8333333333333334,0.0,22,1,False,7,False,2,Work-focused
7.5,0.0,0.5,0.0,6.0,0.0,0.0,37,2,True,9,False,1,Social
11.0,0.0,0.0,0.0,0.0,7.666666666666667,0.0,79,2,False,10,False,0,Typical mix
6.0,10.666666666666666,1.8333333333333333,0.0,2.0,2.0,0.0,48,1,False,9,False,2,Work-focused
3.8333333333333335,10.166666666666666,1.75,0.0,0.0,4.0,0.5,33,1,False,6,False,2,Work-focused
4.5,9.416666666666666,1.0,0.0,1.2833333333333334,1.4166666666666667,0.0,74,1,False,7,False,2,Work-focused
7.75,15.166666666666666,0.5,0.0,0.0,0.0,0.0,29,1,False,8,False,2,Work-focused
7.0,8.0,1.5,0.0,1.0,2.5,0.0,57,2,False,9,False,2,Work-focused
6.766666666666667,4.75,0.6666666666666666,0.0,0.0,1.0,0.0,39,2,False,8,False,2,Work-focused
10.0,0.0,1.0,0.0,0.0,5.966666666666667,0.0,27,1,True,6,False,0,Typical mix
7.5,0.0,1.8333333333333333,0.75,1.1666666666666667,3.5,0.0,52,2,True,8,False,0,Typical mix
7.166666666666667,0.0,1.5,0.0,0.0,1.5,0.0,40,2,False,7,False,0,Typical mix
8.5,0.0,1.5,0.0,0.0,3.0,0.0,47,2,True,9,False,0,Typical mix
7.5,7.75,1.5,0.0,0.75,1.75,0.0,55,2,False,5,False,2,Work-focused
11.0,0.0,0.5833333333333334,0.0,0.0,0.0,0.0,34,2,True,7,False,0,Typical mix
5.0,0.0,7.666666666666667,0.0,0.0,8.0,0.0,57,2,True,4,False,0,Typical mix
11.5,0.0,1.5,0.0,0.0,1.8333333333333333,0.0,62,2,False,5,False,0,Typical mix
7.5,9.333333333333334,1.0,0.0,0.0,0.0,0.0,48,1,False,7,False,2,Work-focused
11.0,0.0,0.6666666666666666,0.0,0.0,7.433333333333334,0.0,50,1,True,5,False,0,Typical mix
7.0,3.5,1.5,0.0,4.0,0.0,0.0,51,1,True,7,False,1,Social
5.5,1.0,2.3333333333333335,0.0,5.383333333333334,0.0,0.3333333333333333,30,2,False,7,False,1,Social
7.166666666666667,8.166666666666666,1.5,1.0,0.0,3.0,0.0,33,1,False,5,False,2,Work-focused
7.55,7.583333333333333,0.75,0.0,1.5,0.0,0.0,44,2,False,8,False,2,Work-focused
10.0,0.0,0.1666666666666666,0.0,0.0,13.5,0.0,44,2,True,3,False,0,Typical mix
7.5,0.0,1.3333333333333333,0.0,0.5,14.166666666666666,0.0,76,1,False,10,False,0,Typical mix
6.0,0.0,1.3333333333333333,0.0,0.0,0.0,0.0,72,1,True,5,False,0,Typical mix
14.833333333333334,0.0,0.5833333333333334,0.0,0.0,4.916666666666667,0.0,47,2,True,8,False,0,Typical mix
7.366666666666666,7.75,1.1666666666666667,0.0,3.0,0.0,2.0,50,2,False,10,False,2,Work-focused
8.0,9.5,1.0,1.0,0.0,1.0,0.0,53,1,False,7,False,2,Work-focused
12.0,0.0,2.0,0.0,0.0,2.0833333333333335,0.0,80,2,True,10,False,0,Typical mix
8.25,1.6666666666666667,0.75,0.0,0.0,5.0,1.0,35,1,True,8,False,0,Typical mix
12.0,0.0,1.0,0.0,0.0,9.0,0.0,42,2,True,8,False,0,Typical mix
8.5,0.0,1.1666666666666667,0.0,0.0,6.083333333333333,0.0,71,2,False,8,False,0,Typical mix
8.0,0.0,0.0,0.0,7.166666666666667,3.433333333333333,0.0,61,2,True,10,False,1,Social
10.666666666666666,0.0,2.0,0.0,0.0,5.5,0.0,37,2,True,8,False,0,Typical mix
13.5,0.0,2.3333333333333335,0.0,0.5,0.0,0.0,51,1,False,9,False,0,Typical mix
10.5,0.0,2.0,0.0,0.0,4.0,1.5,50,1,True,9,False,0,Typical mix
9.5,0.0,1.0,0.5,2.35,1.0,0.5,20,1,True,5,False,1,Social
7.5,9.833333333333334,0.5,0.0,0.0,1.5,0.0,56,2,True,10,False,2,Work-focused
8.0,0.0,0.25,0.5,0.0,12.916666666666666,0.0,31,1,True,5,False,0,Typical mix
8.0,0.0,1.5,0.0,0.0,1.1666666666666667,0.0,76,2,True,7,False,0,Typical mix
10.0,8.75,1.1666666666666667,0.0,0.0,1.5,0.0,43,2,False,8,False,2,Work-focused
9.75,0.0,1.6666666666666667,0.0,3.0833333333333335,1.75,0.0,85,2,True,6,False,1,Social
5.666666666666667,8.0,1.5,0.0,0.0,2.0,1.0,54,2,False,8,False,2,Work-focused
12.0,0.0,1.0,0.0,3.8333333333333335,3.0,0.0,56,2,True,5,False,1,Social
11.0,0.0,1.5,0.0,1.5833333333333333,0.0,2.25,65,2,True,6,False,4,Computer-leisure
4.166666666666667,0.0,1.25,0.3333333333333333,0.25,1.0,0.0,18,2,True,6,False,0,Typical mix
7.5,0.0,1.1666666666666667,0.0,0.0,1.5,0.0,80,2,False,5,False,0,Typical mix
8.333333333333334,1.0,0.6666666666666666,0.0,0.0,1.0,0.0,40,2,True,7,False,0,Typical mix
5.0,7.5,0.3333333333333333,0.0,0.0,5.283333333333333,0.0,32,1,False,6,False,2,Work-focused
11.0,0.0,0.25,0.0,0.0,0.0,12.75,53,1,True,6,False,4,Computer-leisure
5.733333333333333,0.0,0.5,0.0,0.75,0.0,0.0,35,2,False,8,False,0,Typical mix
9.0,0.0,2.0,0.0,0.0,13.0,0.0,67,1,False,3,False,0,Typical mix
12.0,0.0,1.5,0.0,0.0,7.75,0.0,85,1,False,6,False,0,Typical mix
8.75,4.466666666666667,1.3333333333333333,0.0,0.75,3.7666666666666666,0.0,62,2,False,5,False,0,Typical mix
10.083333333333334,7.5,1.25,0.0,0.0,3.0,0.0,51,2,True,5,False,2,Work-focused
8.5,0.0,1.0,0.0,0.0,1.1666666666666667,0.0,65,1,False,4,False,0,Typical mix
12.083333333333334,7.583333333333333,0.6666666666666666,0.0,0.0,2.3333333333333335,0.0,59,2,False,9,False,2,Work-focused
5.0,8.466666666666667,1.1666666666666667,0.0,0.0,2.4166666666666665,0.0,58,1,False,8,False,2,Work-focused
7.75,9.333333333333334,1.4166666666666667,0.0,0.0,0.8333333333333334,0.0,54,2,False,8,False,2,Work-focused
9.5,0.3333333333333333,0.9166666666666666,0.0,0.8333333333333334,0.6333333333333333,0.0,45,2,True,6,False,0,Typical mix
9.0,5.783333333333333,0.3333333333333333,0.0,0.5,3.0,0.0,43,2,False,10,False,2,Work-focused
10.0,0.0,0.6666666666666666,1.5,0.0,4.583333333333333,0.0,70,2,False,5,False,0,Typical mix
6.283333333333333,0.0,0.75,0.0,0.4166666666666667,6.716666666666667,0.0,68,1,True,9,False,0,Typical mix
10.75,0.0,1.25,0.0,0.75,2.0,0.0,30,1,True,8,False,0,Typical mix
9.5,0.0,1.5,1.25,3.1333333333333333,0.0,0.0,31,2,True,7,False,1,Social
9.0,0.0,1.0833333333333333,0.0,0.0,3.5,0.0,71,2,False,8,False,0,Typical mix
11.5,0.0,0.75,0.0,0.5,4.3,0.0,30,2,True,6,False,0,Typical mix
9.666666666666666,0.0,1.3333333333333333,0.0,0.0,0.0,0.0,67,2,True,7,False,0,Typical mix
9.0,8.0,0.75,1.0,0.0,0.0,0.0,34,2,False,7,False,2,Work-focused
9.0,0.0,1.5,3.0,0.0,5.166666666666667,0.0,34,1,True,7,False,3,Active
7.75,8.916666666666666,1.1666666666666667,1.1666666666666667,0.0,1.9166666666666667,0.0,47,1,False,8,False,2,Work-focused
9.0,0.0,1.0,0.0,0.0,2.5,0.0,34,1,True,8,False,0,Typical mix
10.5,0.0,0.3333333333333333,0.0,3.0,0.0,0.0,60,2,True,9,False,1,Social
12.833333333333334,0.0,1.5,0.0,2.5,2.0,0.0,33,2,True,5,False,0,Typical mix
7.0,12.166666666666666,0.5833333333333334,1.0,0.0,1.0,0.0,61,2,True,10,False,2,Work-focused
8.766666666666667,12.0,0.9166666666666666,0.0,0.0,0.0,0.0,45,1,False,8,False,2,Work-focused
10.5,0.0,1.1666666666666667,1.5,3.8333333333333335,1.5,0.0,22,2,True,5,False,1,Social
7.35,0.0,0.3333333333333333,2.0,0.1666666666666666,1.0,0.0,17,2,False,8,False,0,Typical mix
6.5,0.0,1.5,0.0,0.0,6.916666666666667,0.3333333333333333,42,1,True,6,False,0,Typical mix
9.366666666666667,7.916666666666667,1.75,0.0,0.6666666666666666,1.5,0.0,25,2,False,9,False,2,Work-focused
8.5,12.0,0.5,0.0,0.0,1.0,0.0,36,1,False,6,False,2,Work-focused
10.433333333333334,6.183333333333334,0.9166666666666666,0.0,0.0,0.0,0.0,63,1,False,3,False,2,Work-focused
11.5,0.0,0.5,0.0,0.0,1.6666666666666667,0.0,23,2,False,5,False,0,Typical mix
10.0,8.916666666666666,1.5,0.0,0.0,2.25,0.0,23,1,False,6,False,2,Work-focused
8.366666666666667,2.8333333333333335,0.25,0.0,0.0,1.45,0.0,37,2,False,7,False,0,Typical mix
12.666666666666666,0.0,1.1666666666666667,0.0,0.0,3.0,0.0,38,2,True,10,False,0,Typical mix
9.666666666666666,11.0,1.0833333333333333,0.0,0.0,0.75,0.0,18,1,False,4,False,2,Work-focused
4.5,7.083333333333333,1.0,0.0,0.0,3.4166666666666665,0.0,37,2,False,8,False,2,Work-focused
7.333333333333333,4.333333333333333,1.8333333333333333,0.0,0.0,2.0,0.0,42,2,False,3,False,2,Work-focused
9.0,1.0,0.1666666666666666,0.0,0.0,4.333333333333333,0.0,17,2,True,6,False,0,Typical mix
9.5,5.0,0.3333333333333333,0.0,0.0,2.8833333333333333,0.0,31,2,False,10,False,2,Work-focused
9.166666666666666,0.0,0.5833333333333334,0.0,0.0,3.0,0.0,67,1,False,8,False,0,Typical mix
10.583333333333334,0.0,2.25,0.0,0.0,4.583333333333333,0.0,54,1,False,3,False,0,Typical mix
9.0,0.0,2.9166666666666665,0.0,0.0,9.416666666666666,0.0,44,1,True,7,False,0,Typical mix
8.0,6.416666666666667,0.8333333333333334,0.0,1.0,3.0833333333333335,0.0,29,2,False,9,False,2,Work-focused
7.833333333333333,0.0,0.5,0.0,0.0,0.0,2.0,29,1,True,7,False,0,Typical mix
11.0,7.25,1.0,0.0,0.0,0.0,0.0,25,1,False,7,False,2,Work-focused
8.833333333333334,0.0,3.5,0.0,0.0,5.5,0.0,79,1,True,1,False,0,Typical mix
7.5,0.0,1.75,0.0,0.0,0.0,0.0,40,2,False,8,False,0,Typical mix
9.5,0.0,0.75,0.0,0.0,8.5,0.0,24,2,True,8,False,0,Typical mix
10.0,0.0,1.5,0.0,4.0,2.5,0.0,16,2,True,8,False,1,Social
9.966666666666669,7.966666666666667,0.65,0.0,1.0,1.4166666666666667,0.0,45,1,False,6,False,2,Work-focused
5.5,0.0,0.0833333333333333,0.0,0.0,4.916666666666667,0.0,44,1,True,6,False,0,Typical mix
7.5,8.916666666666666,1.25,0.0,0.0,4.5,0.0,24,2,False,4,False,2,Work-focused
7.666666666666667,12.916666666666666,1.25,0.0,0.0,0.0,0.0,58,2,False,8,False,2,Work-focused
9.333333333333334,0.0,1.0,0.0,0.0,1.75,0.0,29,1,True,8,False,0,Typical mix
10.166666666666666,0.0,1.5,0.0,0.0,2.5,2.0,69,2,False,8,False,0,Typical mix
8.0,9.5,0.5,0.0,0.75,0.0,0.0,45,2,False,9,False,2,Work-focused
10.166666666666666,0.0,1.3333333333333333,0.0,4.0,0.0,0.0,16,2,True,8,False,1,Social
10.5,1.5,1.0,0.0,0.0,5.583333333333333,0.0,43,2,True,10,False,0,Typical mix
6.0,9.083333333333334,0.8333333333333334,0.0,0.25,1.3333333333333333,0.0,50,1,False,7,False,2,Work-focused
7.5,6.666666666666667,1.0,0.0,0.0,1.25,0.0,58,2,False,9,False,2,Work-focused
8.25,9.666666666666666,0.3333333333333333,0.0,1.9166666666666667,1.6666666666666667,0.0,62,2,False,7,False,2,Work-focused
9.75,0.0,3.0,0.0,0.0,1.5,0.0,71,2,True,7,False,0,Typical mix
11.0,9.666666666666666,0.0,0.0,0.0,2.8333333333333335,0.0,46,2,True,10,False,2,Work-focused
8.0,7.0,1.5,0.0,0.0,3.0,0.0,60,2,False,8,False,2,Work-focused
9.5,0.0,1.1666666666666667,0.0,0.0,4.883333333333334,0.0,76,2,True,4,False,0,Typical mix
8.0,1.5,1.5,0.5,0.5,1.0,0.0,53,2,True,8,False,0,Typical mix
13.666666666666666,4.666666666666667,1.0,0.0,0.0,2.0,0.0,57,1,True,6,False,0,Typical mix
10.083333333333334,0.0,0.6666666666666666,0.0,0.0,1.0,0.0,18,1,True,9,False,0,Typical mix
3.5,9.666666666666666,1.6666666666666667,0.0,0.0,5.75,0.0,24,1,False,8,False,2,Work-focused
7.666666666666667,9.833333333333334,1.0,0.0,0.0,0.0,0.0,49,2,True,5,False,2,Work-focused
7.5,9.5,0.1666666666666666,0.0,2.8333333333333335,1.1666666666666667,0.0,36,1,False,8,False,2,Work-focused
8.5,6.5,1.25,0.0,0.1666666666666666,3.3,0.0,50,2,True,8,False,2,Work-focused
8.0,0.0,0.1666666666666666,0.0,0.0,5.5,0.0,78,2,True,8,False,0,Typical mix
9.5,0.0,1.0,0.0,0.0,7.0,0.0,57,1,True,10,False,0,Typical mix
9.983333333333333,0.0,0.75,0.0,0.0,1.0,0.0,74,2,False,8,False,0,Typical mix
9.5,0.0,0.0833333333333333,0.0,0.0,0.0,0.0,51,1,False,5,False,0,Typical mix
8.116666666666667,5.3,0.5,1.0,0.0,2.75,0.0,57,2,False,8,False,2,Work-focused
6.5,0.0,1.9166666666666667,0.0,0.0,3.0,1.5,65,2,True,7,False,0,Typical mix
4.333333333333333,9.466666666666669,0.0,0.0,0.0,0.0,0.0,35,1,False,7,False,2,Work-focused
7.7,7.9,0.5666666666666667,0.0,0.0,0.0,2.0,26,1,False,9,False,2,Work-focused
8.083333333333334,8.45,0.5,1.0,0.3333333333333333,1.75,0.0,54,1,False,8,False,2,Work-focused
10.7,0.0,0.05,0.0,1.5,5.0,0.0,48,1,True,5,False,0,Typical mix
13.833333333333334,0.0,0.9166666666666666,0.0,0.0,0.0,2.5,80,2,True,8,False,4,Computer-leisure
8.5,8.5,1.0833333333333333,0.0,0.0,2.9166666666666665,0.0,49,1,False,8,False,2,Work-focused
10.5,0.0,0.3333333333333333,0.0,2.5833333333333335,3.8333333333333335,0.0,65,2,True,5,False,1,Social
11.0,5.75,1.3333333333333333,0.0,0.0,2.3333333333333335,0.0,36,2,True,8,False,0,Typical mix
7.166666666666667,11.833333333333334,0.9166666666666666,0.0,0.0,1.3166666666666669,0.0,27,2,False,7,False,2,Work-focused
9.0,0.0,0.6666666666666666,0.0,0.0,0.0,0.5833333333333334,36,2,True,5,False,0,Typical mix
8.0,0.0,0.9166666666666666,1.1166666666666667,0.0,1.4166666666666667,0.0,68,2,True,8,False,0,Typical mix
8.75,0.0,1.0,0.0,0.5,4.5,0.0,41,1,False,7,False,0,Typical mix
9.1,6.75,1.6666666666666667,0.0,0.0,0.0,0.0,40,2,False,4,False,2,Work-focused
10.0,0.0,0.6666666666666666,0.0,0.0,13.333333333333334,0.0,69,2,False,10,False,0,Typical mix
10.0,0.0,1.0,0.0,0.0,10.5,0.0,47,1,False,1,False,0,Typical mix
13.5,0.0,1.25,0.0,0.0,5.5,1.0,57,2,False,5,False,0,Typical mix
9.5,10.433333333333334,0.5,0.0,0.0,2.433333333333333,0.0,44,1,True,7,False,2,Work-focused
9.916666666666666,0.0,1.1666666666666667,0.0,0.0,2.0,0.0,66,1,False,6,False,0,Typical mix
7.416666666666667,0.0,1.3333333333333333,1.0,0.0,1.3166666666666669,0.0,46,2,False,10,False,0,Typical mix
9.666666666666666,0.0,0.25,1.0,0.0,0.0,0.0,25,2,False,8,False,0,Typical mix
10.0,0.5,1.05,0.5,0.0,0.75,0.0,19,1,False,8,False,0,Typical mix
6.5,0.0,1.0833333333333333,0.0,0.0,0.0,0.0,63,1,True,8,False,0,Typical mix
10.75,0.0,0.75,0.0,3.75,0.0,0.75,36,2,True,9,False,1,Social
11.25,0.0,2.0,0.0,0.0,1.0,1.0,20,1,False,5,False,0,Typical mix
7.683333333333334,7.55,0.8333333333333334,0.0,0.0,0.0,0.0,53,2,False,5,False,2,Work-focused
10.5,0.0,0.3333333333333333,0.0,0.0,4.166666666666667,0.0,25,2,False,5,False,0,Typical mix
6.833333333333333,7.5,0.8333333333333334,0.0,0.0,2.0833333333333335,0.3333333333333333,35,2,False,7,False,2,Work-focused
8.75,0.0,1.0,0.0,0.0,9.2,0.0,33,2,True,4,False,0,Typical mix
11.416666666666666,0.0,2.0,0.0,0.0,0.0,0.0,22,1,True,6,False,0,Typical mix
10.0,0.0,0.6666666666666666,0.0,0.0,7.066666666666666,1.25,39,2,True,7,False,0,Typical mix
6.583333333333333,0.0,0.75,0.0,0.1666666666666666,4.383333333333334,2.0,80,1,True,7,False,0,Typical mix
3.0,0.0,0.0,0.0,1.0,18.75,0.0,43,2,False,6,False,0,Typical mix
8.0,9.983333333333333,1.0,0.0,1.25,0.0,0.0,27,2,False,5,False,2,Work-focused
8.833333333333334,0.0,2.716666666666667,0.0,0.0,0.0,4.0,69,2,True,9,False,4,Computer-leisure
9.25,0.0,2.0,0.0,0.0,0.75,0.0,75,2,True,8,False,0,Typical mix
6.0,5.0,2.5833333333333335,0.0,0.5,7.75,0.0,32,1,True,8,False,0,Typical mix
8.966666666666667,9.0,0.5,0.0,0.0,0.5,0.0,45,1,False,7,False,2,Work-focused
9.0,0.0,0.5,0.0,0.0,3.6666666666666665,0.0,52,2,False,10,False,0,Typical mix
8.5,0.0,1.3333333333333333,0.0,0.0,2.1666666666666665,0.0,64,1,False,5,False,0,Typical mix
9.0,0.0,0.6666666666666666,0.0,1.0,8.666666666666666,0.0,58,2,True,6,False,0,Typical mix
6.666666666666667,0.0,2.25,0.0,3.25,1.8333333333333333,0.0,67,1,False,5,False,1,Social
8.75,0.0,1.5,0.0,0.0,10.4,0.0,71,2,True,9,False,0,Typical mix
8.633333333333333,0.0,0.25,0.0,5.383333333333334,0.0,0.0,66,2,True,10,False,1,Social
15.0,0.0,2.0,0.0,0.0,4.0,0.0,35,1,True,3,False,0,Typical mix
7.0,0.0,0.6666666666666666,0.0,0.0,11.5,0.0,65,2,True,5,False,0,Typical mix
11.0,0.0,0.5,0.0,0.0,3.0,0.0,20,1,False,8,False,0,Typical mix
9.0,0.0,0.4166666666666667,0.0,0.0,7.166666666666667,0.0,74,1,False,10,False,0,Typical mix
9.5,0.0,1.75,0.25,0.0,2.75,0.0,78,2,False,9,False,0,Typical mix
7.166666666666667,7.366666666666666,1.1666666666666667,0.0,0.0,2.0,0.0,31,2,False,8,False,2,Work-focused
7.766666666666667,8.0,0.85,0.0,0.0,0.0,0.0,37,1,False,2,False,2,Work-focused
7.416666666666667,0.0,0.5,0.0,1.0,2.0,1.5,63,2,True,8,False,0,Typical mix
4.716666666666667,8.333333333333334,1.1666666666666667,0.0,3.5,0.0,0.0,57,1,False,9,False,2,Work-focused
7.5,7.083333333333333,0.5833333333333334,0.0,0.0,2.0,0.0,28,2,False,6,False,2,Work-focused
10.466666666666669,0.0,1.4166666666666667,0.0,1.0,3.1666666666666665,0.0,58,2,True,10,False,0,Typical mix
7.166666666666667,7.5,0.25,0.0,2.3333333333333335,0.5,2.1666666666666665,59,1,False,6,False,2,Work-focused
8.416666666666666,7.366666666666666,0.8333333333333334,0.0,0.0,2.0,0.0,42,2,False,7,False,2,Work-focused
10.0,0.0,0.6666666666666666,1.25,0.0,0.0,0.75,69,1,True,8,False,0,Typical mix
9.5,8.5,0.5,0.0,0.0,4.166666666666667,0.0,56,2,False,7,False,2,Work-focused
9.0,0.0,0.6666666666666666,0.0,0.0,5.333333333333333,0.0,58,1,True,8,False,0,Typical mix
11.5,0.0,0.5833333333333334,0.0,0.75,4.083333333333333,3.0,35,2,True,5,False,4,Computer-leisure
7.25,0.0,0.6666666666666666,1.5,0.0,3.25,0.0,80,2,False,9,False,0,Typical mix
6.0,16.583333333333332,0.6666666666666666,0.0,0.0,0.0,0.0,69,1,False,8,False,2,Work-focused
9.416666666666666,0.4166666666666667,1.75,0.0,1.5,0.0,0.0,35,2,True,8,False,0,Typical mix
9.916666666666666,3.5,1.0,0.0,0.0,4.5,0.0,66,2,True,9,False,0,Typical mix
8.75,0.0,2.5,0.0,0.0,2.3333333333333335,0.0,56,1,False,4,False,0,Typical mix
5.0,10.333333333333334,1.9166666666666667,0.0,0.0,3.25,0.0,46,2,False,7,False,2,Work-focused
12.416666666666666,0.0,1.0,0.0,0.6666666666666666,1.25,0.0,50,2,False,8,False,0,Typical mix
11.25,0.0,0.9166666666666666,0.0,0.0,6.0,0.0,75,1,True,7,False,0,Typical mix
6.0,0.0,0.4166666666666667,0.0,3.466666666666667,6.5,0.0,70,1,True,6,False,1,Social
10.75,0.0,1.5,0.5833333333333334,0.0,0.75,0.5,70,1,False,5,False,0,Typical mix
9.5,0.0,0.8333333333333334,0.0,0.0,4.0,2.3333333333333335,32,1,True,5,False,4,Computer-leisure
8.5,0.0,1.5,1.0,0.5,3.3333333333333335,0.0,39,2,True,7,False,0,Typical mix
8.0,0.0,1.1666666666666667,1.5,0.0,2.0,0.0,24,1,False,7,False,0,Typical mix
9.0,0.0,0.5,0.0,0.0,2.0,0.0,55,2,True,7,False,0,Typical mix
8.583333333333334,0.0,0.5,0.0,0.0,5.0,0.0,42,1,True,8,False,0,Typical mix
9.5,0.0,1.0,0.0,0.0,3.0,0.0,78,2,True,8,False,0,Typical mix
8.75,0.0,0.6666666666666666,1.6833333333333331,0.0,0.0,0.0,31,2,False,5,False,0,Typical mix
12.0,0.0,0.5,0.0,0.0,5.5,0.0,25,1,True,4,False,0,Typical mix
7.5,9.25,0.25,0.0,0.0,1.0,0.0,61,2,False,5,False,2,Work-focused
8.0,0.0,2.0,4.5,0.0,9.5,0.0,70,1,True,10,False,3,Active
9.5,8.533333333333333,0.4166666666666667,0.0,0.0,0.0,0.0,33,2,False,6,False,2,Work-focused
7.75,6.533333333333333,1.75,0.0,0.0,3.533333333333333,0.0,57,2,False,2,False,2,Work-focused
10.75,10.75,0.5,0.0,0.0,0.0,0.0,50,1,False,6,False,2,Work-focused
8.55,0.0,0.5,0.0,1.6666666666666667,1.0,1.5,40,2,False,7,False,0,Typical mix
7.0,8.0,1.3666666666666667,0.1666666666666666,0.0833333333333333,0.6666666666666666,0.0,51,2,False,8,False,2,Work-focused
9.833333333333334,1.5,2.0,0.0,0.0,3.6666666666666665,0.0,41,1,True,8,False,0,Typical mix
10.5,0.0,1.6666666666666667,1.0,0.0,5.833333333333333,0.0,80,1,False,5,False,0,Typical mix
6.916666666666667,8.25,1.5833333333333333,0.0,0.0,3.0,0.0,36,1,False,8,False,2,Work-focused
8.55,0.75,1.3333333333333333,0.0,0.8333333333333334,0.0,0.25,43,1,True,7,False,0,Typical mix
10.0,0.0,3.0,0.0,0.0,4.0,1.5,44,1,True,8,False,0,Typical mix
7.5,0.0,3.0,0.0,2.25,0.0,1.5,37,1,True,7,False,1,Social
10.25,0.0,0.8333333333333334,0.0,0.0,0.75,0.5,30,2,False,5,False,0,Typical mix
8.566666666666666,12.916666666666666,0.5,0.5,0.0,0.0,0.0,29,2,False,8,False,2,Work-focused
8.5,11.25,0.75,0.0,0.0,1.4166666666666667,0.0,48,1,False,5,False,2,Work-focused
8.0,0.0,3.1666666666666665,0.0,0.75,0.5,0.0,33,2,True,10,False,0,Typical mix
2.75,0.0,1.3333333333333333,0.0,0.0,7.416666666666667,0.0,65,1,False,8,False,0,Typical mix
9.0,0.0,0.5,0.0,0.0,7.5,1.8333333333333333,64,2,False,9,False,0,Typical mix
13.166666666666666,0.0,1.0,1.3333333333333333,0.0,6.0,0.0,30,2,True,6,False,0,Typical mix
9.666666666666666,0.0,1.0,0.0,0.0,2.5,1.0,65,1,True,10,False,0,Typical mix
7.75,10.5,0.5,0.0,0.4166666666666667,1.8333333333333333,0.0,59,1,False,9,False,2,Work-focused
7.25,7.166666666666667,0.3,0.0,0.0,2.75,0.0,21,1,False,8,False,2,Work-focused
9.0,0.0,0.5,0.0,0.0333333333333333,5.3,0.0,76,1,True,10,False,0,Typical mix
10.5,0.0,0.75,0.0,0.75,2.783333333333333,0.0,65,2,True,8,False,0,Typical mix
13.5,0.0,1.0,0.0,0.0,1.8333333333333333,0.0,64,1,False,8,False,0,Typical mix
9.0,0.0,0.5833333333333334,0.0,0.0,3.5,0.0,77,2,False,3,False,0,Typical mix
8.75,0.0,1.75,1.4166666666666667,0.0,7.366666666666666,0.0,31,1,True,6,False,0,Typical mix
8.75,7.566666666666666,0.6666666666666666,0.0,0.0,2.0,0.0,32,2,False,5,False,2,Work-focused
7.916666666666667,7.4,1.3333333333333333,0.0,0.1666666666666666,3.4166666666666665,0.0,35,2,False,5,False,2,Work-focused
10.0,0.0,0.8333333333333334,0.0,0.4166666666666667,3.3333333333333335,0.5,53,2,True,7,False,0,Typical mix
10.5,0.0,0.25,0.0,0.25,4.816666666666666,1.0,62,2,False,9,False,0,Typical mix
0.5,3.0,0.5,2.0,6.966666666666667,1.0,0.75,24,1,True,7,False,1,Social
10.35,3.75,4.75,0.0,0.5,1.75,0.0,71,1,True,10,False,0,Typical mix
10.083333333333334,0.0,0.75,0.5,0.4833333333333333,4.0,0.25,37,2,False,10,False,0,Typical mix
7.333333333333333,9.566666666666666,0.2,0.0,0.3333333333333333,3.716666666666667,0.0,80,1,False,10,False,2,Work-focused
11.583333333333334,0.0,1.25,1.0,1.0,0.0,0.75,59,1,False,9,False,0,Typical mix
11.0,0.0,1.0,0.0,0.0,1.0,0.0,79,2,False,5,False,0,Typical mix
8.05,0.0,1.1666666666666667,1.0,0.25,0.5,0.0,16,1,False,8,False,0,Typical mix
7.0,8.416666666666666,0.8333333333333334,0.0,0.0,3.1666666666666665,0.0,52,2,False,10,False,2,Work-focused
8.5,9.966666666666669,0.5,1.25,0.0,1.6333333333333333,0.0,33,1,False,10,False,2,Work-focused
9.0,0.0,1.9166666666666667,0.0,0.0166666666666666,0.25,0.25,68,1,False,9,False,0,Typical mix
7.0,0.0,4.25,0.0,0.0,1.0,0.0,69,1,False,8,False,0,Typical mix
6.583333333333333,7.883333333333334,1.1666666666666667,0.0,0.0,4.966666666666667,0.0,34,2,False,6,False,2,Work-focused
5.55,8.233333333333333,1.8333333333333333,0.0,0.3333333333333333,0.5,0.0,39,2,False,7,False,2,Work-focused
15.416666666666666,0.0,0.4166666666666667,0.0,0.0,5.0,0.0,19,2,False,9,False,0,Typical mix
8.166666666666666,8.583333333333334,0.5833333333333334,0.0,0.0,1.5,0.0,59,2,False,9,False,2,Work-focused
13.166666666666666,8.25,0.6666666666666666,0.0,0.0,0.3333333333333333,0.0,45,2,False,7,False,2,Work-focused
10.0,0.0,0.6666666666666666,1.5,0.0,9.833333333333334,0.0,57,1,False,8,False,0,Typical mix
6.833333333333333,2.0,1.0,0.0,0.0,3.9166666666666665,0.0,34,1,True,5,False,0,Typical mix
11.5,0.0,0.75,0.0,0.0,5.5,1.5,52,1,False,7,False,0,Typical mix
6.416666666666667,8.666666666666666,1.4166666666666667,0.0,0.0,0.3333333333333333,0.0,40,1,False,6,False,2,Work-focused
10.0,0.0,0.75,0.0,0.0,3.25,0.0,36,1,True,6,False,0,Typical mix
6.5,0.0,0.75,0.0,2.25,6.516666666666667,0.0,45,2,True,5,False,0,Typical mix
10.0,6.0,1.25,0.0,0.0,4.25,0.0,61,1,False,6,False,0,Typical mix
7.5,6.466666666666667,0.1,0.0,0.25,6.35,0.0,54,2,False,8,False,2,Work-focused
13.0,0.0,1.0,0.0,0.0,3.1666666666666665,0.0,30,2,True,10,False,0,Typical mix
20.083333333333332,0.0,0.3333333333333333,0.0,0.0,0.0,0.0,30,2,True,6,False,0,Typical mix
3.75,8.25,1.25,0.0,0.75,0.5,0.0,24,1,True,8,False,2,Work-focused
10.0,0.0,0.5,0.0,0.0,1.0,0.0,80,2,False,4,False,0,Typical mix
11.033333333333331,0.0,1.5833333333333333,0.0,1.1333333333333333,3.1666666666666665,0.0,66,2,True,10,False,0,Typical mix
7.0,0.0,0.0,0.0,7.0,0.0,0.0,19,2,True,6,False,1,Social
7.25,6.666666666666667,0.75,1.0,0.0,2.75,0.0,40,2,True,7,False,2,Work-focused
8.066666666666666,9.666666666666666,0.25,0.25,1.0,1.5,0.25,43,1,False,7,False,2,Work-focused
9.0,0.0,0.4166666666666667,0.0,0.0,5.133333333333334,0.0,50,1,False,8,False,0,Typical mix
5.333333333333333,0.0,0.0,0.0,0.0,13.416666666666666,0.0,48,2,True,7,False,0,Typical mix
7.083333333333333,0.0,0.5,0.0,0.0,0.0,0.0,46,2,False,8,False,0,Typical mix
6.583333333333333,11.35,0.75,0.0,0.0,0.0,0.0,39,2,False,5,False,2,Work-focused
9.5,0.0,1.75,0.0,0.0,5.25,0.0,50,2,True,5,False,0,Typical mix
6.666666666666667,0.0,0.3333333333333333,0.0,0.0,15.75,0.0,48,1,False,7,False,0,Typical mix
5.733333333333333,0.0,1.0,0.0,1.5,8.5,0.0,85,1,True,10,False,0,Typical mix
10.0,0.0,0.3333333333333333,0.0,0.0,8.433333333333334,1.0,41,2,False,3,False,0,Typical mix
9.0,0.0,1.75,0.0,0.0,2.6666666666666665,0.0,41,2,True,3,False,0,Typical mix
6.5,6.25,0.5,0.0,0.0,7.483333333333333,0.5,59,2,False,8,False,2,Work-focused
13.0,0.0,0.5,0.0,0.0,1.0,0.0,35,2,True,3,False,0,Typical mix
10.0,0.0,0.3333333333333333,0.3333333333333333,0.0,1.5,0.0,47,2,False,9,False,0,Typical mix
9.466666666666669,0.0,0.5,0.0,0.0,8.3,0.0,73,2,False,10,False,0,Typical mix
10.0,0.0,3.1666666666666665,0.0,0.0,2.0833333333333335,0.0,25,1,True,10,False,0,Typical mix
12.516666666666667,0.0,0.3333333333333333,0.0,1.0,10.15,0.0,62,2,True,5,False,0,Typical mix
5.55,0.0,1.9166666666666667,0.0,3.3333333333333335,1.75,0.25,27,2,True,10,False,1,Social
3.3333333333333335,0.0,2.75,4.0,2.5,3.0,0.0,50,1,True,9,False,3,Active
10.083333333333334,3.5,1.0833333333333333,0.0,0.75,1.0,0.0,73,1,False,9,False,0,Typical mix
8.5,0.0,1.5,0.5,1.0,8.833333333333334,0.0,60,2,True,5,False,0,Typical mix
14.0,0.0,0.1666666666666666,0.0,0.0,9.833333333333334,0.0,32,1,True,10,False,0,Typical mix
7.05,0.0,2.466666666666667,0.0,0.8333333333333334,2.8333333333333335,0.0,64,2,False,10,False,0,Typical mix
8.0,0.0,0.5,0.0,0.0,9.683333333333334,0.0,36,1,False,7,False,0,Typical mix
6.0,0.0,2.5,0.0,0.0,9.083333333333334,0.0,33,1,True,6,False,0,Typical mix
9.666666666666666,0.0,2.0,0.9166666666666666,0.0,6.0,0.0,31,2,True,6,False,0,Typical mix
4.25,0.0,0.75,0.0,0.0,0.0,0.0,52,1,True,7,False,2,Work-focused
7.0,0.0,1.0,0.0,1.9166666666666667,0.2,0.5,36,2,False,8,False,1,Social
10.5,0.0,1.0,0.0,0.0,3.25,0.0,54,2,True,6,False,0,Typical mix
8.0,8.583333333333334,0.3333333333333333,0.0,0.0,3.2333333333333334,0.0,30,2,False,8,False,2,Work-focused
8.0,5.716666666666667,1.0,0.0,0.0,0.0,0.0,36,2,False,7,False,2,Work-focused
7.75,7.583333333333333,2.1666666666666665,0.0,0.8333333333333334,2.0,0.0,31,1,True,9,False,2,Work-focused
9.0,0.0,0.8333333333333334,0.0,0.0,1.0,0.0,47,1,False,10,False,0,Typical mix
10.5,0.0,0.5,0.0,0.0,3.0,0.0,80,2,True,7,False,0,Typical mix
7.0,0.0,1.5,0.0,0.0,2.0,0.0,32,2,True,8,False,0,Typical mix
6.0,7.75,0.6666666666666666,1.0,1.7166666666666666,1.5,0.75,36,1,False,8,False,2,Work-focused
6.5,6.833333333333333,1.3333333333333333,0.0,1.75,0.0,0.0,59,1,False,3,False,2,Work-focused
10.0,2.0,1.5833333333333333,0.0,0.0,4.25,0.0,42,1,True,7,False,0,Typical mix
7.416666666666667,8.25,0.75,0.0,1.5,0.5,0.0,35,2,True,7,False,2,Work-focused
7.0,7.816666666666666,0.6666666666666666,0.0,0.0,4.833333333333333,0.0,42,1,False,5,False,2,Work-focused
6.25,0.0,0.3333333333333333,0.0,0.0,14.75,0.0,51,2,False,5,False,0,Typical mix
8.5,5.75,0.75,0.0,0.0,2.1666666666666665,0.0,60,2,False,8,False,2,Work-focused
7.166666666666667,11.5,0.3333333333333333,0.0,0.0,1.1666666666666667,0.0,39,2,False,5,False,2,Work-focused
8.833333333333334,0.0,0.5833333333333334,0.0,0.3333333333333333,3.066666666666667,0.1666666666666666,70,1,True,8,False,0,Typical mix
13.5,0.0,1.5833333333333333,0.5,0.0,6.166666666666667,0.0,69,2,True,10,False,0,Typical mix
9.0,0.0,2.5,1.0,1.5,2.0833333333333335,0.0,76,2,False,6,False,0,Typical mix
8.833333333333334,2.0,2.0,0.0,0.0,0.0,0.0,40,2,False,10,False,0,Typical mix
10.0,0.0,1.0,0.0,0.0,10.666666666666666,0.0,37,1,True,10,False,0,Typical mix
9.916666666666666,0.0,1.0,1.0,0.0,3.8333333333333335,0.0,32,1,True,9,False,0,Typical mix
7.0,0.0,0.5166666666666667,0.0,0.0,7.333333333333333,1.0,52,2,False,8,False,0,Typical mix
6.5,0.0,0.4166666666666667,0.0,0.0,3.5,0.0,36,2,True,8,False,0,Typical mix
5.833333333333333,11.3,1.6666666666666667,0.0,1.75,0.0,0.0,41,1,False,6,False,2,Work-focused
8.0,3.75,0.5,0.0,1.0,5.5,0.0,54,1,False,8,False,0,Typical mix
9.416666666666666,0.0,0.5,0.0,0.0,1.5,0.0,54,2,True,6,False,0,Typical mix
7.0,0.0,0.5,0.0,0.75,11.016666666666667,0.0,71,1,False,10,False,0,Typical mix
7.0,0.0,0.8333333333333334,0.0,0.0,4.666666666666667,0.5,66,2,True,8,False,0,Typical mix
8.0,1.5,0.5,0.0,7.0,0.0,0.0,69,2,True,7,False,1,Social
10.0,5.916666666666667,0.75,0.0,0.0,6.166666666666667,0.0,56,2,False,6,False,0,Typical mix
10.5,0.0,1.05,2.3333333333333335,0.75,7.033333333333333,0.0,36,1,False,6,False,0,Typical mix
13.066666666666666,0.0,0.3333333333333333,0.0,3.0,2.5,0.0,26,1,True,9,False,1,Social
10.0,0.0,0.25,0.0,0.0,9.483333333333333,0.0,34,1,False,5,False,0,Typical mix
7.5,0.0,0.25,0.0,0.0,9.5,0.0,61,2,True,3,False,0,Typical mix
7.0,7.666666666666667,1.25,0.0,0.0,1.25,0.0,60,1,False,9,False,2,Work-focused
9.916666666666666,0.0,2.5,0.0,1.0,1.0,0.0,25,2,True,10,False,0,Typical mix
9.5,0.0,2.0,0.0,1.0,0.0,0.0,53,2,True,7,False,0,Typical mix
7.5,10.166666666666666,0.5,0.0,3.0,1.0,0.0,42,1,False,7,False,2,Work-focused
7.0,0.0,3.5,0.0,0.0,1.9666666666666663,0.0,62,1,True,0,False,0,Typical mix
8.5,0.0,1.0,0.0,0.0,0.0,0.0,60,2,True,3,False,0,Typical mix
6.0,10.083333333333334,0.75,0.0,0.0833333333333333,0.0,0.0,47,1,False,6,False,2,Work-focused
6.75,0.0,1.0,0.0,0.4333333333333333,0.4166666666666667,0.0,24,2,False,8,False,0,Typical mix
8.0,8.25,1.25,0.75,0.0,0.6666666666666666,0.0,33,1,False,7,False,2,Work-focused
13.0,0.0,1.5,1.5,0.0,3.3333333333333335,0.0,16,1,False,8,False,0,Typical mix
9.0,7.583333333333333,0.1666666666666666,0.0,0.0,2.3333333333333335,0.0,63,2,False,5,False,2,Work-focused
7.5,0.0,0.3333333333333333,0.0,1.5,9.166666666666666,0.0,44,2,True,7,False,0,Typical mix
9.5,0.0,1.5,0.0,0.5833333333333334,1.25,2.0,80,2,True,8,False,0,Typical mix
7.75,0.0,1.5,0.0,0.0,8.5,0.5,70,1,True,7,False,0,Typical mix
10.5,4.2,0.75,0.0,0.8333333333333334,4.083333333333333,0.0,63,2,True,8,False,0,Typical mix
7.0,0.0,0.0,0.0,0.5,1.5,0.0,17,2,True,10,False,0,Typical mix
8.083333333333334,0.0,0.75,0.0,0.0,1.3333333333333333,0.0,63,2,False,9,False,0,Typical mix
11.0,8.0,0.5,0.0,0.0,0.0,0.0,48,2,False,10,False,2,Work-focused
10.5,0.0,0.25,0.0,0.0,8.75,0.0,42,1,False,4,False,0,Typical mix
9.5,0.0,1.0,0.0,0.0,5.166666666666667,0.0,67,1,True,6,False,0,Typical mix
7.0,0.0,2.0,0.0,0.5833333333333334,0.0,0.0,16,1,False,7,False,0,Typical mix
10.3,0.0,1.25,0.0,1.5,3.3333333333333335,0.0,61,2,True,7,False,0,Typical mix
9.0,0.0,0.75,0.0,0.0,9.666666666666666,0.0,53,2,True,10,False,0,Typical mix
9.0,0.0,0.5,0.0,0.0,6.0,0.0,55,1,True,7,False,0,Typical mix
10.0,0.0,2.0,0.0,0.0,6.166666666666667,0.4166666666666667,80,1,False,8,False,0,Typical mix
7.333333333333333,0.3333333333333333,2.0,0.0,4.366666666666666,0.0,0.9166666666666666,33,2,True,4,False,1,Social
12.0,0.0,0.5,0.0,0.0,3.0,0.0,76,1,True,5,False,0,Typical mix
2.0,8.816666666666666,0.1,3.75,0.0,0.0,0.0,33,2,False,6,False,3,Active
7.666666666666667,7.0,2.216666666666667,0.0,1.0,0.0,0.0,21,2,True,9,False,2,Work-focused
12.5,0.0,1.25,0.0,0.0,4.0,0.0,16,2,True,10,False,0,Typical mix
6.75,0.0,1.0,0.0,0.0,11.033333333333331,0.0,30,1,True,6,False,0,Typical mix
9.0,0.0,0.1666666666666666,0.0,0.0,4.5,0.0,43,2,True,6,False,0,Typical mix
8.416666666666666,0.0,1.0833333333333333,0.5,1.3333333333333333,3.0,0.0,64,2,False,7,False,0,Typical mix
9.95,0.0,0.45,0.0,0.0,3.5,0.0,18,1,False,7,False,0,Typical mix
6.5,8.9,1.0833333333333333,0.0,0.25,1.8333333333333333,0.0,67,1,False,6,False,2,Work-focused
7.5,0.0,1.75,0.0,0.0,7.0,0.0,49,2,False,10,False,0,Typical mix
9.55,0.0,1.5,0.5,3.466666666666667,3.8333333333333335,0.0,34,2,True,7,False,1,Social
10.5,0.0,2.0,0.0,0.0,4.0,0.0,35,2,True,8,False,0,Typical mix
8.5,0.0,0.5,0.0,0.25,0.75,2.25,64,1,False,5,False,4,Computer-leisure
10.416666666666666,0.0,0.3333333333333333,4.25,0.0,3.25,0.0,16,2,True,7,False,3,Active
7.5,0.0,0.6,0.5,0.0,0.6666666666666666,2.0,19,2,False,6,False,0,Typical mix
8.5,0.0,1.5,0.0,1.0,6.85,0.0,80,1,False,8,False,0,Typical mix
3.5,0.0,1.5833333333333333,0.0,0.0,3.0,0.0,58,2,True,8,False,0,Typical mix
9.0,0.0,1.0833333333333333,0.0,1.0833333333333333,4.5,0.0,62,1,True,8,False,0,Typical mix
11.166666666666666,0.0,0.0,0.0,0.0,6.5,0.0,66,2,True,5,False,0,Typical mix
7.5,8.166666666666666,1.75,0.5,0.5,3.0833333333333335,0.0,57,1,False,8,False,2,Work-focused
6.583333333333333,7.866666666666666,0.0833333333333333,0.0,0.0,1.9166666666666667,0.0,27,2,True,8,False,2,Work-focused
9.9,0.0,2.0,0.75,0.0,2.5,0.0,52,2,True,8,False,0,Typical mix
8.0,7.583333333333333,0.5,0.0,0.0,3.25,0.0,46,2,True,6,False,2,Work-focused
9.5,0.0,0.6666666666666666,0.0,1.0,2.25,0.0,52,2,False,8,False,0,Typical mix
9.416666666666666,0.0,1.0,5.0,0.3333333333333333,2.5,0.0,16,1,True,8,False,3,Active
7.0,0.0,1.0,0.0,0.0,0.0,0.0,52,2,False,8,False,0,Typical mix
7.0,0.0,0.3333333333333333,0.0,8.083333333333334,0.0,0.0,59,1,True,9,False,1,Social
9.75,0.0,0.6333333333333333,1.9666666666666663,1.5,2.0,0.0,64,2,False,5,False,0,Typical mix
9.0,0.0,1.0,0.0,0.0,13.666666666666666,0.0,77,1,False,8,False,0,Typical mix
10.416666666666666,0.0,0.1666666666666666,2.0,0.0,8.816666666666666,0.0,43,1,True,10,False,0,Typical mix
9.0,0.0,1.0,0.0,0.0,2.6666666666666665,0.0,73,2,True,9,False,0,Typical mix
12.0,0.0,1.0,0.0,0.0,6.5,0.0,80,2,True,5,False,0,Typical mix
8.5,2.0,1.0,1.0,0.0,5.5,1.75,57,2,True,7,False,0,Typical mix
10.0,0.0,0.8333333333333334,0.0,0.0,2.5,0.0,32,2,True,7,False,0,Typical mix
6.5,0.0,0.75,0.0,0.0,3.25,0.0,72,2,True,9,False,0,Typical mix
6.0,0.0,0.8333333333333334,0.0,0.0,13.5,0.0,80,2,False,7,False,0,Typical mix
9.666666666666666,1.75,0.5833333333333334,0.0,0.6666666666666666,0.0,0.0,37,2,True,10,False,0,Typical mix
9.5,4.75,0.5,0.0,0.0,0.0,0.0,64,2,False,7,False,2,Work-focused
11.75,7.833333333333333,1.1666666666666667,0.0,0.0,1.4166666666666667,0.0,23,1,False,5,False,2,Work-focused
11.5,0.0,0.5,0.0,1.0,4.5,0.0,79,2,True,0,False,0,Typical mix
7.166666666666667,0.0,1.1666666666666667,0.0,0.0,2.5,1.0,16,1,False,7,False,0,Typical mix
7.5,8.083333333333334,2.0,0.0,0.0,0.5,0.0,28,2,False,8,False,2,Work-focused
10.25,0.0,0.5,0.0,0.0,5.0,2.5,51,2,True,7,False,4,Computer-leisure
6.0,13.083333333333334,0.6666666666666666,0.0,0.0,0.7666666666666667,0.0,36,1,True,2,False,2,Work-focused
10.5,0.0,2.25,2.8333333333333335,0.5666666666666667,2.216666666666667,0.0,69,1,False,7,False,3,Active
9.5,0.0,2.0,0.0,1.0,1.1666666666666667,0.0,20,2,True,7,False,0,Typical mix
7.5,0.0,0.6666666666666666,0.0,0.0,0.0,0.0,77,1,False,10,False,0,Typical mix
11.25,0.0,2.0,0.0,0.0,1.0,0.0,47,2,True,5,False,0,Typical mix
5.5,13.883333333333333,1.0833333333333333,0.0,0.0,1.5,0.0,40,2,False,10,False,2,Work-focused
7.95,7.583333333333333,1.3333333333333333,0.0,0.0,1.5,0.0,59,2,False,7,False,2,Work-focused
3.5,0.0,0.0833333333333333,0.0,0.0,9.0,0.0,27,2,False,8,False,0,Typical mix
12.0,0.0,1.0,0.0,0.0,3.25,0.0,72,2,False,5,False,0,Typical mix
8.5,0.0,1.25,0.0,0.75,5.0,0.0,50,2,True,10,False,0,Typical mix
9.166666666666666,12.416666666666666,0.25,0.0,0.0,1.0,0.0,35,1,True,4,False,2,Work-focused
9.25,0.0,0.25,0.0,0.0,2.033333333333333,0.0,15,2,False,8,False,0,Typical mix
8.0,5.0,1.5,0.0,0.0,2.75,1.0,42,1,True,8,False,2,Work-focused
8.166666666666666,0.0,3.9166666666666665,0.0,0.0,0.0,0.0,45,2,True,5,False,0,Typical mix
5.5,0.0,2.0,0.5,0.0,2.0,0.0,49,1,True,8,False,0,Typical mix
11.0,0.3333333333333333,2.0,0.0,0.0,3.5,0.3333333333333333,46,1,True,10,False,0,Typical mix
10.666666666666666,0.0,0.3333333333333333,0.0,0.0,6.916666666666667,0.0,28,2,True,7,False,0,Typical mix
8.0,0.0,0.25,0.0,0.0,0.0,0.0,41,2,False,5,False,0,Typical mix
6.0,9.5,3.0,0.0,0.25,2.65,0.0,51,1,False,7,False,2,Work-focused
6.5,0.0,1.0833333333333333,0.0,0.0,4.333333333333333,0.0,47,1,True,7,False,0,Typical mix
9.5,0.0,1.25,1.25,0.0,2.0833333333333335,0.0,79,2,True,8,False,0,Typical mix
8.916666666666666,8.75,0.9166666666666666,0.0,0.0,1.5,0.0,34,1,False,10,False,2,Work-focused
7.5,8.0,1.75,0.0,1.5,2.6666666666666665,0.0,47,1,False,4,False,2,Work-focused
9.5,0.0,1.25,1.5,0.0,2.0,0.0,63,2,False,8,False,0,Typical mix
11.5,0.0,0.5,0.0,0.0,2.1666666666666665,0.0,79,2,True,10,False,0,Typical mix
8.333333333333334,8.5,1.25,0.0,1.25,0.0,0.25,35,2,False,8,False,2,Work-focused
13.583333333333334,0.0,5.0,0.0,0.0,0.0,0.0,29,2,True,8,False,0,Typical mix
7.583333333333333,10.233333333333333,1.0,0.0,0.0,3.0,0.0,32,1,False,6,False,2,Work-focused
11.0,0.0,3.0,2.0,0.0,0.0,0.0,43,1,True,8,False,0,Typical mix
10.0,0.0,2.0,0.0,0.0,4.583333333333333,2.0,60,1,False,6,False,0,Typical mix
11.833333333333334,0.0,0.4166666666666667,8.75,0.0,2.0,0.0,72,2,True,10,False,3,Active
9.416666666666666,7.5,0.75,1.0,0.8333333333333334,1.5,0.0,66,1,False,6,False,2,Work-focused
5.0,10.583333333333334,1.4166666666666667,0.0,0.0,3.0,0.0,37,1,False,8,False,2,Work-focused
8.033333333333333,0.0,0.25,1.0833333333333333,0.3333333333333333,0.0,0.0,47,2,False,7,False,0,Typical mix
10.5,0.0,1.5,0.0,0.0,6.0,0.5,15,2,True,4,False,0,Typical mix
6.95,7.25,1.0,0.0,0.5,1.3333333333333333,0.0,67,2,False,8,False,2,Work-focused
7.5,0.0,1.5,0.0,0.0,4.75,0.0,45,2,False,1,False,0,Typical mix
7.25,9.666666666666666,1.0,1.25,0.0,0.75,0.0,40,2,False,7,False,2,Work-focused
10.0,0.0,1.0,0.0,0.0,2.0,0.0,71,2,False,10,False,0,Typical mix
7.25,0.0,1.75,0.0,0.0,2.75,0.0,50,2,True,6,False,0,Typical mix
6.0,0.0,1.5,0.0,0.0,2.5,0.0,71,2,False,7,False,0,Typical mix
9.0,0.0,1.0,1.25,0.0,3.0,3.75,56,1,True,7,False,4,Computer-leisure
6.0,7.166666666666667,1.25,0.0,0.0,0.0,0.0,41,1,False,6,False,2,Work-focused
6.0,0.0,0.3333333333333333,0.0,0.0,3.75,0.0,17,2,False,10,False,0,Typical mix
5.5,0.0,1.5,0.0,1.0,3.0,0.0,16,2,True,8,False,0,Typical mix
6.5,7.166666666666667,0.3333333333333333,0.0,0.0,3.0,0.0,51,2,True,8,False,2,Work-focused
9.0,0.0,2.5,0.0,0.0,3.0,3.0,29,1,True,7,False,4,Computer-leisure
8.0,0.0,1.5833333333333333,0.0,0.0,0.5,1.0,71,1,True,7,False,0,Typical mix
10.216666666666669,0.0,0.5,1.0,0.0,3.6666666666666665,0.0,51,1,True,7,False,0,Typical mix
10.0,0.0,5.0,0.0,0.0,3.25,0.0,61,2,False,3,False,0,Typical mix
6.0,10.5,0.25,0.0,0.0,0.0,2.75,22,1,False,5,False,4,Computer-leisure
7.5,0.0,2.8333333333333335,0.0,0.0,5.666666666666667,0.0,57,1,True,7,False,0,Typical mix
9.816666666666666,0.0,0.5833333333333334,0.0,0.75,2.0,0.0,70,2,True,8,False,0,Typical mix
9.583333333333334,0.0,0.5,0.0,0.0,10.083333333333334,0.0,33,1,True,9,False,0,Typical mix
7.083333333333333,0.0,0.1666666666666666,0.0,2.0,3.5833333333333335,0.5,52,2,True,8,False,0,Typical mix
6.333333333333333,0.0,1.0,0.0,0.5,1.1666666666666667,0.0,79,1,False,0,False,0,Typical mix
12.0,0.0,0.25,0.0,0.0833333333333333,0.0,0.0,68,2,True,7,False,0,Typical mix
8.0,9.9,1.75,0.0,0.0333333333333333,0.0,0.0,21,1,False,8,False,2,Work-focused
12.75,0.0,1.0833333333333333,0.0,0.0,2.0,0.0,80,1,True,2,False,0,Typical mix
7.0,0.0,1.8333333333333333,0.0,2.5833333333333335,5.5,0.0,47,1,True,6,False,1,Social
9.0,0.0,1.25,1.0,0.0,0.0,0.0,49,2,True,9,False,0,Typical mix
8.0,0.0,1.0,0.0,0.5833333333333334,5.083333333333333,0.0,16,1,False,7,False,0,Typical mix
8.5,0.0,0.1666666666666666,0.3333333333333333,0.0,2.5,0.0,67,2,True,5,False,0,Typical mix
9.0,0.0,0.5,0.75,0.0,0.5,0.0,80,2,True,10,False,0,Typical mix
9.0,0.0,0.0,0.0,3.466666666666667,2.966666666666667,0.0,58,1,True,5,False,1,Social
10.166666666666666,0.0,2.1666666666666665,0.0,0.0,0.1666666666666666,0.0,78,2,False,6,False,0,Typical mix
12.583333333333334,0.0,1.0,0.0,0.0,2.5,0.0,40,2,False,10,False,0,Typical mix
9.0,0.0,2.0,0.0,0.0,0.0,1.0,42,1,False,7,False,0,Typical mix
9.083333333333334,0.0,0.75,0.5,1.0,1.0,0.0,20,2,True,4,False,0,Typical mix
9.25,0.0,0.8333333333333334,0.0,2.6666666666666665,0.0,0.0,50,2,True,7,False,1,Social
9.0,2.0833333333333335,2.8333333333333335,0.0,0.5833333333333334,2.0,0.0,44,1,True,9,False,0,Typical mix
7.166666666666667,9.083333333333334,0.6666666666666666,0.0,0.0,1.5,0.0,64,2,False,8,False,2,Work-focused
10.0,4.0,2.0833333333333335,0.0,0.0,1.5833333333333333,0.0,23,2,True,10,False,0,Typical mix
10.0,0.0,1.5,0.0,0.1666666666666666,2.6666666666666665,0.0,51,1,True,7,False,0,Typical mix
10.0,0.0,1.75,0.0,0.0,11.75,0.0,68,2,True,3,False,0,Typical mix
15.5,0.0,1.0,0.0,0.0,5.5,0.0,18,2,True,6,False,0,Typical mix
9.75,0.0,2.25,0.0,2.066666666666667,3.75,0.0,71,2,False,9,False,0,Typical mix
13.5,0.0,0.5,0.0,0.0,2.3333333333333335,1.5,43,2,True,4,False,0,Typical mix
8.0,7.833333333333333,0.3333333333333333,0.0,0.0,3.1666666666666665,0.0,35,1,False,4,False,2,Work-focused
9.083333333333334,0.0,0.8333333333333334,3.3333333333333335,0.0,0.6666666666666666,0.0,15,1,True,10,False,3,Active
7.5,0.0,1.2166666666666666,0.0,0.0,2.6666666666666665,1.25,63,2,True,10,False,0,Typical mix
9.166666666666666,7.5,1.5,0.75,0.0,0.0,0.0,50,1,False,6,False,2,Work-focused
8.0,0.0,2.8333333333333335,0.0,0.0,3.8333333333333335,0.0,47,2,True,8,False,0,Typical mix
4.333333333333333,10.133333333333333,1.4166666666666667,0.0,1.5,0.0,0.0,48,2,False,7,False,2,Work-focused
10.0,0.0,0.75,0.0,0.0,6.983333333333333,0.5,15,1,True,8,False,0,Typical mix
7.0,8.75,0.5,0.0,0.0,2.0,0.0,32,2,True,9,False,2,Work-focused
7.333333333333333,0.0,1.0,0.5,0.0,2.4166666666666665,1.4166666666666667,77,2,False,7,False,0,Typical mix
8.5,8.25,0.8333333333333334,0.0,2.5,0.0,0.0,50,1,False,7,False,2,Work-focused
13.0,0.0,1.0,0.0,0.0,7.0,0.0,67,1,True,2,False,0,Typical mix
9.0,3.9166666666666665,0.3333333333333333,0.0,0.7166666666666667,4.8,0.0,48,2,False,8,False,0,Typical mix
9.5,0.0,0.75,0.0,0.0,6.75,0.0,64,1,True,5,False,0,Typical mix
10.0,7.833333333333333,1.25,0.0,0.0,3.9166666666666665,0.0,48,2,False,5,False,2,Work-focused
6.583333333333333,8.083333333333334,1.0,0.0,2.0,3.8833333333333337,0.0,43,2,False,5,False,2,Work-focused
7.0,9.0,1.0,0.0,0.0,3.6666666666666665,0.0,58,1,False,8,False,2,Work-focused
7.166666666666667,0.0,0.8333333333333334,0.0,0.0,1.0,0.0,71,2,False,10,False,0,Typical mix
6.333333333333333,8.516666666666667,0.5,0.0,0.5833333333333334,4.383333333333334,0.0,27,2,False,5,False,2,Work-focused
7.5,0.0,1.0833333333333333,0.0,1.0,7.166666666666667,0.0,41,2,False,8,False,0,Typical mix
11.0,0.0,2.5,0.0,0.0,5.583333333333333,0.0,71,1,False,10,False,0,Typical mix
8.0,5.0,0.5,0.0,0.0,2.0833333333333335,0.5,57,1,False,7,False,2,Work-focused
7.333333333333333,0.0,0.5,0.0,3.3333333333333335,3.5,0.0,61,2,True,6,False,1,Social
7.5,7.833333333333333,1.5,0.0,0.0,2.75,0.0,59,1,False,8,False,2,Work-focused
8.5,0.0,0.8333333333333334,0.0,2.0,3.7666666666666666,0.0,74,2,True,10,False,0,Typical mix
12.433333333333334,0.6,0.5,1.0,0.25,2.5,0.25,28,1,False,10,False,0,Typical mix
13.0,3.0,0.0,0.0,0.0,6.0,0.0,49,2,True,8,False,0,Typical mix
10.0,0.0,0.5,0.0,0.0,2.0,0.0,52,2,True,8,False,0,Typical mix
11.0,0.0,0.5,0.0,0.0,2.0,3.0,66,2,True,10,False,4,Computer-leisure
6.916666666666667,8.25,1.5,0.0,0.0,0.0,0.0,47,1,False,6,False,2,Work-focused
11.666666666666666,0.0,1.0,3.0,0.0,3.0,2.0,20,1,False,8,False,3,Active
9.0,7.966666666666667,1.0,0.0,0.0,4.966666666666667,0.0,27,1,False,6,False,2,Work-focused
5.0,0.0,0.5,0.0,0.5,15.266666666666667,0.0,78,1,True,10,False,0,Typical mix
9.333333333333334,0.0,0.5,0.0,0.0,0.0,0.0,60,2,False,7,False,0,Typical mix
9.333333333333334,0.0,0.1,0.0,0.0,0.3333333333333333,0.0,31,1,False,8,False,0,Typical mix
8.0,0.0,1.0,0.0,0.0,14.616666666666667,0.0,71,1,False,5,False,0,Typical mix
10.666666666666666,0.0,0.8333333333333334,0.0,0.8333333333333334,0.0,0.0,28,2,True,10,False,0,Typical mix
6.5,4.0,1.4166666666666667,0.0,0.0,2.5,0.5,32,2,True,8,False,2,Work-focused
8.0,0.0,0.3333333333333333,1.1333333333333333,0.0,6.716666666666667,0.0,66,2,False,10,False,0,Typical mix
6.75,7.416666666666667,2.6666666666666665,0.0,0.0,2.85,0.0,47,1,False,6,False,2,Work-focused
8.0,0.0,2.5,0.0,1.0,4.5,0.0,85,2,True,5,False,0,Typical mix
10.0,0.0,0.25,0.0,6.333333333333333,6.416666666666667,0.0,47,1,True,10,False,1,Social
9.083333333333334,6.5,0.0,0.0,0.0,0.0,0.0,45,2,True,5,False,2,Work-focused
15.5,0.0,0.5,0.0,0.0,0.3333333333333333,0.0,17,1,False,7,False,0,Typical mix
9.0,0.0,2.1666666666666665,0.0,0.0,2.5833333333333335,1.0,40,1,True,3,False,0,Typical mix
9.5,0.0,0.75,2.4166666666666665,0.0,8.8,0.0,22,1,True,6,False,0,Typical mix
11.5,0.0,1.6666666666666667,0.0,4.333333333333333,2.0833333333333335,0.0,80,2,False,7,False,1,Social
7.5,0.0,1.5,0.0,3.8333333333333335,0.0,0.0,53,2,True,7,False,1,Social
9.5,0.0,0.0,0.0,0.0,7.25,0.0,66,2,True,10,False,0,Typical mix
10.0,0.0,4.0,0.0,1.0,0.0,0.0,45,2,True,10,False,0,Typical mix
5.0,0.0,0.3333333333333333,0.0,0.0,4.583333333333333,0.0,80,2,False,10,False,0,Typical mix
9.0,7.833333333333333,1.4166666666666667,0.0,2.0,1.1666666666666667,0.0,25,1,True,8,False,2,Work-focused
10.5,0.0,0.4166666666666667,0.0,0.0,5.333333333333333,0.0,40,1,True,6,False,0,Typical mix
10.0,0.0,1.1666666666666667,1.0,0.0,0.0,0.0,64,2,True,10,False,0,Typical mix
10.5,0.0,0.1666666666666666,0.0,0.0,4.333333333333333,4.0,21,2,False,5,False,4,Computer-leisure
10.666666666666666,0.0,1.5,0.0,0.0,2.0,0.0,65,1,True,5,False,0,Typical mix
9.916666666666666,0.0,0.0,0.0,0.0,0.0,0.0,34,2,False,9,False,0,Typical mix
8.166666666666666,9.566666666666666,0.25,0.0,0.0,3.9,0.0,50,1,False,8,False,2,Work-focused
12.0,0.0,1.5,0.0,2.0,1.75,0.0,24,2,True,10,False,0,Typical mix
8.0,8.666666666666666,1.5,0.0,0.0,1.8333333333333333,0.0,31,1,False,8,False,2,Work-focused
8.583333333333334,8.416666666666666,1.1666666666666667,0.0,0.5,0.5,0.0,36,1,False,4,False,2,Work-focused
9.5,0.0,3.25,0.0,0.0,5.35,0.0,62,1,True,6,False,0,Typical mix
10.75,0.0,0.1333333333333333,1.25,6.05,1.1,0.0,29,1,True,5,False,1,Social
9.833333333333334,0.0,1.25,0.0,0.0,8.75,0.0,76,1,True,7,False,0,Typical mix
8.75,0.0,0.5,0.0,0.0,10.466666666666669,0.0,71,2,False,10,False,0,Typical mix
10.0,0.0,0.1666666666666666,0.0,4.75,7.0,0.0,52,2,True,6,False,1,Social
4.5,7.75,0.75,0.0,0.0,1.95,0.0,56,2,False,10,False,2,Work-focused
10.5,0.0,2.0833333333333335,0.0,0.0,10.0,0.0,85,2,True,6,False,0,Typical mix
12.0,0.0,1.0,0.0,0.0,10.0,0.0,28,1,True,4,False,0,Typical mix
9.0,0.0,1.75,0.0,2.25,8.333333333333334,0.0,69,1,False,10,False,0,Typical mix
8.0,0.0,0.0,0.0,0.0,4.166666666666667,0.0,44,2,True,5,False,0,Typical mix
7.833333333333333,8.75,1.5,0.0,0.0,2.0,0.0,51,1,False,9,False,2,Work-focused
12.5,0.0,0.5,0.0,0.0,10.75,0.0,56,2,False,5,False,0,Typical mix
10.466666666666669,0.0,1.0833333333333333,0.3333333333333333,0.0,4.366666666666666,0.0,43,2,True,5,False,0,Typical mix
11.166666666666666,0.0,2.25,0.0,0.0,8.916666666666666,0.0,76,2,True,9,False,0,Typical mix
8.75,9.583333333333334,0.5,0.0,0.0,1.0,0.0,26,2,False,7,False,2,Work-focused
10.5,0.0,0.0,0.0,0.0,4.25,3.0,59,1,False,8,False,4,Computer-leisure
7.616666666666666,0.0,0.75,0.0,0.0,1.25,0.0,17,1,True,7,False,0,Typical mix
13.416666666666666,0.0,0.9166666666666666,0.0,0.0,1.6666666666666667,0.0,28,2,True,7,False,0,Typical mix
12.916666666666666,0.0,0.75,3.0,0.0,0.5,0.0,23,1,True,7,False,3,Active
4.966666666666667,8.083333333333334,1.0,0.0,0.1666666666666666,0.0,0.0,53,2,True,2,False,2,Work-focused
8.716666666666667,0.0833333333333333,1.9166666666666667,0.0,1.1666666666666667,1.6666666666666667,0.0,35,2,True,8,False,0,Typical mix
10.0,0.0,1.4166666666666667,0.0,0.5,3.8333333333333335,0.0,17,1,True,9,False,0,Typical mix
10.5,0.0,2.0,1.5,0.0,3.5,0.0,66,2,True,8,False,0,Typical mix
11.0,0.0,0.8333333333333334,0.0,0.0,6.75,0.0,36,2,False,10,False,0,Typical mix
10.766666666666667,0.0,1.0,2.0,8.0,0.0,0.0,31,1,True,7,False,1,Social
7.75,0.0,1.1666666666666667,0.0,6.233333333333333,0.6666666666666666,0.0,50,2,True,3,False,1,Social
8.0,8.333333333333334,0.5833333333333334,1.25,0.1333333333333333,1.5,0.0,59,1,False,7,False,2,Work-focused
10.833333333333334,0.0,0.0,0.0,0.0,6.5,0.0,69,2,False,7,False,0,Typical mix
8.833333333333334,10.166666666666666,1.0,0.0,0.0,0.0,0.0,44,1,False,7,False,2,Work-focused
11.0,0.0,2.75,0.0,0.0,3.0,0.0,42,2,True,6,False,0,Typical mix
7.75,0.0,2.5,0.0,0.4166666666666667,0.0,0.0,40,2,True,6,False,0,Typical mix
8.533333333333333,7.083333333333333,1.3333333333333333,0.0,1.5,0.0,0.0,46,2,False,4,False,2,Work-focused
8.0,7.5,1.5,0.0,0.0,3.8333333333333335,0.0,37,1,False,5,False,2,Work-focused
8.0,0.0,4.416666666666667,0.0,0.0,6.0,0.0,54,2,True,1,False,0,Typical mix
6.916666666666667,9.833333333333334,0.5,0.0,0.0,0.0,0.0,39,2,False,8,False,2,Work-focused
8.0,0.0,0.75,0.0,0.25,1.5,0.0,80,2,False,8,False,0,Typical mix
9.5,0.0,1.75,0.0,0.5,5.416666666666667,0.0,75,1,True,8,False,0,Typical mix
7.75,8.166666666666666,1.5,0.0,0.0,1.9166666666666667,0.0,51,2,True,6,False,2,Work-focused
7.75,0.0,1.25,1.1666666666666667,1.0,4.583333333333333,1.0,62,2,False,7,False,0,Typical mix
9.083333333333334,0.0,1.5,0.0,0.0,2.0,2.0,79,1,False,7,False,0,Typical mix
10.75,0.0,1.0,0.0,0.0,1.5,0.0,73,2,True,10,False,0,Typical mix
9.0,6.15,0.3333333333333333,0.75,0.0,0.0,0.0,32,2,False,10,False,2,Work-focused
5.0,0.0,1.0,0.0,0.0,5.083333333333333,0.0,85,2,False,6,False,0,Typical mix
7.25,0.0,1.75,0.0,0.75,3.0,0.0,43,2,False,9,False,0,Typical mix
9.75,8.0,0.0,0.0,0.0,0.45,0.0,45,2,False,5,False,2,Work-focused
7.583333333333333,0.0,2.25,1.0,1.1666666666666667,0.0,0.0,44,1,True,8,False,0,Typical mix
13.0,0.0,1.5,0.0,0.0,3.1666666666666665,0.0,51,2,False,2,False,0,Typical mix
13.25,0.1666666666666666,0.5,0.0,0.0,5.083333333333333,0.0,42,2,True,5,False,0,Typical mix
9.0,0.0,0.3333333333333333,0.0,4.0,0.0,0.0,27,2,True,5,False,1,Social
3.0,0.0,0.1666666666666666,0.0,0.0,0.0,0.0,58,2,True,3,False,2,Work-focused
9.166666666666666,9.166666666666666,1.8333333333333333,0.0,0.5,0.5,0.0,53,1,False,7,False,2,Work-focused
8.5,0.0,2.0,0.0,3.5833333333333335,1.6666666666666667,0.75,32,1,True,8,False,1,Social
7.5,2.0,0.5,0.0,0.0,3.5,2.0,62,2,False,4,False,0,Typical mix
11.333333333333334,0.0,1.0,0.0,0.5,3.8333333333333335,0.0,56,2,True,8,False,0,Typical mix
11.0,0.0,0.5,0.0,0.0,7.0,0.0,39,2,False,5,False,0,Typical mix
7.0,4.5,0.5,0.0,3.3333333333333335,3.6666666666666665,0.0,43,1,True,5,False,1,Social
7.5,12.083333333333334,0.75,0.0,0.0,1.5833333333333333,0.0,45,1,False,5,False,2,Work-focused
9.916666666666666,0.1666666666666666,3.9166666666666665,1.5,3.25,0.0,1.0,57,1,True,8,False,1,Social
8.833333333333334,0.0,0.0,0.0,4.683333333333334,1.5833333333333333,0.0,44,2,False,5,False,1,Social
9.0,2.0833333333333335,0.25,0.0,1.8833333333333333,7.333333333333333,0.0,37,2,False,6,False,0,Typical mix
7.25,8.5,2.25,0.0,0.0,3.0,0.0,52,1,False,8,False,2,Work-focused
9.0,0.0,0.75,0.0,0.5,6.416666666666667,0.0,62,1,True,6,False,0,Typical mix
13.416666666666666,0.0,2.0,0.0,0.0,2.0,0.0,42,1,True,10,False,0,Typical mix
9.5,0.0,0.8666666666666667,0.0,0.0,6.7,0.0,60,2,False,5,False,0,Typical mix
6.833333333333333,8.35,0.8333333333333334,0.0,0.0,3.0833333333333335,0.0,36,2,False,8,False,2,Work-focused
8.0,0.0,0.9166666666666666,0.0,0.0,8.333333333333334,0.0,65,2,True,8,False,0,Typical mix
8.5,0.0,0.75,1.9166666666666667,5.666666666666667,4.0,0.0,85,1,False,5,False,1,Social
7.9,0.0,1.2166666666666666,0.0,0.25,0.5833333333333334,0.0,15,2,False,5,False,0,Typical mix
8.416666666666666,8.366666666666667,0.7166666666666667,0.0,0.0,2.25,0.0,42,1,False,7,False,2,Work-focused
10.333333333333334,0.0,1.75,0.0,0.3333333333333333,0.6666666666666666,0.0,30,2,True,7,False,0,Typical mix
7.0,0.0,3.966666666666667,0.0,0.0,6.733333333333333,0.0,63,2,True,5,False,0,Typical mix
8.5,0.0,0.5,0.0,1.0,12.333333333333334,0.0,85,1,True,8,False,0,Typical mix
8.5,3.25,1.3333333333333333,0.0,0.0,2.75,0.0,66,2,True,9,False,0,Typical mix
8.75,0.0,3.0833333333333335,0.0,0.25,5.583333333333333,0.0,80,1,False,10,False,0,Typical mix
12.0,0.0,0.5,0.0,0.0,4.083333333333333,0.0,36,2,True,7,False,0,Typical mix
7.5,6.416666666666667,0.0,0.0,2.6333333333333333,0.0,0.0,41,2,False,8,False,2,Work-focused
6.5,0.0,0.5,0.0,0.0,1.5,14.416666666666666,74,1,False,7,False,4,Computer-leisure
13.75,0.0,0.75,0.0,4.5,4.0,0.0,47,1,False,10,False,1,Social
5.75,3.25,0.5833333333333334,1.1666666666666667,0.0,1.0,0.0,41,1,False,7,False,2,Work-focused
8.0,0.0,0.5,0.0,0.0,3.5166666666666666,0.0,59,2,False,8,False,0,Typical mix
8.416666666666666,0.0,0.5,0.0,1.8333333333333333,0.5,0.0,59,2,True,9,False,0,Typical mix
6.75,8.416666666666666,2.9166666666666665,0.0,0.0,0.0,0.0,31,1,False,7,False,2,Work-focused
7.75,0.75,1.0,0.0,0.0,0.5833333333333334,0.9166666666666666,32,2,False,8,False,0,Typical mix
14.416666666666666,0.0,0.0,0.0,4.916666666666667,4.0,0.0,29,1,True,8,False,1,Social
8.0,8.5,1.1666666666666667,0.0,1.8333333333333333,3.25,0.0,70,1,False,9,False,2,Work-focused
9.5,0.0,1.4166666666666667,0.0,0.0,4.416666666666667,0.0,30,2,True,5,False,0,Typical mix
11.666666666666666,4.75,0.75,1.25,1.25,1.0,0.25,18,1,True,9,False,0,Typical mix
8.75,0.0,2.2666666666666666,0.0,0.0,4.966666666666667,0.0,85,2,True,10,False,0,Typical mix
5.633333333333334,12.25,2.0,0.0,0.0,2.0,0.0,40,1,True,6,False,2,Work-focused
9.0,0.0,1.5,0.0,0.0,10.5,0.0,64,2,True,4,False,0,Typical mix
10.833333333333334,0.0,1.75,0.0,0.0,3.0,0.0,17,2,True,8,False,0,Typical mix
7.0,9.75,0.75,0.0,0.0,1.75,0.0,51,1,False,10,False,2,Work-focused
10.0,0.0,1.75,0.0,0.0,6.0,0.5833333333333334,40,2,True,9,False,0,Typical mix
11.833333333333334,0.0,3.0,0.0,6.5,0.0833333333333333,0.0,47,1,True,8,False,1,Social
8.833333333333334,0.0,1.1666666666666667,0.0,1.5,3.0,0.0,70,1,True,10,False,0,Typical mix
8.0,3.0,1.6666666666666667,2.0,0.0,2.1666666666666665,0.0,41,1,True,7,False,0,Typical mix
10.916666666666666,0.0,0.4166666666666667,1.25,1.0,3.3333333333333335,1.5,53,2,True,6,False,0,Typical mix
10.5,0.0,0.25,0.0,0.0,7.0,0.0,45,2,True,6,False,0,Typical mix
10.5,0.0,1.1666666666666667,0.0,0.6666666666666666,4.333333333333333,0.0,50,1,True,7,False,0,Typical mix
8.666666666666666,0.0,0.75,0.0,0.5,1.5,0.0,41,1,True,6,False,0,Typical mix
11.5,0.0,0.6666666666666666,0.0,1.6666666666666667,0.8333333333333334,0.0,26,2,False,6,False,0,Typical mix
8.166666666666666,5.3,0.7166666666666667,0.0,1.4166666666666667,0.5,0.0,45,1,False,7,False,2,Work-focused
9.0,0.0,1.25,0.0,0.0,4.666666666666667,0.0,44,2,False,7,False,0,Typical mix
10.0,6.916666666666667,0.3333333333333333,0.0,0.0,3.25,0.0,60,2,False,10,False,2,Work-focused
9.833333333333334,0.0,1.0,1.0,3.0,3.0,0.0,26,1,True,6,False,1,Social
8.5,0.0,2.1666666666666665,4.25,0.0,4.0,0.0,64,2,True,7,False,3,Active
6.166666666666667,9.083333333333334,1.1666666666666667,1.0,0.0,0.0,0.0,51,1,False,8,False,2,Work-focused
7.833333333333333,8.466666666666667,0.0666666666666666,0.0,0.3333333333333333,2.0833333333333335,0.0,51,2,False,6,False,2,Work-focused
10.0,0.0,1.0,0.0,0.0,3.1666666666666665,0.0,63,1,True,6,False,0,Typical mix
12.5,0.0,0.25,0.0,2.1666666666666665,1.5,0.0,63,2,True,3,False,0,Typical mix
12.416666666666666,0.0,2.25,0.5,3.5,0.0,0.0,38,1,True,7,False,1,Social
11.75,0.0,1.75,0.0,0.0,2.25,0.0,77,2,True,8,False,0,Typical mix
8.666666666666666,8.75,2.6666666666666665,0.0,0.0,0.0,0.0,40,1,False,8,False,2,Work-focused
5.0,0.0,1.1666666666666667,0.0,1.3333333333333333,7.333333333333333,0.0,54,2,False,7,False,0,Typical mix
7.166666666666667,7.75,1.5,0.0,0.0,2.183333333333333,0.0,52,2,False,7,False,2,Work-focused
9.0,0.0,1.25,0.0,1.5,2.25,0.0,63,2,True,4,False,0,Typical mix
9.0,0.0,1.5,0.0,0.0,2.5833333333333335,0.5,61,2,True,3,False,0,Typical mix
7.0,0.0,1.75,0.0,2.0,3.4166666666666665,0.0,54,1,True,8,False,0,Typical mix
5.383333333333334,14.5,1.5,0.0,0.0,1.5,0.0,35,1,False,3,False,2,Work-focused
8.5,0.0,1.0,0.0,0.0,2.9166666666666665,0.0,68,2,True,5,False,0,Typical mix
9.5,0.0,2.5,0.0,0.0,2.0,0.0,40,2,True,8,False,0,Typical mix
11.0,0.0,1.5,0.0,4.0,5.5,0.0,47,2,True,10,False,1,Social
6.75,5.25,0.3333333333333333,0.0,0.0,5.833333333333333,0.0,59,2,True,7,False,2,Work-focused
5.5,2.0,0.5833333333333334,1.0,0.0,11.183333333333334,0.0,72,1,True,7,False,0,Typical mix
7.0,10.25,1.75,0.0,0.0,2.25,0.0,34,1,False,8,False,2,Work-focused
7.916666666666667,8.083333333333334,1.5,0.0,1.0,1.0,0.0,35,1,True,8,False,2,Work-focused
8.0,0.0,0.1666666666666666,0.0,0.0,0.0,0.0,66,1,True,5,False,0,Typical mix
12.0,0.0,0.25,0.0,0.0,10.75,0.0,55,1,True,5,False,0,Typical mix
10.5,0.0,0.3333333333333333,0.0,0.0,5.666666666666667,0.0,61,2,True,9,False,0,Typical mix
12.666666666666666,0.0,0.1666666666666666,0.0,0.0,5.75,0.0,78,1,True,4,False,0,Typical mix
8.466666666666667,0.0,1.0,0.0,2.8333333333333335,4.75,0.0,46,2,True,8,False,1,Social
8.5,0.0,1.0,0.0,0.0,1.0833333333333333,0.0,32,2,False,9,False,0,Typical mix
7.5,8.0,0.3333333333333333,0.0,0.0,2.0,0.0,32,1,False,6,False,2,Work-focused
11.5,0.0,0.1666666666666666,0.0,2.8333333333333335,4.866666666666666,0.0,26,1,True,3,False,1,Social
7.333333333333333,0.0,1.1666666666666667,0.0,0.0,4.5,0.0,34,2,False,9,False,0,Typical mix
8.0,9.0,0.0,2.5,0.0,0.5,0.0,51,2,False,5,False,2,Work-focused
10.916666666666666,0.0,1.5,0.0,0.0,2.0,0.0,50,1,False,10,False,0,Typical mix
9.083333333333334,8.0,1.0,0.0,0.0,2.8,0.0,30,1,False,8,False,2,Work-focused
12.25,3.0,0.8333333333333334,0.0,0.0,3.1666666666666665,0.0,28,1,False,8,False,0,Typical mix
11.5,0.0,1.1666666666666667,2.0,0.0,7.316666666666666,0.0,75,1,True,10,False,0,Typical mix
9.25,0.0,1.0,0.8333333333333334,0.5,4.0,0.6666666666666666,55,2,True,5,False,0,Typical mix
6.5,0.0,0.5833333333333334,0.0,0.0,4.3,0.0,19,1,True,7,False,0,Typical mix
12.166666666666666,2.0,0.25,0.0,0.0,2.5,0.0,44,1,False,9,False,0,Typical mix
10.083333333333334,0.0,1.5,0.0,0.4166666666666667,0.0,0.25,30,2,True,9,False,0,Typical mix
8.183333333333334,8.166666666666666,0.0,0.0,0.0,0.0,0.0,47,2,False,8,False,2,Work-focused
9.0,0.0,1.5,0.0,0.0,9.5,0.0,62,1,True,7,False,0,Typical mix
10.283333333333331,0.0,1.5833333333333333,0.0,0.0,5.25,1.5,60,1,True,8,False,0,Typical mix
7.0,8.583333333333334,1.6666666666666667,0.0,0.0,0.0,0.0,30,1,True,10,False,2,Work-focused
6.766666666666667,0.0,2.0,0.0,1.0,2.5,1.0,54,2,True,8,False,0,Typical mix
9.0,0.0,1.5,0.0,0.0,8.0,0.0,85,2,False,5,False,0,Typical mix
9.0,0.0,1.0,0.0,0.0,4.083333333333333,0.0,30,2,False,7,False,0,Typical mix
8.5,0.0,2.6166666666666667,0.0,0.0,3.4833333333333334,0.0,70,1,True,8,False,0,Typical mix
9.0,0.0,1.5,0.0,0.3333333333333333,2.25,0.0,64,2,False,10,False,0,Typical mix
9.75,0.0,1.25,0.0,0.0,2.3,0.0,27,2,True,10,False,0,Typical mix
7.5,0.0,0.8333333333333334,0.0,0.0,3.8833333333333337,0.0,49,1,False,8,False,0,Typical mix
11.5,0.0,1.75,0.0,0.0,1.5833333333333333,0.0,33,2,True,5,False,0,Typical mix
9.5,0.0,1.5,0.0,0.0,5.75,0.0,80,2,True,5,False,0,Typical mix
8.0,0.0,2.25,1.0,1.0,2.5833333333333335,0.0,37,1,True,8,False,0,Typical mix
9.833333333333334,0.75,1.1666666666666667,0.0,0.0,1.9166666666666667,0.0,46,1,True,7,False,0,Typical mix
5.916666666666667,0.0,1.0,0.0,0.0,7.0,0.0,39,2,True,5,False,0,Typical mix
6.716666666666667,1.0,1.1666666666666667,1.9166666666666667,0.0,1.0833333333333333,0.75,39,2,False,8,False,0,Typical mix
12.0,0.0,0.6666666666666666,0.0,0.0,4.0,0.0,70,2,False,10,False,0,Typical mix
8.0,9.75,1.5,0.0,0.0,4.083333333333333,0.0,49,1,False,8,False,2,Work-focused
11.0,0.0,1.25,0.0,0.0,2.9166666666666665,0.0,66,2,False,10,False,0,Typical mix
7.5,0.0,1.0,0.0,0.0,6.5,4.0,65,2,True,8,False,4,Computer-leisure
6.916666666666667,12.816666666666666,0.5,0.25,0.0,0.0,0.0,37,1,False,6,False,2,Work-focused
10.0,7.033333333333333,0.5,0.0,0.0,2.066666666666667,0.0,39,2,True,5,False,2,Work-focused
8.75,5.0,0.9166666666666666,1.25,0.0,0.0,0.0,58,1,False,7,False,2,Work-focused
7.0,7.833333333333333,3.5,0.0,0.0,2.0,0.0,63,2,False,9,False,2,Work-focused
8.75,6.833333333333333,1.8333333333333333,0.0,0.0,0.0,0.0,30,2,False,8,False,2,Work-focused
7.0,8.883333333333333,0.3333333333333333,0.0,0.0,3.25,0.0,57,1,True,7,False,2,Work-focused
10.5,0.0,0.5,0.0,0.0,7.833333333333333,0.0,67,2,False,10,False,0,Typical mix
8.833333333333334,0.0,0.75,0.0,0.5,0.0,0.0,20,2,False,8,False,0,Typical mix
9.033333333333331,8.5,1.0,0.0,0.0,2.6666666666666665,0.0,54,1,True,10,False,2,Work-focused
7.25,0.0,1.0833333333333333,0.0,0.0833333333333333,2.9166666666666665,0.0,76,2,False,9,False,0,Typical mix
7.416666666666667,7.75,3.4166666666666665,0.75,0.0,0.0,0.0,26,1,False,8,False,2,Work-focused
10.0,8.0,0.5,0.0,2.0833333333333335,0.0,0.0,43,2,False,9,False,2,Work-focused
8.5,11.25,0.8333333333333334,0.0,0.0,0.6666666666666666,0.0,31,1,False,7,False,2,Work-focused
9.0,0.0,0.3333333333333333,0.0,0.0,4.716666666666667,0.0,15,2,False,7,False,0,Typical mix
10.0,7.75,1.45,0.0,0.0,2.8,0.5,17,1,True,8,False,2,Work-focused
7.916666666666667,6.166666666666667,1.5,0.0,0.0,0.0,1.0,23,2,True,5,False,2,Work-focused
12.0,0.0,2.75,0.0,0.0,1.0,0.0,85,2,False,10,False,0,Typical mix
22.183333333333337,0.0,0.3333333333333333,0.0,0.0,0.0,0.0,63,2,False,5,False,0,Typical mix
9.916666666666666,0.0,0.75,0.0,1.0,7.75,0.0,71,2,True,6,False,0,Typical mix
7.0,0.0,1.5,0.0,0.0,8.616666666666667,0.0,70,1,False,3,False,0,Typical mix
8.0,0.0,1.0,0.0,0.0,7.65,0.0,68,2,True,8,False,0,Typical mix
7.0,0.0,1.5,0.0,0.5,2.0,0.0,18,2,False,7,False,0,Typical mix
12.0,0.0,1.6666666666666667,0.0,0.0,1.5,0.0,23,1,False,7,False,0,Typical mix
7.0,8.333333333333334,1.5833333333333333,0.0,0.0,3.716666666666667,0.0,54,2,False,8,False,2,Work-focused
11.5,0.0,0.0,0.0,4.0,0.0,0.0,51,2,False,5,False,1,Social
10.0,0.0,0.25,0.0,2.75,4.0,0.0,60,2,True,8,False,1,Social
10.0,0.0,1.0,0.0,0.0,8.183333333333334,0.0,43,2,True,7,False,0,Typical mix
7.0,0.0,1.5,0.0,0.0,1.0,0.5,17,1,False,7,False,0,Typical mix
10.0,0.0,1.5,0.0,0.0,7.116666666666666,0.0,70,2,True,8,False,0,Typical mix
7.75,0.0,0.6666666666666666,1.5,4.0,3.6166666666666663,0.0,44,2,False,3,False,1,Social
7.416666666666667,0.0,1.3333333333333333,0.0,0.0,3.0833333333333335,0.0,39,1,True,7,False,0,Typical mix
11.416666666666666,0.0,1.9166666666666667,0.5,0.0,2.0,0.0,54,2,True,9,False,0,Typical mix
11.75,5.716666666666667,0.25,0.0,0.0,4.383333333333334,0.0,38,2,True,8,False,0,Typical mix
12.133333333333333,0.0,0.5,0.0,0.0,3.0,0.0,25,1,False,10,False,0,Typical mix
6.2,1.0,1.0,0.0,8.5,0.0,1.5,40,2,True,4,False,1,Social
8.75,0.0,0.5,0.0,0.0,4.25,1.5,76,1,True,5,False,0,Typical mix
6.5,0.0,0.3333333333333333,0.0,0.0,7.466666666666667,1.0,64,2,False,6,False,0,Typical mix
10.5,2.25,0.75,0.0,0.0,4.166666666666667,0.0,79,1,False,5,False,0,Typical mix
10.0,0.0,0.5,0.0,0.0,6.5,0.0,45,2,True,5,False,0,Typical mix
12.25,8.75,0.75,0.0,0.0,0.0,0.75,40,2,False,3,False,2,Work-focused
13.25,0.5,0.1666666666666666,0.0,0.0,4.266666666666667,0.0,43,1,True,8,False,0,Typical mix
9.0,0.0,1.5,0.0,0.0,2.5,0.0,77,2,False,9,False,0,Typical mix
10.5,0.0,0.75,0.0,0.0,0.0,1.0,69,1,True,10,False,0,Typical mix
8.166666666666666,0.0,3.4166666666666665,0.0,4.0,2.5,0.0,55,2,True,4,False,1,Social
7.5,6.5,1.25,0.3333333333333333,0.0,0.0,0.0,54,2,True,5,False,2,Work-focused
9.333333333333334,8.0,1.0,0.0,0.0,0.0,0.5,18,2,False,7,False,2,Work-focused
10.0,0.0,0.8333333333333334,0.0,0.9166666666666666,4.633333333333334,1.1666666666666667,45,2,False,6,False,0,Typical mix
7.5,0.0,0.5,0.0,0.0,1.0,0.0,15,2,False,9,False,0,Typical mix
8.5,0.0,1.8,0.8333333333333334,0.0,0.0,0.0,85,2,True,10,False,0,Typical mix
6.0,0.0,2.0,0.0,1.0,10.666666666666666,0.0,80,2,False,8,False,0,Typical mix
10.25,6.333333333333333,3.0,0.0,0.0,0.0,0.0,56,1,False,8,False,2,Work-focused
7.5,2.75,1.75,0.0,0.0,5.5,0.0,69,1,True,8,False,0,Typical mix
8.833333333333334,0.25,0.75,0.0,0.0,3.533333333333333,0.0,71,2,True,7,False,0,Typical mix
9.916666666666666,0.0,0.25,0.0,0.25,5.0,0.0,53,1,False,8,False,0,Typical mix
6.833333333333333,0.0,2.75,0.0,1.6666666666666667,6.25,2.0,62,2,True,7,False,0,Typical mix
10.25,1.0,2.5,0.75,0.0,4.0,0.0,73,1,True,7,False,0,Typical mix
11.5,0.0,1.8333333333333333,0.0,0.5,4.916666666666667,0.0,41,2,True,7,False,0,Typical mix
12.5,0.0,0.5,1.5,0.0,6.416666666666667,0.0,15,2,True,6,False,0,Typical mix
10.0,0.0,0.75,1.5,0.0,6.333333333333333,0.0,43,1,True,7,False,0,Typical mix
9.5,7.316666666666666,0.5,0.0,0.0,0.0,0.0,56,2,False,8,False,2,Work-focused
5.666666666666667,8.0,1.25,0.0,3.5,0.0,0.0,49,1,True,7,False,2,Work-focused
9.5,0.0,0.8333333333333334,0.0,0.0,9.75,0.0,80,2,True,3,False,0,Typical mix
9.0,2.0,1.5,0.0,0.0,1.5,2.0,31,1,True,5,False,0,Typical mix
9.0,0.0,0.1666666666666666,0.0,0.0,4.166666666666667,0.0,47,2,False,8,False,0,Typical mix
9.833333333333334,0.0,0.1666666666666666,0.0,2.0,1.0,0.0,21,2,True,7,False,0,Typical mix
9.0,2.0,2.1666666666666665,0.0,0.0,2.0,1.0,55,2,True,5,False,0,Typical mix
10.0,0.0,1.0,0.0,0.0,5.75,0.0,39,2,True,5,False,0,Typical mix
8.166666666666666,7.833333333333333,0.25,0.0,0.0,0.8,0.0,54,1,False,5,False,2,Work-focused
9.916666666666666,0.0,1.1166666666666667,0.0,0.5333333333333333,1.6666666666666667,0.3333333333333333,38,2,True,9,False,0,Typical mix
7.0,7.5,1.0,0.0,0.6666666666666666,4.0,0.0,60,1,False,5,False,2,Work-focused
10.833333333333334,0.0,0.5,0.0,9.5,2.0,0.0,57,2,True,5,False,1,Social
7.5,0.0,0.75,0.0,0.0,2.25,0.75,66,1,False,7,False,0,Typical mix
8.25,0.0,1.0,1.25,0.0,0.0,0.0,59,1,True,3,False,0,Typical mix
12.0,0.0,0.3333333333333333,0.0,4.25,0.3333333333333333,0.6666666666666666,19,2,True,8,False,1,Social
9.75,0.0,1.0833333333333333,0.0,0.25,0.75,0.0,34,2,False,6,False,0,Typical mix
11.0,8.166666666666666,0.3333333333333333,0.0,0.0,1.6666666666666667,0.0,37,2,False,7,False,2,Work-focused
15.0,0.0,0.25,0.0,0.0,4.5,0.0,59,1,True,6,False,0,Typical mix
11.0,0.0,1.0,0.0,0.0,4.75,0.75,85,2,True,9,False,0,Typical mix
8.466666666666667,11.216666666666669,1.0,0.0,0.0,2.0,0.0,31,2,False,6,False,2,Work-focused
9.166666666666666,8.75,0.4166666666666667,0.0,0.0,2.0,0.0,48,1,False,8,False,2,Work-focused
6.383333333333334,0.0,0.0,0.0,0.0,1.4166666666666667,0.0,22,2,True,5,False,0,Typical mix
5.25,0.0,0.9166666666666666,0.0,3.1666666666666665,2.6666666666666665,1.1666666666666667,18,2,True,9,False,1,Social
11.25,0.25,1.0,0.0,0.0,0.75,0.0,46,2,True,9,False,0,Typical mix
7.75,0.0,0.0,0.0,2.5833333333333335,3.8666666666666663,0.0,55,2,False,5,False,1,Social
7.166666666666667,0.0,1.3333333333333333,1.5,0.0,7.116666666666666,0.0,62,2,True,8,False,0,Typical mix
9.416666666666666,0.0,1.0,0.0,0.0,8.166666666666666,0.0,76,2,True,10,False,0,Typical mix
12.0,0.0,1.75,0.0,0.0,1.0,0.0,62,2,True,8,False,0,Typical mix
7.5,0.0,2.0,0.0,0.0,1.5,0.0,66,2,True,10,False,0,Typical mix
9.0,0.0,2.0,0.0,0.0,0.5,0.0,35,2,False,7,False,0,Typical mix
7.5,12.333333333333334,0.3333333333333333,0.0,0.0,0.0,0.0,48,1,False,7,False,2,Work-focused
11.333333333333334,0.0,0.0,0.0,0.0,0.0,0.0,68,2,True,10,False,0,Typical mix
15.916666666666666,0.0,0.5,0.0,2.0,4.0,0.0,56,2,True,5,False,0,Typical mix
8.0,0.0,1.5,0.0,6.25,0.0,0.0,25,2,True,7,False,1,Social
9.5,0.0,0.75,0.0,0.0,0.5,1.0,61,2,False,8,False,0,Typical mix
10.25,0.0,0.3333333333333333,1.0,0.0,9.233333333333333,0.0,40,1,True,7,False,0,Typical mix
7.3,0.0,1.5,1.0,0.0,1.0,0.75,36,2,False,8,False,0,Typical mix
8.833333333333334,0.0,2.3333333333333335,0.0,2.3333333333333335,0.5,0.0,42,2,True,10,False,1,Social
12.416666666666666,0.0,0.1666666666666666,0.0,0.0,5.75,0.0,64,1,False,10,False,0,Typical mix
10.0,0.0,1.25,0.0,3.183333333333333,1.75,0.0,44,2,True,7,False,1,Social
8.916666666666666,0.0833333333333333,2.0,1.0,0.0,1.8333333333333333,0.0,21,2,True,7,False,0,Typical mix
9.083333333333334,0.0,0.6666666666666666,0.0,0.0,4.483333333333333,0.0,61,2,False,4,False,0,Typical mix
8.25,0.0,0.3333333333333333,0.0,0.0,11.416666666666666,0.0,74,2,False,7,False,0,Typical mix
6.5,0.0,1.25,1.0,4.0,8.0,0.0,85,2,False,5,False,1,Social
8.583333333333334,0.0,0.0166666666666666,0.0,0.0,0.1666666666666666,0.0,16,2,True,7,False,0,Typical mix
7.966666666666667,0.0,0.75,0.0,0.0,2.75,0.0,44,1,True,4,False,0,Typical mix
10.0,0.0,1.75,0.0,4.333333333333333,3.1666666666666665,0.0,65,2,True,4,False,1,Social
9.75,7.0,1.0,0.0,0.0,0.0,0.0,38,2,False,7,False,2,Work-focused
12.083333333333334,0.0,0.3333333333333333,0.0,0.0,0.0,0.0,61,2,False,9,False,0,Typical mix
9.0,6.9,1.5833333333333333,0.0,0.0,2.466666666666667,0.0,57,2,True,8,False,2,Work-focused
10.05,0.0,1.25,0.0,0.0,0.0,0.0,78,2,True,6,False,0,Typical mix
4.75,7.866666666666666,0.7166666666666667,0.0,0.0,0.5,0.3333333333333333,26,2,False,4,False,2,Work-focused
11.0,0.0,1.1666666666666667,0.0,0.0,3.75,0.0,29,1,False,7,False,0,Typical mix
10.5,0.0,0.5833333333333334,0.0,0.0,0.0,0.0,76,2,True,8,False,0,Typical mix
11.0,0.0,0.75,0.0,0.0,3.6166666666666663,0.0,80,2,False,5,False,0,Typical mix
7.066666666666666,7.733333333333333,1.8333333333333333,0.0,0.0,2.1666666666666665,0.0,34,2,True,8,False,2,Work-focused
14.966666666666669,0.0,2.25,0.0,0.0,3.1666666666666665,0.0,60,1,False,3,False,0,Typical mix
7.25,0.0,2.1333333333333333,0.0,0.0,3.8333333333333335,0.0,47,1,True,5,False,0,Typical mix
10.416666666666666,4.666666666666667,0.0,0.0,5.166666666666667,0.0,0.0,31,2,True,7,False,1,Social
8.916666666666666,4.733333333333333,1.0833333333333333,0.0,0.5,3.0,0.0,39,2,False,7,False,0,Typical mix
8.5,0.0,1.4833333333333334,0.0,0.6666666666666666,1.3333333333333333,0.0,16,1,False,7,False,0,Typical mix
12.166666666666666,0.0,0.3333333333333333,1.4666666666666666,0.0,4.566666666666666,0.0,17,1,True,10,False,0,Typical mix
8.0,0.0,0.0,0.0,0.0,2.0,0.0,75,2,False,5,False,0,Typical mix
9.333333333333334,0.0,1.1666666666666667,0.0,4.5,0.8333333333333334,0.0,51,1,True,4,False,1,Social
5.5,0.0,1.6666666666666667,0.0,0.0,2.6666666666666665,0.0,64,2,False,9,False,0,Typical mix
7.5,9.75,2.0,0.0,0.0,1.5,0.0,26,1,False,7,False,2,Work-focused
8.5,0.0,1.25,0.5,0.3333333333333333,0.0,0.0,64,2,True,10,False,0,Typical mix
10.066666666666666,0.0,1.0,0.0,1.0,3.0,0.0,48,2,True,5,False,0,Typical mix
12.666666666666666,0.0,0.8333333333333334,0.0,0.0,10.166666666666666,0.0,44,2,True,10,False,0,Typical mix
7.916666666666667,0.0,1.4166666666666667,0.0,0.0,0.5,0.0,57,1,True,5,False,0,Typical mix
8.083333333333334,9.5,1.1666666666666667,0.0,0.0,0.0,0.0,60,2,False,3,False,2,Work-focused
9.0,0.0,0.25,0.0,0.0,8.75,0.0,71,2,True,8,False,0,Typical mix
8.75,7.416666666666667,2.25,0.0,0.0,0.0,0.0,50,1,False,9,False,2,Work-focused
10.5,0.0,1.5,0.5833333333333334,2.25,4.066666666666666,0.0,69,2,False,8,False,0,Typical mix
12.0,0.0,0.25,0.0,4.416666666666667,4.0,0.0,53,2,True,5,False,1,Social
8.916666666666666,0.0,0.3333333333333333,0.0,0.0,5.5,0.0,72,1,False,5,False,0,Typical mix
5.5,0.0,0.8333333333333334,1.0,0.0,14.25,0.0,76,2,False,6,False,0,Typical mix
6.466666666666667,3.0,2.75,0.0,0.0,3.5,0.0,58,1,True,9,False,0,Typical mix
9.0,0.0,0.8333333333333334,0.0,0.0,5.2,0.0,64,2,False,8,False,0,Typical mix
7.5,0.0,0.75,0.0,0.0,1.0833333333333333,0.0,74,2,False,8,False,0,Typical mix
9.0,8.583333333333334,0.75,0.0,0.0,4.25,0.0,45,1,False,7,False,2,Work-focused
6.333333333333333,0.0,0.0,0.1666666666666666,6.0,5.883333333333334,0.0,46,1,False,8,False,1,Social
10.5,0.0,0.5833333333333334,0.0,0.0,4.0,0.0,46,2,False,10,False,0,Typical mix
9.0,0.0,1.25,0.0,0.0,3.4166666666666665,0.0,16,1,True,9,False,0,Typical mix
9.0,8.583333333333334,1.1666666666666667,0.0,0.0,2.0,0.0,26,2,False,9,False,2,Work-focused
7.233333333333333,8.666666666666666,0.8333333333333334,0.0,0.5,0.0,1.8333333333333333,46,1,False,6,False,2,Work-focused
7.933333333333334,7.816666666666666,1.9666666666666663,0.0,0.5,2.0833333333333335,0.0,36,2,False,10,False,2,Work-focused
7.966666666666667,7.483333333333333,1.3833333333333333,0.0,0.75,0.0,0.5,38,1,False,4,False,2,Work-focused
9.0,0.0,0.5,0.3333333333333333,3.0,0.0,1.1666666666666667,44,2,True,8,False,1,Social
9.5,0.0,1.1666666666666667,0.0,0.5,5.416666666666667,2.0,57,2,True,6,False,0,Typical mix
8.5,0.0,1.3333333333333333,0.0,0.0,7.333333333333333,0.0,69,1,False,9,False,0,Typical mix
8.5,0.0,0.8333333333333334,0.3333333333333333,1.0,2.1666666666666665,0.5,35,2,True,8,False,0,Typical mix
11.5,0.0,1.0,0.0,0.0,5.5,0.0,80,1,False,7,False,0,Typical mix
10.0,0.0,0.9166666666666666,1.0,0.0,3.0,0.0,41,2,False,9,False,0,Typical mix
10.15,0.0,0.75,0.0,0.0,0.0,0.1666666666666666,42,2,False,9,False,0,Typical mix
9.5,0.0,0.5,0.0,0.75,2.0,0.0,56,2,True,8,False,0,Typical mix
7.5,0.0,0.5,0.0,0.0,0.5,0.0,45,1,True,8,False,0,Typical mix
9.616666666666667,0.0,1.4166666666666667,0.0,5.333333333333333,0.0,0.0,31,1,True,4,False,1,Social
8.05,0.0,0.0,0.0,0.0,7.5,0.0,56,2,False,3,False,0,Typical mix
11.75,8.083333333333334,2.0,0.0,0.0,0.0,0.0,31,1,False,6,False,2,Work-focused
8.5,0.3333333333333333,0.5,0.0,0.0,4.483333333333333,0.0,38,2,False,10,False,0,Typical mix
8.0,8.083333333333334,1.0,0.0,0.0,3.5,0.0,36,1,False,8,False,2,Work-focused
8.5,0.0,1.3333333333333333,0.8333333333333334,0.0,2.5,1.25,55,2,False,10,False,0,Typical mix
9.5,0.0,0.5,0.0,0.0,4.0,0.0,32,2,False,10,False,0,Typical mix
12.6,8.383333333333333,0.5,0.0,0.0,0.0,0.0,20,1,True,8,False,2,Work-focused
7.416666666666667,7.666666666666667,1.9166666666666667,0.0,0.0,0.3333333333333333,0.6666666666666666,41,2,False,6,False,2,Work-focused
7.75,0.0,1.0,0.5,0.0,0.0,0.0,62,2,False,5,False,0,Typical mix
10.733333333333333,0.0,0.8333333333333334,0.0,1.0,4.25,0.0,75,1,False,3,False,0,Typical mix
7.75,0.0,1.5,0.0,0.5,12.633333333333333,0.0,66,1,True,7,False,0,Typical mix
7.5,2.0,0.5,0.0,0.0,0.0,0.0,45,2,True,8,False,2,Work-focused
7.75,0.0,1.3333333333333333,0.0,4.0,2.9166666666666665,0.0,47,1,True,5,False,1,Social
10.5,0.0,0.8333333333333334,0.0,0.0,9.916666666666666,0.0,78,1,False,5,False,0,Typical mix
6.333333333333333,10.416666666666666,0.0,0.0,0.0,1.8333333333333333,0.0,54,2,False,4,False,2,Work-focused
8.166666666666666,0.0,0.75,0.0,0.0,10.416666666666666,0.1666666666666666,67,1,False,5,False,0,Typical mix
9.833333333333334,7.5,1.0,0.0,0.6333333333333333,0.5,0.0,56,1,True,7,False,2,Work-focused
10.416666666666666,0.0,1.0,1.0,0.0,2.0,0.0,54,2,True,7,False,0,Typical mix
9.833333333333334,0.0,1.0,0.0,0.0,2.0,0.0,28,2,True,10,False,0,Typical mix
9.5,5.0,1.1666666666666667,0.0,0.0,5.75,0.0,38,2,False,8,False,0,Typical mix
11.75,4.416666666666667,4.416666666666667,0.0,0.0,0.0,0.0,37,2,True,7,False,0,Typical mix
7.833333333333333,0.0,0.25,0.0,0.0,1.5,1.0,59,2,False,7,False,0,Typical mix
10.033333333333331,0.0,0.25,0.0,0.0,1.5,0.0,71,2,False,1,False,0,Typical mix
9.75,0.0,0.5833333333333334,0.0,0.0,5.0,1.0,70,2,True,5,False,0,Typical mix
8.5,0.0,2.4166666666666665,0.0,5.75,4.0,0.0,64,2,True,8,False,1,Social
6.866666666666666,0.0,0.5,0.0,1.0,6.5,0.0,56,2,False,7,False,0,Typical mix
9.0,0.0,0.5,0.0,0.0,11.0,0.0,30,1,True,6,False,0,Typical mix
8.0,0.0,2.5,0.0,0.0,0.0,1.0,79,1,True,10,False,0,Typical mix
4.5,14.0,1.0,0.0,0.0,1.1666666666666667,0.0,37,1,False,9,False,2,Work-focused
8.5,0.0,0.0,0.0,0.0,0.0,0.0,51,1,True,10,False,0,Typical mix
7.0,12.0,0.5,0.0,0.0,0.0,0.0,40,2,True,7,False,2,Work-focused
11.75,0.25,0.5,0.0,1.5,6.083333333333333,0.0,43,2,True,6,False,0,Typical mix
11.5,1.0,0.75,0.0,0.25,4.25,0.0,55,1,True,7,False,0,Typical mix
7.75,8.416666666666666,0.6666666666666666,0.0,0.0,1.0,0.0,36,2,False,10,False,2,Work-focused
7.0,0.0,2.0,0.0,1.0,0.0,0.0,40,2,True,5,False,0,Typical mix
7.0,0.0,1.6666666666666667,0.0,0.0,4.833333333333333,0.0,52,2,True,8,False,0,Typical mix
9.916666666666666,0.0,0.5,0.0,6.166666666666667,0.0,0.0,44,1,True,10,False,1,Social
7.166666666666667,8.333333333333334,1.6666666666666667,2.0,0.0,1.0,0.0,29,1,False,8,False,2,Work-focused
13.083333333333334,8.75,0.75,0.0,0.0,0.0,0.0,17,1,True,8,False,2,Work-focused
11.75,0.0,0.4166666666666667,0.0,1.3333333333333333,3.75,1.0,51,1,True,7,False,0,Typical mix
9.166666666666666,0.0,0.25,0.0,0.5,2.3,0.0,33,2,False,8,False,0,Typical mix
11.0,10.0,0.5,0.0,0.0,1.0,0.0,33,1,False,9,False,2,Work-focused
8.9,0.0,2.0833333333333335,0.0,0.0,3.5,0.0,16,2,False,4,False,0,Typical mix
7.883333333333334,9.283333333333331,1.0833333333333333,0.0,0.55,0.0,0.0,51,1,False,5,False,2,Work-focused
8.5,0.0,1.3333333333333333,0.0,0.0,6.833333333333333,0.0,85,1,False,5,False,0,Typical mix
7.65,8.0,1.0,0.0,0.0,2.5,0.5,30,1,False,7,False,2,Work-focused
10.5,0.5833333333333334,0.6666666666666666,0.0,0.0,3.0,0.0,73,1,False,9,False,0,Typical mix
8.216666666666667,0.0,2.1666666666666665,0.0,1.25,0.0,0.0,67,2,True,3,False,0,Typical mix
7.583333333333333,0.0,0.6666666666666666,0.25,1.0,6.083333333333333,0.0,85,2,False,9,False,0,Typical mix
9.0,0.0,1.1666666666666667,2.8333333333333335,0.4,0.75,0.0,15,1,False,8,False,3,Active
9.166666666666666,0.0,1.0833333333333333,0.0,0.0,2.066666666666667,0.0,80,2,False,10,False,0,Typical mix
10.0,0.0,4.833333333333333,0.0,0.25,0.5,0.0,78,1,True,10,False,0,Typical mix
4.0,11.0,0.6666666666666666,0.0,0.0,0.0,0.0,66,2,False,6,False,2,Work-focused
8.25,10.066666666666666,0.4166666666666667,0.0,0.0,0.75,0.0,53,2,True,8,False,2,Work-focused
10.666666666666666,0.0,0.6666666666666666,0.0,5.0,0.9166666666666666,0.0,23,2,False,3,False,1,Social
7.033333333333333,7.833333333333333,0.75,0.0,0.0,0.0,0.25,59,2,False,7,False,2,Work-focused
8.5,0.0,1.75,0.0,6.05,0.5,0.0,40,2,True,6,False,1,Social
8.0,9.25,0.75,0.9166666666666666,0.25,0.0,0.0,29,1,False,7,False,2,Work-focused
9.0,0.0,2.5,0.0,0.0,1.3333333333333333,1.0,69,2,True,10,False,0,Typical mix
7.5,0.0,2.0,0.0,0.0,0.0,0.0,39,2,True,5,False,0,Typical mix
7.883333333333334,0.0,1.0,0.25,10.083333333333334,1.75,0.0,20,1,True,7,False,1,Social
6.5,0.0,0.0,0.0,0.0,2.0,0.0,60,2,True,5,False,0,Typical mix
11.75,6.5,0.75,0.0,0.0,2.0,0.0,52,1,True,6,False,2,Work-focused
8.5,0.0,0.5,0.0,0.0,6.833333333333333,2.0,33,2,True,8,False,0,Typical mix
7.8,7.633333333333334,1.1666666666666667,0.0,0.0,0.0,0.0,49,2,False,6,False,2,Work-focused
5.0,0.0,4.083333333333333,2.0,2.5,1.0,0.0,37,1,True,9,False,1,Social
8.05,7.583333333333333,3.0,0.0,0.0,2.0,0.0,39,2,True,4,False,2,Work-focused
4.5,7.25,9.316666666666666,0.0,0.0,0.0,0.0,33,1,False,7,False,2,Work-focused
8.25,6.583333333333333,0.9166666666666666,1.0833333333333333,0.0,1.5,0.0,40,2,False,8,False,2,Work-focused
7.5,8.116666666666667,0.8333333333333334,0.0,0.0,0.0333333333333333,0.0,35,2,False,8,False,2,Work-focused
7.5,8.166666666666666,1.1666666666666667,0.0,1.6666666666666667,0.8333333333333334,0.0,43,1,False,8,False,2,Work-focused
5.0,0.0,2.5,0.0,0.0,1.5,0.0,37,1,True,8,False,0,Typical mix
10.0,5.25,1.0,0.0,0.0,1.25,0.5,55,2,False,8,False,2,Work-focused
7.166666666666667,0.0,0.4166666666666667,0.0,0.0,5.616666666666666,0.0,17,2,False,10,False,0,Typical mix
9.0,0.0,0.6666666666666666,0.0,0.0,2.5833333333333335,0.0,59,2,False,7,False,0,Typical mix
10.25,0.0,1.0,0.0,0.0,8.666666666666666,0.0,74,1,True,5,False,0,Typical mix
8.0,7.75,1.8333333333333333,0.0,0.0,3.1666666666666665,0.0,53,1,False,8,False,2,Work-focused
7.25,0.0,0.5,0.0,0.0,12.5,0.0,76,1,True,6,False,0,Typical mix
7.333333333333333,12.166666666666666,1.0,1.0,0.0,0.0,0.0,63,2,True,6,False,2,Work-focused
7.5,10.583333333333334,1.5,0.0,0.0,3.0,0.0,46,1,False,6,False,2,Work-focused
12.5,0.0,0.75,0.0,0.0,8.083333333333334,0.0,65,2,False,4,False,0,Typical mix
10.466666666666669,0.0,3.0,0.0,0.0,0.0,0.0,32,2,True,5,False,0,Typical mix
13.116666666666667,6.0,0.5,0.0,0.25,0.0,0.1666666666666666,19,1,True,10,False,2,Work-focused
9.0,0.3333333333333333,1.0,0.0,2.6666666666666665,0.0,2.6666666666666665,58,2,True,8,False,4,Computer-leisure
7.5,0.0,2.0,0.5,0.8333333333333334,5.166666666666667,0.0,72,2,True,9,False,0,Typical mix
9.5,0.0,1.0,0.0,0.0,2.0,0.0,25,1,True,10,False,0,Typical mix
9.5,0.0,1.3333333333333333,0.0,1.0,2.8333333333333335,0.0,70,2,True,8,False,0,Typical mix
10.0,10.0,0.8333333333333334,0.0,0.0,0.0,0.0,79,1,True,9,False,2,Work-focused
9.0,0.3333333333333333,0.5,0.0,0.0,2.5,0.0,45,2,True,7,False,0,Typical mix
7.25,5.333333333333333,0.1666666666666666,1.0,0.25,3.1,0.0,21,2,False,6,False,2,Work-focused
5.25,16.816666666666666,0.0,0.0,0.0,0.0,0.0,36,2,False,5,False,2,Work-focused
8.0,0.0,0.5,0.0,0.0,5.0,0.0,46,2,True,8,False,0,Typical mix
9.833333333333334,0.0,1.0,0.0,0.0,0.0,0.0,23,2,False,10,False,0,Typical mix
9.833333333333334,3.5,0.5,1.75,0.0,1.5,0.0,44,1,False,5,False,0,Typical mix
6.166666666666667,0.0,0.5,0.0,0.3333333333333333,8.6,0.0,73,1,True,8,False,0,Typical mix
11.0,6.25,1.25,0.0,0.0,0.0,0.0,61,1,True,9,False,2,Work-focused
10.0,0.0,1.3333333333333333,0.0,0.0,7.166666666666667,0.0,85,2,True,5,False,0,Typical mix
11.25,0.0,1.5,0.0,0.8166666666666667,0.0,0.0,37,2,False,5,False,0,Typical mix
6.75,7.683333333333334,0.85,2.1666666666666665,0.0,0.9166666666666666,0.0,61,2,False,7,False,2,Work-focused
10.5,0.0,1.75,0.0,1.5166666666666666,5.0,0.0,40,1,True,7,False,0,Typical mix
9.0,0.0,0.8333333333333334,0.0,3.3333333333333335,4.466666666666667,0.0,67,2,True,8,False,1,Social
10.25,0.0,1.25,0.0,4.383333333333334,1.5,0.0,57,1,True,9,False,1,Social
7.65,11.233333333333333,2.25,0.0,0.0,1.5,0.0,32,1,False,6,False,2,Work-focused
7.366666666666666,10.75,0.6666666666666666,0.0,0.0,2.0,0.0,30,2,False,6,False,2,Work-focused
9.5,8.666666666666666,0.5,0.5,0.0,2.6666666666666665,0.0,43,2,False,7,False,2,Work-focused
7.5,3.216666666666667,2.25,0.0,0.0,0.0,0.0,67,1,False,8,False,2,Work-focused
8.75,0.0,0.25,0.0833333333333333,0.0,14.45,0.0,60,2,False,5,False,0,Typical mix
7.0,0.75,1.5,0.0,0.0,5.5,0.0,62,1,False,10,False,0,Typical mix
6.5,10.5,0.8333333333333334,0.0,0.0,3.5833333333333335,0.0,63,1,False,4,False,2,Work-focused
6.75,13.333333333333334,0.25,0.0,0.0,0.0,0.0,50,1,False,5,False,2,Work-focused
10.0,0.0,1.3333333333333333,0.0,0.0,5.083333333333333,1.0,67,2,False,8,False,0,Typical mix
9.5,0.0,0.0,0.0,0.5,6.0,0.0,78,2,True,10,False,0,Typical mix
11.166666666666666,0.0,0.0,0.0,0.0,0.25,0.75,41,2,True,6,False,0,Typical mix
8.166666666666666,0.0,0.5,0.0,0.5,0.0,0.0,33,2,False,5,False,0,Typical mix
11.0,0.0,1.5,0.0,3.5,3.0,0.0,74,2,True,8,False,1,Social
6.133333333333334,0.0,0.5,0.0,0.0,5.0,0.0,60,2,True,6,False,0,Typical mix
9.583333333333334,0.0,0.5,0.0,2.0,0.0,0.0,36,2,False,8,False,0,Typical mix
7.833333333333333,10.333333333333334,2.35,0.5,0.0,0.0,0.0,43,1,False,10,False,2,Work-focused
8.25,7.0,0.6666666666666666,0.0,1.0,3.3333333333333335,0.0,58,2,False,10,False,2,Work-focused
7.25,0.0,0.3333333333333333,0.0,0.0,8.033333333333333,2.1666666666666665,59,1,True,2,False,0,Typical mix
6.083333333333333,11.5,1.9166666666666667,0.8333333333333334,0.0,2.0,0.0,58,1,False,7,False,2,Work-focused
9.833333333333334,0.0,1.25,0.0,0.0,1.8166666666666669,0.0,50,2,False,10,False,0,Typical mix
7.166666666666667,12.95,0.5,0.0,0.0,0.5,0.0,39,2,False,8,False,2,Work-focused
8.5,7.0,1.3333333333333333,0.0,0.0,1.9166666666666667,0.0,27,1,False,5,False,2,Work-focused
10.0,0.0,1.3333333333333333,0.0,1.0,4.166666666666667,0.0,78,2,False,8,False,0,Typical mix
7.5,0.0,0.4166666666666667,0.0,0.0,3.65,0.0,54,2,False,6,False,0,Typical mix
10.0,0.0,4.0,0.0,0.0,3.2333333333333334,0.0,39,1,True,8,False,0,Typical mix
9.833333333333334,0.0,1.1666666666666667,0.0,2.0,3.0,0.0,54,2,True,4,False,0,Typical mix
9.25,0.0,1.4,0.0,0.0,2.0,0.0,79,2,False,8,False,0,Typical mix
10.0,5.25,0.3333333333333333,0.0,0.0,7.166666666666667,0.0,34,1,True,7,False,0,Typical mix
7.5,0.0,1.4166666666666667,0.0,0.0,0.0,0.0,56,2,True,8,False,0,Typical mix
9.166666666666666,7.916666666666667,0.5,0.0,0.0,2.0833333333333335,0.0,26,2,False,7,False,2,Work-focused
12.0,3.9166666666666665,0.4166666666666667,0.0,0.0,2.75,0.0,20,1,True,5,False,0,Typical mix
12.5,0.0,0.0,0.0,0.0,6.0,0.0,59,2,True,4,False,0,Typical mix
10.0,0.0,0.3333333333333333,0.0,1.65,9.3,0.0,40,2,True,6,False,0,Typical mix
9.5,0.0,1.8333333333333333,0.3333333333333333,0.0,0.0,0.0,17,2,False,6,False,0,Typical mix
7.0,8.416666666666666,0.6666666666666666,0.0,0.25,3.25,0.0,21,1,False,7,False,2,Work-focused
10.5,0.0,1.3333333333333333,0.0,0.0,3.6666666666666665,0.0,17,2,True,9,False,0,Typical mix
9.333333333333334,2.9166666666666665,0.9166666666666666,0.0,0.75,2.3333333333333335,3.0,70,1,True,8,False,4,Computer-leisure
9.583333333333334,0.0,1.3333333333333333,0.0,0.0,6.5,0.0,52,2,True,8,False,0,Typical mix
12.0,0.0,0.3333333333333333,0.0,0.0,6.25,1.0,68,2,True,3,False,0,Typical mix
9.5,0.0,1.75,0.0,0.0,4.283333333333333,0.0,56,2,True,8,False,0,Typical mix
9.916666666666666,0.0,0.8333333333333334,0.0,0.0,4.25,0.0,66,2,False,8,False,0,Typical mix
8.5,0.0,0.25,0.0,0.0,6.5,0.0,77,2,True,10,False,0,Typical mix
8.5,8.333333333333334,0.6666666666666666,0.0,0.0,2.3833333333333333,0.0,47,2,False,8,False,2,Work-focused
9.5,0.0,0.75,0.0,0.0,5.0,0.0,85,2,True,8,False,0,Typical mix
8.0,0.0,2.0,0.0,0.0,5.5,0.0,31,1,True,6,False,0,Typical mix
7.55,4.133333333333334,2.3833333333333333,0.0,0.0,3.0833333333333335,0.0,69,2,True,7,False,0,Typical mix
8.75,9.75,1.0,0.0,0.0,1.5833333333333333,0.0,52,2,False,7,False,2,Work-focused
18.5,0.0,1.5,0.5,1.0,2.0,0.0,53,1,True,4,False,0,Typical mix
8.5,0.0,2.75,0.8333333333333334,0.0,2.3333333333333335,0.0,78,1,False,8,False,0,Typical mix
10.0,0.0,2.0,0.0,0.0,2.75,0.0,85,1,False,8,False,0,Typical mix
8.0,8.5,2.0,0.0,0.0,5.5,0.0,60,1,False,8,False,2,Work-focused
10.0,0.0,0.5,0.0,0.0,7.333333333333333,0.0,41,1,True,10,False,0,Typical mix
10.5,0.0,0.1666666666666666,0.0,0.0,10.833333333333334,0.0,78,2,True,6,False,0,Typical mix
10.5,0.0,3.75,0.0,3.4166666666666665,1.0,0.0,40,1,True,5,False,1,Social
5.483333333333333,0.0,0.5833333333333334,1.0,3.0,4.833333333333333,0.0,57,1,True,8,False,1,Social
6.0,7.0,0.5,0.0,0.4166666666666667,1.75,0.0,44,2,False,5,False,2,Work-focused
13.0,0.0,2.0,0.0,0.0,3.0,0.0,58,1,True,6,False,0,Typical mix
7.0,0.0,0.5,0.0,0.0,3.0,0.0,33,2,True,7,False,0,Typical mix
7.75,0.0,0.5833333333333334,0.0,0.75,1.0833333333333333,0.0,30,2,False,7,False,0,Typical mix
7.333333333333333,4.0,1.1666666666666667,0.0,2.5,3.5,0.0,25,1,False,8,False,1,Social
7.333333333333333,8.666666666666666,0.9166666666666666,0.0,0.0,3.8333333333333335,0.0,42,1,True,4,False,2,Work-focused
7.916666666666667,7.583333333333333,3.0,0.0,0.0,0.0,0.0,27,1,False,5,False,2,Work-focused
9.883333333333333,0.0,0.5,1.25,0.6666666666666666,0.75,0.0,24,1,False,9,False,0,Typical mix
9.0,0.0,2.033333333333333,0.0,6.0,3.966666666666667,0.0,68,2,True,10,False,1,Social
8.833333333333334,8.166666666666666,1.0,0.0,1.0,0.0,0.0,52,1,False,10,False,2,Work-focused
10.416666666666666,0.0,1.5833333333333333,0.0,0.4166666666666667,2.5,0.5,40,2,False,9,False,0,Typical mix
8.666666666666666,7.0,1.0,0.0,0.0,1.5,0.0,41,1,False,8,False,2,Work-focused
8.5,0.0,2.0,0.0,0.5,2.5833333333333335,0.0,68,2,True,8,False,0,Typical mix
8.0,8.25,1.0,0.0,0.0,0.0,0.0,48,1,False,10,False,2,Work-focused
10.5,0.0,0.5,0.0,0.0,2.216666666666667,0.0,39,1,False,5,False,0,Typical mix
9.0,0.0,0.5833333333333334,0.0,0.0,11.416666666666666,0.0,67,1,False,5,False,0,Typical mix
7.5,0.0,1.5,0.0,0.0,7.333333333333333,0.0,79,2,True,5,False,0,Typical mix
11.0,1.9166666666666667,0.1666666666666666,0.0,0.0,10.633333333333333,0.0,54,1,True,6,False,0,Typical mix
8.333333333333334,9.083333333333334,1.1666666666666667,0.0,1.0,0.8333333333333334,0.0,40,1,False,9,False,2,Work-focused
6.5,8.05,1.6666666666666667,1.5,0.9666666666666668,1.75,0.0,31,1,False,6,False,2,Work-focused
7.0,0.0,0.75,0.0,1.0,7.25,0.0,61,1,False,10,False,0,Typical mix
9.833333333333334,0.0,1.25,0.5,0.0,1.5,0.0,68,1,False,8,False,0,Typical mix
9.916666666666666,0.0,1.0833333333333333,0.0,0.0,0.0,0.0,54,2,False,7,False,0,Typical mix
7.75,0.0,0.6666666666666666,0.0,0.0,12.966666666666669,0.0,78,2,False,8,False,0,Typical mix
3.25,8.166666666666666,1.5,0.0,1.5,0.0833333333333333,0.0,36,1,False,6,False,2,Work-focused
9.2,8.0,0.5,0.0,0.0,2.0,0.0,53,2,False,0,False,2,Work-focused
5.75,1.0,0.75,0.0,2.1666666666666665,1.2833333333333334,0.0,44,1,True,7,False,1,Social
11.666666666666666,0.0,4.166666666666667,2.0,0.0,0.0,0.8333333333333334,19,2,True,8,False,0,Typical mix
10.583333333333334,0.0,1.5,0.0,0.0,5.166666666666667,0.0,30,1,True,4,False,0,Typical mix
9.45,8.166666666666666,1.5833333333333333,0.0,0.0,0.0,0.0,44,1,False,7,False,2,Work-focused
13.0,0.0,0.1666666666666666,0.0,0.0,5.833333333333333,0.0,17,2,True,8,False,0,Typical mix
13.5,0.0,0.3333333333333333,0.0,0.0,7.083333333333333,0.0,52,2,True,4,False,0,Typical mix
9.0,0.0,2.4166666666666665,0.0,0.0,3.5,0.0,36,1,True,5,False,0,Typical mix
7.75,4.75,2.0,0.0,0.0,0.0,0.0,32,2,True,10,False,2,Work-focused
7.5,9.833333333333334,0.5,0.0,0.75,1.75,0.0,46,2,False,3,False,2,Work-focused
7.5,0.0,1.5,0.0,0.0,0.0,0.0,38,2,False,2,False,0,Typical mix
9.0,0.0,0.8333333333333334,0.0,0.0,4.5,0.0,46,2,True,7,False,0,Typical mix
9.416666666666666,0.0,1.5,2.0,0.0,0.0,0.0,38,2,False,9,False,0,Typical mix
9.5,0.0,0.25,0.0,0.0,11.433333333333334,0.0,41,1,True,5,False,0,Typical mix
12.0,0.0,0.1666666666666666,0.0,0.0,0.5,0.0,19,2,False,6,False,0,Typical mix
9.333333333333334,0.0,0.5,0.0,0.0,2.25,0.0,80,2,True,6,False,0,Typical mix
6.966666666666667,10.466666666666669,1.5,0.0,0.0,2.0,0.0,34,1,True,5,False,2,Work-focused
11.0,0.0,0.0,0.0,0.0,0.0,1.5,57,2,True,10,False,0,Typical mix
8.333333333333334,6.833333333333333,0.9166666666666666,0.0,1.9833333333333336,0.5,0.0,31,2,True,7,False,2,Work-focused
10.0,0.0,0.5,0.0,0.9166666666666666,4.0,0.0,43,2,True,7,False,0,Typical mix
9.0,0.0,0.8333333333333334,0.0,0.0,3.0,0.0,62,2,True,7,False,0,Typical mix
7.916666666666667,0.25,2.55,0.0,3.1666666666666665,0.75,0.0,40,1,True,9,False,1,Social
8.25,13.0,0.5,0.6666666666666666,0.0,0.0,0.0,55,1,True,7,False,2,Work-focused
6.5,0.0,1.0,2.0,0.0,7.0,0.0,61,1,False,9,False,0,Typical mix
8.25,0.0,1.0,0.0,0.0,2.5,0.0,16,2,True,9,False,0,Typical mix
8.416666666666666,0.0,1.0,0.0,1.0,5.333333333333333,0.0,38,2,True,7,False,0,Typical mix
10.0,0.0,0.0,0.0,0.0,0.0,4.0,18,1,True,5,False,4,Computer-leisure
8.5,1.75,1.0833333333333333,0.0,0.0,7.5,0.0,53,1,True,8,False,0,Typical mix
13.0,0.0,0.5,0.0,0.0,2.5,0.0,24,1,True,7,False,0,Typical mix
13.0,0.0,0.1666666666666666,0.0,0.0,3.5833333333333335,0.0,32,2,True,1,False,0,Typical mix
9.0,0.0,3.5,0.5,0.0,4.5,0.0,67,2,False,10,False,0,Typical mix
7.483333333333333,12.083333333333334,0.5,0.0,0.0,2.0,0.0,58,1,False,5,False,2,Work-focused
8.0,7.5,0.0,0.0,2.6666666666666665,2.6666666666666665,0.0,38,1,True,5,False,2,Work-focused
8.75,7.75,2.0,0.75,0.0,2.0,0.0,56,2,False,8,False,2,Work-focused
8.0,10.666666666666666,0.5,0.0,0.0,2.1666666666666665,0.0,40,1,False,7,False,2,Work-focused
9.766666666666667,3.0,0.3333333333333333,1.0,0.0,0.0,0.0,16,2,False,8,False,0,Typical mix
6.666666666666667,8.75,2.0,0.0,0.0,3.9166666666666665,0.0,38,2,True,8,False,2,Work-focused
8.5,11.666666666666666,0.5833333333333334,0.0,0.5,0.0,0.0,31,1,True,10,False,2,Work-focused
9.0,0.0,1.5,0.0,0.0,4.333333333333333,0.0,55,2,False,5,False,0,Typical mix
12.083333333333334,0.0,0.0,0.0,0.0,7.0,0.0,35,2,True,10,False,0,Typical mix
9.333333333333334,0.0,0.0833333333333333,0.0,0.0,0.0,0.0,72,2,True,10,False,0,Typical mix
10.583333333333334,0.0,0.7166666666666667,0.0,1.5,4.816666666666666,2.75,71,1,False,6,False,4,Computer-leisure
8.0,6.0,0.3333333333333333,0.0,3.0,1.0,0.0,60,1,True,8,False,1,Social
12.5,0.0,0.0,0.0,0.0,7.5,0.0,64,2,False,5,False,0,Typical mix
9.5,0.0,0.6666666666666666,0.75,0.3333333333333333,5.9,0.0,23,2,True,7,False,0,Typical mix
9.416666666666666,8.166666666666666,1.75,2.0,0.0,0.0,0.0,48,1,False,7,False,2,Work-focused
8.666666666666666,0.0,1.1666666666666667,0.0,3.4166666666666665,1.0,0.0,37,1,True,8,False,1,Social
9.5,0.0,1.0,0.0,1.0,8.416666666666666,0.0,70,1,True,10,False,0,Typical mix
10.666666666666666,0.0,0.6666666666666666,0.8333333333333334,0.0,7.083333333333333,0.0,17,1,True,10,False,0,Typical mix
10.0,0.0,0.5833333333333334,0.0,0.0,2.0,0.0,18,2,False,8,False,0,Typical mix
15.75,0.0,1.1666666666666667,0.0,0.0,0.75,0.0,52,1,True,2,False,0,Typical mix
8.0,0.0,1.0,0.0,0.0,0.75,0.0,31,2,True,10,False,0,Typical mix
9.916666666666666,0.0,0.5,0.0,0.0,4.816666666666666,0.0,68,2,True,8,False,0,Typical mix
9.333333333333334,0.0,0.5833333333333334,0.0,0.0,2.3333333333333335,0.0,36,1,True,5,False,0,Typical mix
12.083333333333334,0.0,0.6666666666666666,0.0,0.0,5.0,0.0,49,2,True,5,False,0,Typical mix
8.333333333333334,8.916666666666666,0.5,0.0,0.0,2.0,0.5,46,2,False,7,False,2,Work-focused
11.0,0.0,0.0,0.5,1.0,4.166666666666667,0.0,30,1,True,8,False,0,Typical mix
8.0,0.0,0.6666666666666666,0.0,0.25,2.55,0.0,64,2,True,10,False,0,Typical mix
8.75,0.0,2.033333333333333,0.0,0.0,0.0,0.0,17,1,False,8,False,0,Typical mix
9.25,0.0,1.0,0.0,1.5,5.75,0.5,67,1,True,7,False,0,Typical mix
9.833333333333334,0.0,1.75,0.0,0.5,0.0,1.5,31,2,True,7,False,0,Typical mix
4.533333333333333,0.0,0.1666666666666666,0.0,3.0,1.7833333333333334,0.0,24,1,False,2,False,1,Social
3.0,17.533333333333335,1.1666666666666667,0.0,0.0,0.0,0.0,30,2,False,7,False,2,Work-focused
7.5,0.0,1.5833333333333333,0.0,0.5,10.5,0.0,70,2,True,3,False,0,Typical mix
8.0,4.5,2.5,0.0,0.0,3.0,1.0,52,1,False,10,False,0,Typical mix
2.5,0.0,1.1666666666666667,0.0,0.0,14.983333333333333,0.0,51,1,True,7,False,0,Typical mix
9.0,0.0,1.25,1.0,0.0,0.5,0.0,17,2,True,8,False,0,Typical mix
8.5,5.25,0.25,1.0,0.0,0.0,1.0833333333333333,39,1,True,7,False,2,Work-focused
8.416666666666666,6.0,1.0,0.0,0.0,1.0,0.0,38,1,False,2,False,2,Work-focused
10.5,0.0,0.0,0.0,5.083333333333333,1.25,0.0,24,2,True,10,False,1,Social
6.0,8.0,0.8333333333333334,0.0,0.0,0.0,0.0,36,2,False,1,False,2,Work-focused
9.0,4.333333333333333,0.25,0.0,0.0,3.9166666666666665,0.0,57,2,True,7,False,0,Typical mix
7.0,8.666666666666666,0.75,0.0,0.0,2.0,0.0,25,2,False,7,False,2,Work-focused
15.3,0.0,0.3333333333333333,0.0,0.0,7.0,0.0,60,1,True,10,False,0,Typical mix
9.5,4.0,0.3333333333333333,0.0,0.0,3.9166666666666665,0.0,50,1,True,5,False,0,Typical mix
8.75,0.0,0.1666666666666666,0.0,2.4166666666666665,2.0,0.0,54,1,True,5,False,1,Social
9.5,0.0,0.5,0.0,0.0,7.666666666666667,0.0,55,2,True,10,False,0,Typical mix
8.616666666666667,0.0,1.5,0.0,0.1666666666666666,2.1666666666666665,0.0,16,1,True,7,False,0,Typical mix
12.333333333333334,0.0,0.5,3.0,0.0,5.3,0.0,16,2,False,8,False,3,Active
8.916666666666666,6.416666666666667,0.5833333333333334,0.0,0.0,1.5,0.0,43,2,False,7,False,2,Work-focused
8.166666666666666,0.0,0.6833333333333333,0.0,0.0,9.1,0.1666666666666666,41,1,True,3,False,0,Typical mix
9.25,0.0,1.25,0.0,0.7166666666666667,2.716666666666667,0.0,16,2,False,7,False,0,Typical mix
15.983333333333333,0.0,0.75,0.0,0.0,0.0,0.0,48,2,True,5,False,0,Typical mix
5.266666666666667,6.266666666666667,0.9166666666666666,0.0,0.5666666666666667,0.0,0.0,21,1,False,9,False,2,Work-focused
16.0,0.0,0.5,0.0,0.0,3.0,0.0,51,2,True,10,False,0,Typical mix
9.75,0.0,0.75,1.5,1.5,5.816666666666666,0.0,28,1,True,7,False,0,Typical mix
10.5,0.0,0.6666666666666666,0.0,0.0,4.833333333333333,0.0,16,2,True,9,False,0,Typical mix
7.0,10.583333333333334,1.0833333333333333,0.0,0.0,0.6333333333333333,0.0,46,2,False,6,False,2,Work-focused
6.0,0.0,0.5,0.0,0.0,17.066666666666666,0.0,60,2,True,10,False,0,Typical mix
8.0,10.566666666666666,1.0,0.0,0.0,1.0,0.0,42,1,False,8,False,2,Work-focused
9.0,0.0,1.4166666666666667,0.0,6.166666666666667,6.916666666666667,0.0,70,2,False,9,False,1,Social
7.5,0.0,2.0,0.0,0.0,4.166666666666667,0.0,43,2,True,5,False,0,Typical mix
11.666666666666666,0.0,1.0833333333333333,0.0,0.0,1.9166666666666667,0.0,30,2,True,10,False,0,Typical mix
8.583333333333334,10.666666666666666,0.6666666666666666,0.0,0.5,0.0,0.0,31,1,True,7,False,2,Work-focused
8.866666666666667,10.883333333333333,0.5833333333333334,0.0,0.0,0.0,0.0,37,2,False,5,False,2,Work-focused
9.5,0.0,0.5,0.0,3.9166666666666665,9.083333333333334,0.0,76,1,True,10,False,1,Social
11.983333333333333,0.0,0.5833333333333334,0.0,2.0,5.55,1.0,26,2,False,5,False,0,Typical mix
7.983333333333333,0.0,2.0,0.0,2.8333333333333335,0.0,0.0,41,2,True,10,False,1,Social
12.5,0.0,1.1666666666666667,0.0,0.0,0.0,0.0,19,1,False,6,False,0,Typical mix
9.333333333333334,8.083333333333334,0.8333333333333334,0.0,0.0,0.0,0.0,41,1,False,8,False,2,Work-focused
11.0,0.0,1.75,0.0,0.0,3.75,0.0,27,1,False,10,False,0,Typical mix
14.333333333333334,0.0,0.4166666666666667,0.0,0.0,3.0,0.0,18,1,True,9,False,0,Typical mix
10.0,0.0,0.6666666666666666,1.0,0.0,2.1666666666666665,0.0,42,2,True,7,False,0,Typical mix
6.5,0.0,0.0,0.0,0.0,4.833333333333333,0.0,37,2,True,5,False,0,Typical mix
12.5,0.0,1.5,0.0,0.8333333333333334,0.0,4.333333333333333,73,2,True,5,False,4,Computer-leisure
12.333333333333334,3.0,0.0,0.0,0.0,4.666666666666667,0.0,34,2,False,5,False,0,Typical mix
2.0,0.0,0.5,0.0,5.0,0.0,0.0,37,1,True,7,False,1,Social
8.5,0.0,1.5,1.5,3.5,0.0,1.3333333333333333,16,2,True,9,False,1,Social
9.5,0.0,0.5,0.0,0.0,4.833333333333333,0.0,64,1,True,4,False,0,Typical mix
11.5,0.0,1.25,0.0,0.0,2.25,0.0,55,2,True,8,False,0,Typical mix
9.333333333333334,1.3333333333333333,2.25,0.0,0.0,2.5,0.0,45,1,False,8,False,0,Typical mix
9.5,0.0,0.5,0.0,0.0,1.5,0.25,57,2,True,9,False,0,Typical mix
9.833333333333334,0.0,1.5,0.0,1.0,2.5,0.0,63,1,True,8,False,0,Typical mix
9.0,0.0,1.0,0.0,0.0,0.5,0.0,29,1,True,7,False,0,Typical mix
7.5,0.0,0.4666666666666667,1.0,0.0,4.5,0.0,20,1,False,8,False,0,Typical mix
5.5,8.333333333333334,1.6666666666666667,0.0,1.6666666666666667,2.5,0.3333333333333333,44,1,True,7,False,2,Work-focused
11.0,0.0,0.75,0.0,0.0,0.0,2.0,30,2,True,7,False,0,Typical mix
8.0,0.0,1.9166666666666667,0.0,0.75,3.75,0.0,53,1,False,8,False,0,Typical mix
9.966666666666669,0.0,2.0,0.0,1.8333333333333333,0.0,0.0,44,2,True,10,False,0,Typical mix
8.25,7.0,1.0,0.0,0.0,2.4166666666666665,0.0,51,2,False,10,False,2,Work-focused
7.5,9.95,0.75,0.0,0.0,1.1333333333333333,0.0,44,2,False,9,False,2,Work-focused
11.166666666666666,0.0,1.25,0.0,0.0,0.0,0.0,33,2,True,3,False,0,Typical mix
11.0,0.0,1.0,0.0,6.5,2.0,0.0,25,1,True,8,False,1,Social
10.5,0.0,1.75,0.0,1.0,1.5,0.0,47,2,True,7,False,0,Typical mix
8.25,12.0,0.0333333333333333,0.0,0.3333333333333333,0.25,0.0,28,1,False,6,False,2,Work-focused
10.0,0.0,1.25,0.0,0.0,9.75,0.0,71,1,False,8,False,0,Typical mix
7.833333333333333,7.5,1.0,0.0,0.0,0.0,0.0,61,1,True,5,False,2,Work-focused
8.25,0.0,0.6666666666666666,0.0,0.0,0.0,0.0,26,2,False,9,False,0,Typical mix
9.0,0.5,4.5,0.0,0.0,1.8333333333333333,0.0,62,1,True,10,False,0,Typical mix
9.75,4.666666666666667,1.0,0.0,0.0,2.5,0.25,24,1,True,2,False,0,Typical mix
10.0,3.0,0.3333333333333333,0.0,0.5,2.0833333333333335,0.0,18,2,True,8,False,0,Typical mix
7.5,10.0,1.0,0.0,1.0,0.0,0.5,52,1,False,7,False,2,Work-focused
8.25,1.05,1.3333333333333333,1.0,0.0,5.0,5.15,59,2,True,8,False,4,Computer-leisure
14.0,0.0,0.8333333333333334,0.5,0.0,4.0,0.0,62,2,True,10,False,0,Typical mix
8.0,0.0,1.0,0.0,2.75,3.5166666666666666,0.0,57,1,False,8,False,1,Social
10.783333333333331,0.0,0.8333333333333334,0.0,0.0,6.0,0.0,70,2,True,8,False,0,Typical mix
7.5,0.0,0.0,0.0,0.0,0.0,0.0,80,1,False,0,False,0,Typical mix
4.583333333333333,9.45,2.716666666666667,0.0,3.6666666666666665,0.0,0.0,24,1,False,7,False,2,Work-focused
10.5,0.0,1.0333333333333334,0.0,3.0,6.833333333333333,0.0,46,1,False,5,False,1,Social
8.333333333333334,2.0833333333333335,1.1666666666666667,0.0,3.5,0.0,4.5,40,1,False,8,False,4,Computer-leisure
6.0,7.5,0.75,0.0,0.0,0.5,0.0,44,1,False,7,False,2,Work-focused
8.333333333333334,5.666666666666667,1.25,0.0,0.0,2.8333333333333335,0.0,44,2,True,8,False,2,Work-focused
6.016666666666667,7.65,1.25,1.0,2.25,1.5,0.0,26,1,False,10,False,2,Work-focused
5.333333333333333,0.0,1.0,4.666666666666667,1.0,6.75,0.0,25,1,True,5,False,3,Active
9.666666666666666,0.0,1.3333333333333333,0.0,0.0,5.0,0.0,79,2,True,7,False,0,Typical mix
9.5,8.083333333333334,1.0,1.0,0.0,0.0,1.5,61,1,False,8,False,2,Work-focused
7.416666666666667,0.0,1.0,0.3333333333333333,0.0,2.0,0.0,30,2,True,7,False,0,Typical mix
7.85,5.983333333333333,1.0,0.0,0.0,3.5,0.0,49,2,False,10,False,2,Work-focused
12.5,0.0,1.2,0.0,0.1666666666666666,1.3333333333333333,0.0,38,2,True,6,False,0,Typical mix
10.5,5.0,0.0,0.0,0.0,2.5,0.0,55,2,True,7,False,2,Work-focused
9.5,0.0,1.0,0.0,2.0,0.0,0.0,29,2,False,5,False,0,Typical mix
11.0,0.0,1.0,0.0,0.0,2.4166666666666665,0.0,38,2,True,5,False,0,Typical mix
7.0,11.25,1.0,0.0,0.0,2.5833333333333335,0.0,59,2,False,8,False,2,Work-focused
9.0,0.0,0.1666666666666666,5.75,0.0,0.0,0.0,46,1,True,7,False,3,Active
8.5,0.0,0.1666666666666666,0.0,5.833333333333333,8.916666666666666,0.0,57,1,True,10,False,1,Social
1.25,11.5,0.0,0.0,0.0,0.0,0.0,43,1,False,6,False,2,Work-focused
6.666666666666667,0.0,2.8333333333333335,0.0,0.0,0.0,0.0,29,2,True,7,False,0,Typical mix
13.0,0.0,2.5,0.0,0.0,4.0,0.0,41,2,True,4,False,0,Typical mix
7.666666666666667,0.0,1.8333333333333333,0.0,0.5,4.25,0.0,61,2,True,8,False,0,Typical mix
8.666666666666666,6.766666666666667,1.0833333333333333,0.0,0.0,1.9833333333333336,0.0,35,2,False,8,False,2,Work-focused
12.0,0.1666666666666666,1.5,0.0,0.0,2.216666666666667,0.0,62,1,True,3,False,0,Typical mix
6.25,0.3333333333333333,1.8333333333333333,0.0,1.0,1.0,0.0,51,2,False,7,False,0,Typical mix
7.5,9.25,0.5,0.0,0.0,0.5,0.0,39,1,False,6,False,2,Work-focused
6.25,12.75,1.0,0.0,0.0,0.0,0.0,23,1,False,4,False,2,Work-focused
9.0,7.5,1.5,0.0,0.0,0.0,0.0,32,2,False,10,False,2,Work-focused
12.0,0.0,0.75,0.0,3.5,2.3333333333333335,0.0,39,1,True,5,False,1,Social
9.0,0.75,1.5833333333333333,0.0,0.0,1.0,0.0,32,1,True,9,False,0,Typical mix
5.0,11.166666666666666,0.0,0.0,0.0,0.0,0.0,24,2,False,5,False,2,Work-focused
7.55,0.0,2.0,0.0,1.0,4.75,0.0,68,2,True,10,False,0,Typical mix
10.0,0.0,0.1666666666666666,0.0,0.1666666666666666,7.5,1.0,29,2,True,5,False,0,Typical mix
8.833333333333334,0.0,0.5833333333333334,0.0,0.0,6.666666666666667,0.0,62,1,True,8,False,0,Typical mix
13.333333333333334,0.0,0.3333333333333333,0.0,0.0,4.083333333333333,0.0,80,2,False,5,False,0,Typical mix
12.283333333333331,0.0,0.8333333333333334,0.0,0.0,0.0,0.0,50,2,False,8,False,0,Typical mix
8.666666666666666,4.333333333333333,0.0,0.0,9.666666666666666,0.0,0.0,21,2,True,10,False,1,Social
8.0,7.916666666666667,0.75,0.0,0.0,2.466666666666667,0.0,39,2,False,6,False,2,Work-focused
13.0,0.0,0.4166666666666667,0.0,0.0,0.0,0.0,50,2,True,6,False,0,Typical mix
9.25,9.5,0.0,0.0,0.0,2.0,0.0,36,1,True,5,False,2,Work-focused
10.0,0.0,1.5,0.0,2.0,2.9833333333333334,3.0,61,1,True,7,False,4,Computer-leisure
8.5,10.166666666666666,1.0,0.0,0.0,1.0,0.0,49,1,True,5,False,2,Work-focused
9.0,10.25,0.8333333333333334,0.0,0.0,0.0,0.0,47,2,False,10,False,2,Work-focused
9.0,0.0,1.5,0.0,6.0,2.0,0.0,41,1,False,7,False,1,Social
10.5,0.0,1.5833333333333333,0.0,0.25,4.75,0.0,31,2,True,5,False,0,Typical mix
12.833333333333334,0.0,0.1666666666666666,0.0,1.3333333333333333,4.25,0.0,31,2,True,10,False,0,Typical mix
7.75,11.0,0.6666666666666666,0.0,1.0,1.5,0.0,37,2,False,8,False,2,Work-focused
7.75,0.0,1.75,6.0,0.0,0.0,0.0,42,1,True,9,False,3,Active
9.0,8.75,2.5,0.0,0.0,0.0,0.0,48,1,False,8,False,2,Work-focused
4.833333333333333,11.833333333333334,1.0,0.0,0.0,1.25,0.0,38,1,False,7,False,2,Work-focused
8.416666666666666,8.333333333333334,0.1666666666666666,0.0,0.3333333333333333,1.3333333333333333,1.5,44,2,False,8,False,2,Work-focused
9.5,7.583333333333333,1.6666666666666667,0.0,0.0,0.0,0.0,38,2,True,7,False,2,Work-focused
8.0,3.8333333333333335,0.5,0.0,0.0,3.4166666666666665,0.0,63,2,False,8,False,0,Typical mix
9.666666666666666,0.0,2.5,0.0,0.0,0.0,0.0,34,2,True,9,False,0,Typical mix
8.0,7.166666666666667,0.8333333333333334,0.0,2.75,0.0,0.0,56,1,False,5,False,2,Work-focused
11.566666666666666,0.0,1.75,0.0,0.0,1.0,0.0,16,1,True,10,False,0,Typical mix
7.283333333333333,0.0,0.4166666666666667,0.5,0.0,5.5,0.0,47,2,True,8,False,0,Typical mix
11.0,0.5,1.2,0.0,1.0,2.533333333333333,0.0,34,2,True,10,False,0,Typical mix
8.583333333333334,0.0,1.0,0.0,0.0,5.083333333333333,0.0,73,2,True,4,False,0,Typical mix
11.0,0.0,0.25,0.0,5.75,3.0,0.0,19,2,False,8,False,1,Social
10.0,0.0,0.1666666666666666,0.0,0.0,12.666666666666666,0.0,31,1,False,5,False,0,Typical mix
8.583333333333334,0.0,0.5833333333333334,0.0,2.0166666666666666,2.5,0.0,22,2,True,9,False,0,Typical mix
9.25,6.25,0.0,0.75,0.0,5.25,0.0,53,1,True,10,False,2,Work-focused
7.916666666666667,6.25,0.3333333333333333,0.0,0.0,5.066666666666666,0.0,42,2,False,7,False,2,Work-focused
8.333333333333334,10.25,0.8333333333333334,0.0,0.0,2.4166666666666665,0.5,29,2,False,7,False,2,Work-focused
10.25,0.0,2.0,0.0,0.0,2.0,0.0,52,1,True,3,False,0,Typical mix
8.133333333333333,0.0,0.0,0.0,0.0,11.6,0.0,40,2,False,8,False,0,Typical mix
8.25,0.75,1.75,0.0,0.0,4.0,1.0,58,1,True,9,False,0,Typical mix
11.0,0.0,2.0,0.0,1.75,1.5,0.0,43,2,True,5,False,0,Typical mix
10.0,0.0,1.25,0.0,0.0,8.0,0.0,17,1,True,8,False,0,Typical mix
8.35,8.0,0.6666666666666666,0.0,0.75,2.65,0.0,48,1,False,5,False,2,Work-focused
7.0,13.066666666666666,0.5,0.0,0.3333333333333333,0.0,0.0,42,1,False,4,False,2,Work-focused
8.25,0.0,0.2333333333333333,0.0,0.0,0.6666666666666666,0.0,31,2,False,6,False,0,Typical mix
7.833333333333333,8.916666666666666,0.6666666666666666,0.0,0.0,1.3666666666666667,0.0,37,2,False,5,False,2,Work-focused
9.5,0.0,1.5833333333333333,4.916666666666667,0.0,0.0,0.0,40,2,True,4,False,3,Active
8.0,0.0,0.0,0.0,0.0,3.95,0.0,38,1,True,7,False,0,Typical mix
10.133333333333333,0.0,0.0833333333333333,0.0,0.0,0.0,0.0,15,1,True,7,False,0,Typical mix
12.0,0.0,1.5,0.5,2.0833333333333335,0.4166666666666667,0.0,16,2,True,8,False,0,Typical mix
16.083333333333332,0.0,1.0,0.0,4.75,0.0,0.0,65,1,False,6,False,1,Social
6.5,0.25,5.666666666666667,0.0,1.6666666666666667,1.5833333333333333,0.0,40,1,True,8,False,0,Typical mix
8.466666666666667,0.0,0.5,0.0,2.0,3.8333333333333335,0.0,32,2,False,10,False,0,Typical mix
10.5,0.0,0.5,0.0,0.0,1.3333333333333333,7.5,26,2,True,8,False,4,Computer-leisure
6.0,0.0,1.0,0.0,0.0,0.0,0.0,73,2,True,5,False,0,Typical mix
7.0,6.25,0.9166666666666666,0.0,0.0,1.3166666666666669,0.0,31,1,False,8,False,2,Work-focused
11.0,0.0,0.75,0.0,0.0,0.0,0.0,44,2,False,1,False,0,Typical mix
12.416666666666666,0.0,1.0,1.0,0.0,3.5,0.0,16,1,True,10,False,0,Typical mix
7.25,8.0,1.75,0.0,0.5,0.0,0.5,39,1,False,8,False,2,Work-focused
7.0,10.033333333333331,0.4166666666666667,0.0,1.0166666666666666,0.5,0.0,36,2,False,7,False,2,Work-focused
9.333333333333334,0.0,1.5,0.0,0.6666666666666666,2.25,1.0,28,2,True,6,False,0,Typical mix
7.0,10.25,1.0,0.0,0.5,2.0,0.0,42,1,False,5,False,2,Work-focused
9.166666666666666,0.5,1.0833333333333333,0.0,0.1666666666666666,2.6666666666666665,0.0,41,1,True,8,False,0,Typical mix
8.5,2.8333333333333335,2.25,0.0,0.0,2.75,0.0,45,2,False,8,False,0,Typical mix
6.75,14.5,0.25,0.0,1.0,0.0,0.0,36,1,False,10,False,2,Work-focused
12.0,0.0,0.5,0.0,0.0,0.0,0.0,66,1,True,7,False,0,Typical mix
8.5,6.516666666666667,0.25,0.0,0.0,0.0,0.0,19,2,True,3,False,2,Work-focused
9.916666666666666,0.0,1.0,0.0,0.5,2.0,0.0,63,2,True,7,False,0,Typical mix
8.0,0.0,0.5,0.0,0.0,13.666666666666666,0.0,65,2,False,10,False,0,Typical mix
8.25,0.0,3.0833333333333335,0.0,0.0,0.0,0.0,67,2,True,6,False,0,Typical mix
8.333333333333334,0.0,0.5,1.0833333333333333,0.0,2.5,0.0,85,2,False,10,False,0,Typical mix
9.0,0.0,0.3333333333333333,3.25,0.5,1.6666666666666667,0.0,15,1,False,7,False,3,Active
8.5,11.833333333333334,0.5,0.1666666666666666,0.0,0.0,0.0,30,1,False,10,False,2,Work-focused
7.5,10.5,0.5,0.0,0.0,4.083333333333333,0.0,33,1,False,8,False,2,Work-focused
10.25,0.0,1.0,0.0,0.3333333333333333,1.0,0.0,58,2,True,9,False,0,Typical mix
10.5,0.0,0.75,0.0,0.75,5.333333333333333,0.0,31,1,True,6,False,0,Typical mix
8.05,4.25,1.0,0.0,0.0,0.0,0.0,31,2,False,8,False,2,Work-focused
10.0,0.0,0.5,0.0,0.0,0.9333333333333332,0.0,32,2,False,10,False,0,Typical mix
9.0,0.0,0.8333333333333334,0.0,0.0,0.0,0.0,31,2,False,6,False,0,Typical mix
8.0,0.0,0.75,0.0,0.0,5.25,0.0,70,2,False,8,False,0,Typical mix
8.5,0.0,1.4333333333333331,0.0,0.0,4.583333333333333,0.0,52,1,False,8,False,0,Typical mix
4.833333333333333,14.833333333333334,0.0,0.0,0.0,0.0,0.0,53,1,True,6,False,2,Work-focused
7.5,9.583333333333334,0.75,0.0,0.0,3.8333333333333335,0.0,28,1,False,6,False,2,Work-focused
8.5,9.5,0.5,0.5,0.0,1.0,0.0,54,1,False,5,False,2,Work-focused
8.5,7.0,0.5,1.0,2.0,1.4166666666666667,0.0,55,2,False,7,False,2,Work-focused
7.833333333333333,0.0,2.25,0.0,0.0,6.083333333333333,0.0,80,2,True,2,False,0,Typical mix
10.5,0.0,0.6666666666666666,0.0,0.0,10.833333333333334,0.0,22,2,False,5,False,0,Typical mix
10.5,0.0,1.0,0.0,0.0,4.766666666666667,0.0,20,1,True,8,False,0,Typical mix
6.5,0.0,1.4166666666666667,0.0,1.0333333333333334,5.583333333333333,0.0,66,2,False,10,False,0,Typical mix
8.5,10.666666666666666,0.0,0.0,0.0,0.0,0.0,30,2,False,7,False,2,Work-focused
8.5,6.433333333333334,0.9166666666666666,1.0666666666666669,0.5833333333333334,0.8333333333333334,0.0,33,1,False,8,False,2,Work-focused
10.833333333333334,0.0,0.4166666666666667,0.0,2.0,0.0,0.0,16,2,False,9,False,0,Typical mix
10.75,7.666666666666667,0.25,0.0,0.0,4.0,0.0,38,2,True,10,False,2,Work-focused
14.416666666666666,0.0,0.3333333333333333,0.0,0.0,3.5,0.0,17,2,True,5,False,0,Typical mix
10.0,0.0,1.0,0.0,0.0,10.5,0.0,67,1,False,7,False,0,Typical mix
8.0,8.083333333333334,1.3333333333333333,1.25,0.0,2.0,0.0,48,2,False,10,False,2,Work-focused
10.366666666666667,0.0,1.25,0.0,0.0,6.0,0.0,29,2,True,8,False,0,Typical mix
5.0,0.0,0.3333333333333333,0.0,1.0,3.5,0.0,74,2,False,8,False,0,Typical mix
7.716666666666667,11.083333333333334,0.8333333333333334,0.0,0.0,0.0,0.0,27,2,False,6,False,2,Work-focused
13.383333333333333,6.083333333333333,0.1833333333333333,0.5666666666666667,0.0,0.3333333333333333,0.0,30,1,False,10,False,0,Typical mix
9.0,0.0,0.25,3.0,0.0,0.5,0.0,55,2,True,7,False,3,Active
0.0,0.0,1.25,0.0,0.0,0.0,0.0,65,2,True,10,False,2,Work-focused
7.5,0.0,1.3333333333333333,0.0,0.0,1.0833333333333333,0.0,28,2,False,6,False,0,Typical mix
6.916666666666667,7.0,0.75,0.0,0.0,2.0,0.0,45,1,False,8,False,2,Work-focused
6.966666666666667,4.083333333333333,1.0,0.0,0.0,1.75,0.0,43,2,True,5,False,2,Work-focused
9.166666666666666,0.0,0.5,0.0,0.0,0.0,0.0,78,2,False,5,False,0,Typical mix
11.466666666666669,0.0,0.0,0.0,0.0,1.0,0.0,31,2,False,7,False,0,Typical mix
10.916666666666666,0.0,0.5833333333333334,1.0,0.0,2.0,0.0,33,1,True,7,False,0,Typical mix
11.516666666666667,0.0,3.5,0.0,0.0,0.8333333333333334,0.0,26,1,True,8,False,0,Typical mix
6.5,10.666666666666666,1.9166666666666667,0.0,0.0,2.5,0.0,37,1,False,8,False,2,Work-focused
10.25,8.916666666666666,0.3333333333333333,0.0,0.0,0.0,0.0,27,1,True,6,False,2,Work-focused
8.233333333333333,0.0,1.8333333333333333,1.0833333333333333,0.0,6.416666666666667,0.0,57,2,True,5,False,0,Typical mix
10.0,0.0,0.8333333333333334,0.0,0.0,0.0,0.0,30,2,False,0,False,0,Typical mix
11.15,0.0,0.5,0.0,0.0,1.0,0.0,55,1,True,3,False,0,Typical mix
6.1,0.0,0.65,1.8333333333333333,2.9,3.5,0.0,51,2,False,3,False,1,Social
6.0,0.0,0.25,0.0,2.0,3.8333333333333335,0.0,64,2,True,8,False,0,Typical mix
10.633333333333333,0.0,0.25,0.0,3.466666666666667,5.933333333333334,0.0,67,1,True,10,False,1,Social
6.0,10.25,0.1666666666666666,0.0,0.0,3.55,0.0,33,1,False,7,False,2,Work-focused
8.0,8.333333333333334,0.6666666666666666,0.0,0.0,0.0,0.0,27,1,False,10,False,2,Work-focused
6.0,10.233333333333333,0.5833333333333334,0.0,0.25,1.4166666666666667,0.0,57,2,False,8,False,2,Work-focused
10.0,0.0,0.0333333333333333,0.0,2.6666666666666665,0.0,0.0,36,2,True,10,False,1,Social
13.666666666666666,0.0,0.5,0.0,3.0,1.5,0.0,41,2,True,10,False,1,Social
7.966666666666667,0.0,0.5833333333333334,0.0,5.0,3.216666666666667,0.0,24,1,True,10,False,1,Social
4.0,7.816666666666666,1.25,0.0,0.5,5.5,1.5,64,1,False,7,False,2,Work-focused
6.0,6.5,1.0,1.8333333333333333,0.0,4.416666666666667,0.0,19,1,True,8,False,2,Work-focused
8.0,8.233333333333333,1.0,0.1666666666666666,0.5166666666666667,2.4166666666666665,1.1166666666666667,52,1,False,8,False,2,Work-focused
9.5,0.0,1.25,0.0,0.5,3.6333333333333337,3.8333333333333335,73,1,True,8,False,4,Computer-leisure
10.0,0.0,1.25,0.0,0.0,10.066666666666666,0.0,23,1,False,8,False,0,Typical mix
11.0,0.0,0.8333333333333334,2.0,0.0,3.5833333333333335,0.0,56,1,False,6,False,0,Typical mix
8.5,0.0,0.0,0.5,1.1833333333333331,2.0,0.0,27,1,True,2,False,0,Typical mix
5.75,17.0,0.1666666666666666,0.0,0.0,0.0,0.0,23,1,True,3,False,2,Work-focused
4.966666666666667,0.0,0.75,0.7833333333333333,0.5,2.5,1.0,63,1,True,6,False,0,Typical mix
7.916666666666667,12.083333333333334,0.3333333333333333,0.0,0.0833333333333333,0.0,0.0,50,2,False,7,False,2,Work-focused
7.0,0.0,2.0,0.0,0.0,0.0,2.0,74,2,True,8,False,0,Typical mix
10.05,0.0,1.0,0.0,1.5,2.5833333333333335,0.0,29,2,True,6,False,0,Typical mix
10.033333333333331,0.0,0.3333333333333333,0.0,1.0,6.0,0.5833333333333334,22,2,True,10,False,0,Typical mix
9.333333333333334,0.0,0.25,0.0,0.4666666666666667,3.0,0.0,22,2,False,8,False,0,Typical mix
8.25,0.1666666666666666,1.25,0.5,2.0,0.0,0.0,32,2,False,9,False,1,Social
9.0,7.25,0.5,0.0,2.25,2.0,0.0,37,1,False,8,False,2,Work-focused
10.583333333333334,0.3333333333333333,1.1666666666666667,6.15,0.0,0.0,0.0,55,2,True,9,False,3,Active
8.0,0.0,1.5,0.0,0.5,8.0,0.0,79,1,False,8,False,0,Typical mix
9.166666666666666,8.333333333333334,1.0,0.0,0.0,4.333333333333333,0.0,57,1,False,9,False,2,Work-focused
9.0,0.0,2.6666666666666665,0.0,2.1666666666666665,0.0,0.0,79,2,True,9,False,1,Social
10.0,0.0,1.6666666666666667,0.0,0.0,8.833333333333334,0.0,80,2,False,10,False,0,Typical mix
8.5,0.0,1.3333333333333333,0.0,0.0,0.5,0.0,63,2,False,5,False,0,Typical mix
8.75,0.0,1.0,0.0,0.75,6.75,0.0,73,2,True,8,False,0,Typical mix
7.166666666666667,0.0,1.75,0.0,2.5,3.0,0.0,24,2,True,5,False,1,Social
10.166666666666666,0.0,1.25,0.0,0.0,3.0,0.0,70,1,True,9,False,0,Typical mix
8.75,0.0,1.0,0.0,0.0,11.25,0.0,74,1,False,8,False,0,Typical mix
6.5,8.833333333333334,0.5,0.0,0.0,1.0,0.0,30,2,False,8,False,2,Work-focused
9.666666666666666,0.0,4.483333333333333,0.0,0.0833333333333333,1.5833333333333333,0.0,74,2,False,10,False,0,Typical mix
9.5,0.0,2.0,0.0,0.0,5.3,0.0,29,1,True,6,False,0,Typical mix
6.466666666666667,0.0,1.0,0.0,0.0,14.5,0.0,65,1,True,10,False,0,Typical mix
7.75,0.0,1.5,0.0,2.1666666666666665,7.833333333333333,0.0,60,1,False,5,False,0,Typical mix
6.5,0.0,0.5,0.0,1.5,0.5,0.0,46,2,False,7,False,0,Typical mix
10.5,0.0,1.75,0.0,0.0,2.25,0.0,36,1,True,6,False,0,Typical mix
7.333333333333333,8.75,1.5,0.0,0.0,1.0,0.0,32,1,False,8,False,2,Work-focused
15.1,0.0,1.25,0.0,0.0,2.6666666666666665,0.0,29,2,False,6,False,0,Typical mix
7.166666666666667,3.0,1.0,0.0,0.5,5.75,0.0,62,1,False,10,False,0,Typical mix
5.5,8.416666666666666,1.3333333333333333,0.0,0.0,0.0,0.0,49,1,False,9,False,2,Work-focused
8.5,0.0,2.5833333333333335,1.6666666666666667,1.0,6.75,0.0,70,1,False,6,False,0,Typical mix
9.733333333333333,0.0,3.4166666666666665,0.0,0.0,8.0,0.0,66,1,True,10,False,0,Typical mix
8.733333333333333,0.0,2.0,0.0,0.0,1.9166666666666667,0.0,52,2,True,9,False,0,Typical mix
12.0,0.0,1.0,0.0,1.25,2.25,0.0,64,2,False,7,False,0,Typical mix
9.0,3.9833333333333334,0.5,0.0,0.0,3.75,0.0,23,1,False,8,False,0,Typical mix
5.0,6.75,1.0,2.783333333333333,0.0,4.25,0.0,18,2,False,8,False,3,Active
9.75,0.0,1.1666666666666667,0.0,0.25,1.8333333333333333,0.0,52,2,True,8,False,0,Typical mix
8.083333333333334,13.0,0.0,0.0,0.0,0.0,0.0,53,2,False,8,False,2,Work-focused
10.5,0.0,0.3333333333333333,0.0,0.0,6.366666666666666,0.0,71,2,True,5,False,0,Typical mix
7.916666666666667,0.0,0.8333333333333334,0.0,0.0,4.783333333333333,0.0,64,2,True,0,False,0,Typical mix
7.5,4.5,0.5,0.0,0.0,5.5,0.0,52,1,False,8,False,0,Typical mix
9.0,0.0,0.25,2.0,0.0,3.5,0.0,43,2,True,8,False,0,Typical mix
13.0,0.0,2.5,0.0,0.0,8.0,0.0,52,1,True,8,False,0,Typical mix
7.133333333333334,8.25,0.5,0.0,0.0,0.0,0.0,51,1,False,8,False,2,Work-focused
10.5,0.0,0.75,0.0,0.0,3.5,2.0,72,1,False,5,False,0,Typical mix
8.0,7.15,0.25,0.0,0.0,0.0,0.0,53,1,False,6,False,2,Work-focused
7.966666666666667,8.583333333333334,0.4166666666666667,0.0,0.25,1.0,1.0,28,2,False,6,False,2,Work-focused
10.0,0.0,1.4166666666666667,0.0,0.0,0.0,0.0,40,2,True,6,False,0,Typical mix
9.5,0.0,1.25,2.0,0.0,4.083333333333333,2.0,68,1,True,8,False,0,Typical mix
8.0,9.333333333333334,3.3,0.5,1.0,0.0,0.0,28,2,False,7,False,2,Work-focused
6.5,7.833333333333333,0.5,0.0,0.0,5.0,0.0,29,1,False,5,False,2,Work-focused
8.333333333333334,0.0,0.5833333333333334,0.8333333333333334,0.0,5.65,0.0,67,1,False,5,False,0,Typical mix
10.216666666666669,0.0,1.25,0.0,0.0,3.5,0.0,33,1,True,8,False,0,Typical mix
8.5,8.0,0.5,0.0,0.25,1.5,0.0,40,2,False,6,False,2,Work-focused
4.166666666666667,0.0,1.4166666666666667,0.0,1.6666666666666667,0.3333333333333333,0.0,54,2,False,10,False,1,Social
8.166666666666666,4.566666666666666,1.75,2.0,0.0,0.0,0.0,60,1,False,8,False,2,Work-focused
10.5,7.916666666666667,0.3333333333333333,0.0,0.0,2.0,0.0,27,1,False,4,False,2,Work-focused
11.0,0.0,1.75,0.0,0.0,5.0,0.0,42,1,True,10,False,0,Typical mix
8.25,0.0,1.1666666666666667,0.0,0.75,4.083333333333333,0.0,73,2,True,7,False,0,Typical mix
8.5,5.333333333333333,1.5833333333333333,0.0,0.75,3.25,1.0,56,2,False,8,False,2,Work-focused
9.833333333333334,0.0,1.25,0.5,0.0,7.25,1.0,70,1,False,9,False,0,Typical mix
9.0,0.0,1.6666666666666667,1.5,0.0,2.6333333333333333,0.0,39,1,True,7,False,0,Typical mix
8.316666666666666,0.0,1.0,0.0,0.0,0.5,0.5,70,2,True,8,False,0,Typical mix
7.5,8.0,1.1666666666666667,0.0,0.5,1.3333333333333333,0.0,30,2,False,5,False,2,Work-focused
7.5,0.0,1.75,0.0,0.0,2.0,0.0,70,2,True,4,False,0,Typical mix
9.0,0.0,1.5,0.0,0.0,5.916666666666667,0.0,67,2,False,5,False,0,Typical mix
13.0,0.0,1.25,0.0,0.0,0.0,0.0,58,2,True,8,False,0,Typical mix
6.983333333333333,5.25,0.5833333333333334,0.0,1.9833333333333336,4.3,0.0,39,1,False,5,False,2,Work-focused
8.666666666666666,0.0,1.6666666666666667,0.0,1.25,5.816666666666666,0.0,55,2,True,7,False,0,Typical mix
10.0,11.583333333333334,0.0,0.0,0.0,0.5,0.0,30,2,True,7,False,2,Work-focused
8.0,1.5,1.5,0.0,0.0,3.25,0.0,64,2,True,8,False,0,Typical mix
10.0,0.0,1.0,0.0,0.0,8.5,0.0,32,2,True,7,False,0,Typical mix
7.0,0.0,3.75,2.5,3.1666666666666665,0.0,0.0,44,2,True,7,False,3,Active
11.166666666666666,0.0,1.3333333333333333,0.0,2.0,0.9166666666666666,0.0,50,1,True,8,False,0,Typical mix
9.0,3.9,0.8333333333333334,0.0,1.8333333333333333,0.25,0.0,40,2,True,7,False,2,Work-focused
8.166666666666666,8.166666666666666,1.5,0.0,0.0,0.0,1.0,60,2,False,7,False,2,Work-focused
9.5,0.0,0.3333333333333333,1.0,0.0,4.5,0.0,56,2,True,7,False,0,Typical mix
13.533333333333331,7.283333333333333,0.4166666666666667,0.0,0.0,0.0,0.25,31,2,True,3,False,2,Work-focused
10.85,0.0,2.0,0.0,0.0,1.5,0.0,33,1,False,5,False,0,Typical mix
8.666666666666666,0.0,1.0,0.0,0.0,8.8,1.5,25,2,False,7,False,0,Typical mix
7.25,0.0,2.0833333333333335,0.5,1.4166666666666667,2.3333333333333335,0.5,59,2,False,10,False,0,Typical mix
5.5,7.75,1.0,1.0,0.0,3.4,0.0,54,2,False,7,False,2,Work-focused
4.233333333333333,8.9,0.0833333333333333,0.0,0.0,3.2666666666666666,0.0,60,1,False,7,False,2,Work-focused
8.0,12.0,1.5,1.5,0.0,0.0,0.0,34,1,False,10,False,2,Work-focused
6.666666666666667,7.5,2.0,0.0,1.0,1.25,0.0,34,1,False,7,False,2,Work-focused
6.25,8.716666666666667,0.0,0.0,0.0,0.6666666666666666,0.0,57,1,True,7,False,2,Work-focused
8.0,10.0,1.0833333333333333,0.3333333333333333,0.25,2.3333333333333335,0.0,56,1,False,7,False,2,Work-focused
7.083333333333333,0.0,3.6666666666666665,1.5,0.0,1.5,3.0,65,1,False,9,False,4,Computer-leisure
8.966666666666667,0.0,1.0833333333333333,0.0,0.5,0.0,2.0,34,2,False,8,False,0,Typical mix
8.45,0.0,0.6666666666666666,0.0,2.0,1.75,0.0,69,2,False,10,False,0,Typical mix
6.75,0.0,0.6666666666666666,1.5,2.1666666666666665,0.0,0.0,50,2,True,7,False,1,Social
10.75,0.0,1.1666666666666667,0.0,1.0,0.4166666666666667,0.0,74,2,False,7,False,0,Typical mix
5.0,0.0,2.75,0.0,4.583333333333333,1.5,0.0,28,2,True,10,False,1,Social
17.766666666666666,0.0,1.0,0.0833333333333333,0.0,0.5,0.0,68,2,True,6,False,0,Typical mix
9.5,0.0,1.6666666666666667,4.5,0.0,0.0,0.0,15,1,True,8,False,3,Active
8.0,7.833333333333333,0.75,0.0,0.0,0.4166666666666667,0.0,28,2,False,8,False,2,Work-focused
8.75,10.166666666666666,1.75,0.0,0.0,2.3333333333333335,0.0,59,1,False,7,False,2,Work-focused
10.716666666666669,0.0,1.1666666666666667,0.0,0.0,7.0,0.0,67,2,True,7,False,0,Typical mix
8.916666666666666,0.0,4.333333333333333,0.0,0.0,2.25,0.0,27,1,True,8,False,0,Typical mix
9.0,6.333333333333333,0.75,0.0,0.0,0.0,0.0,58,1,True,10,False,2,Work-focused
6.166666666666667,9.166666666666666,0.75,0.0,0.0,0.0,0.0,37,2,False,6,False,2,Work-focused
11.5,0.0,0.5,0.0,0.0833333333333333,5.383333333333334,0.0,60,2,True,8,False,0,Typical mix
8.333333333333334,1.0,0.0,2.5,0.3333333333333333,0.0,0.0,79,1,False,5,False,3,Active
17.75,0.0,0.0833333333333333,0.0,0.0,0.5,0.0,69,2,True,0,False,0,Typical mix
11.5,7.45,0.05,0.0,0.0,0.0,0.0,57,2,True,10,False,2,Work-focused
10.333333333333334,0.0,0.3333333333333333,0.0,0.0,9.5,0.0,48,2,False,4,False,0,Typical mix
8.416666666666666,7.5,1.5,0.0,0.0,3.25,0.0,55,2,False,5,False,2,Work-focused
15.083333333333334,0.0,0.0,0.0,0.0,4.0,0.0,46,1,False,8,False,0,Typical mix
10.5,8.75,0.0833333333333333,0.0,0.0,0.0,0.0,48,1,False,9,False,2,Work-focused
10.616666666666667,0.0,0.25,0.0,4.45,7.75,0.0,43,1,True,3,False,1,Social
7.666666666666667,8.583333333333334,0.75,0.0,0.0,2.0,0.0,63,1,True,8,False,2,Work-focused
7.333333333333333,8.583333333333334,1.4166666666666667,0.55,0.0,3.95,0.0,52,1,False,8,False,2,Work-focused
12.033333333333331,0.0,1.3333333333333333,1.0,0.0,4.5,2.0,16,1,True,7,False,0,Typical mix
9.5,0.0,3.1666666666666665,0.0,5.133333333333334,3.1666666666666665,0.0,64,2,True,8,False,1,Social
11.5,0.0,0.8333333333333334,0.0,0.75,3.8333333333333335,0.0,48,2,True,10,False,0,Typical mix
10.0,0.0,0.9166666666666666,0.0,4.0,3.6666666666666665,2.1666666666666665,17,1,True,5,False,1,Social
7.0,0.0,1.5,0.0,0.0,1.5,0.0,39,2,False,7,False,0,Typical mix
6.983333333333333,7.25,0.6666666666666666,0.0,0.0,5.016666666666667,0.0,45,1,False,7,False,2,Work-focused
10.0,0.0,0.0833333333333333,0.4166666666666667,0.8333333333333334,1.5,0.0,26,1,False,5,False,0,Typical mix
6.5,8.333333333333334,0.6666666666666666,0.0,0.0,1.25,1.4166666666666667,39,2,False,6,False,2,Work-focused
12.0,0.0,2.3333333333333335,0.0,0.0,3.5,2.0,22,2,False,9,False,0,Typical mix
11.0,0.0,0.3333333333333333,0.0,0.0,8.666666666666666,0.0,55,2,True,8,False,0,Typical mix
7.5,7.25,1.25,0.0,0.1666666666666666,4.716666666666667,0.0,55,2,False,8,False,2,Work-focused
9.0,0.0,0.8333333333333334,0.0,3.0,4.75,0.0,76,1,True,7,False,1,Social
10.25,0.0,0.9333333333333332,0.0,2.5,4.25,0.0,51,1,True,2,False,0,Typical mix
3.0,12.916666666666666,0.75,0.0,0.0,2.5,0.0,52,2,True,6,False,2,Work-focused
7.5,0.0,1.35,0.0,0.0,4.983333333333333,0.0,15,2,True,6,False,0,Typical mix
10.65,0.0,1.3333333333333333,0.0,0.0,3.3333333333333335,2.0,60,1,True,4,False,0,Typical mix
10.0,0.0,0.5833333333333334,0.0,3.8333333333333335,4.766666666666667,0.0,63,2,True,7,False,1,Social
10.333333333333334,0.0,0.5,1.0,0.0,2.25,0.0,34,2,True,7,False,0,Typical mix
8.5,0.0,1.0,0.0,0.0,2.1666666666666665,0.0,66,1,False,9,False,0,Typical mix
11.333333333333334,0.1666666666666666,0.6666666666666666,0.0,0.0,1.6666666666666667,0.0,29,2,False,8,False,0,Typical mix
8.833333333333334,0.0333333333333333,1.1666666666666667,0.4166666666666667,0.5,2.6166666666666667,1.0,42,1,True,8,False,0,Typical mix
8.5,8.066666666666666,0.3333333333333333,0.0,0.0,2.5,0.0,60,1,False,8,False,2,Work-focused
9.0,0.0,1.75,0.0,1.75,7.5,0.0,85,2,False,8,False,0,Typical mix
8.583333333333334,4.0,0.75,0.0,0.3333333333333333,0.0,0.0,17,1,False,8,False,2,Work-focused
7.25,10.5,1.3333333333333333,0.0,0.0,2.6666666666666665,0.0,57,1,False,7,False,2,Work-focused
7.5,0.0,1.75,0.0,4.0,0.0,0.0,72,2,True,10,False,1,Social
7.0,10.333333333333334,1.3333333333333333,0.0,0.0,1.5,0.0,52,1,False,7,False,2,Work-focused
7.5,7.416666666666667,0.9166666666666666,0.0,0.0,2.6666666666666665,0.0,33,1,False,7,False,2,Work-focused
8.7,12.366666666666667,0.25,0.0,0.0,0.0,0.0,30,1,True,8,False,2,Work-focused
7.5,6.5,0.0,0.0,5.333333333333333,0.0,0.0,50,2,True,8,False,1,Social
15.516666666666667,0.0,1.0333333333333334,0.0,1.1666666666666667,1.25,0.0,62,2,False,5,False,0,Typical mix
11.5,0.0,1.75,0.0,0.0,3.5,0.0,45,1,True,10,False,0,Typical mix
7.5,7.416666666666667,1.25,0.0,1.0,2.0,0.0,63,2,False,10,False,2,Work-focused
10.666666666666666,0.0,1.0,0.0,0.0,0.6666666666666666,1.0,31,2,False,9,False,0,Typical mix
10.333333333333334,0.0,3.0,0.0,0.0,3.0,4.5,52,1,True,5,False,4,Computer-leisure
6.0,8.5,1.0,0.0,1.0,1.0,0.0,39,1,False,10,False,2,Work-focused
7.75,7.0,0.1666666666666666,0.0,2.5,0.0,0.0,27,2,True,7,False,2,Work-focused
10.5,0.0,2.1333333333333333,0.0,0.0,0.0,0.0,38,2,True,7,False,0,Typical mix
8.0,0.0,2.5,0.3333333333333333,0.0,2.0,0.0,77,1,True,8,False,0,Typical mix
9.75,3.1666666666666665,0.75,0.0,0.0,1.0833333333333333,0.0,33,2,False,7,False,0,Typical mix
7.25,0.25,2.5,0.0,0.0,1.4166666666666667,0.0,50,2,True,5,False,0,Typical mix
3.75,0.0,0.75,0.0,8.25,0.0,0.0,42,1,True,3,False,1,Social
8.0,6.283333333333333,1.3333333333333333,0.0,0.0,1.75,0.0,45,2,False,8,False,2,Work-focused
7.583333333333333,9.583333333333334,0.5833333333333334,0.0,0.1666666666666666,1.0,0.0,36,1,False,7,False,2,Work-focused
9.0,0.0,1.6666666666666667,0.0,0.0,0.0,1.5,27,2,True,10,False,0,Typical mix
8.4,4.5,0.8333333333333334,0.0,0.5,2.5,0.0,27,1,False,5,False,2,Work-focused
12.666666666666666,0.0,1.0,0.0,0.0,2.25,0.0,37,2,True,10,False,0,Typical mix
7.333333333333333,0.0,0.3333333333333333,0.0,0.0,2.0,0.0,44,1,False,10,False,0,Typical mix
10.5,0.0,0.5833333333333334,1.0,2.0,0.0,0.0,85,2,True,5,False,0,Typical mix
6.5,0.0,0.75,0.0,0.0,15.016666666666667,0.0,53,1,False,9,False,0,Typical mix
10.0,0.0,0.5,0.0,0.0,12.166666666666666,0.0,80,2,True,0,False,0,Typical mix
8.666666666666666,4.0,0.5833333333333334,0.0,2.966666666666667,0.0,0.0,66,2,False,8,False,1,Social
14.0,0.0,0.1,0.0,0.0,9.9,0.0,42,2,False,6,False,0,Typical mix
7.0,8.333333333333334,0.2666666666666666,0.0,0.8,4.316666666666666,0.0,40,2,False,10,False,2,Work-focused
7.0,8.0,0.1666666666666666,0.0,0.1666666666666666,2.1666666666666665,0.0,43,2,False,6,False,2,Work-focused
11.5,0.0,0.75,0.0,0.0,8.75,0.0,74,1,False,10,False,0,Typical mix
12.166666666666666,0.0,0.3333333333333333,0.0,0.0,2.4166666666666665,0.0,15,1,True,6,False,0,Typical mix
8.833333333333334,0.0,0.0,0.0,0.5,12.0,0.0,85,1,False,0,False,0,Typical mix
10.0,0.0,0.0,0.0,0.0,4.833333333333333,0.0,28,1,True,9,False,0,Typical mix
9.3,8.266666666666667,1.3,0.0,0.0,2.6333333333333333,0.0,57,1,True,9,False,2,Work-focused
9.5,1.5,1.25,0.0,0.0,4.5,1.0,45,1,True,8,False,0,Typical mix
11.0,0.0,2.5,2.25,0.0,6.666666666666667,0.0,66,1,True,7,False,0,Typical mix
8.0,2.0,0.6666666666666666,0.0,0.5,4.666666666666667,1.0,53,2,True,5,False,0,Typical mix
6.25,0.25,1.0,0.0,0.0,2.1666666666666665,0.0,34,2,False,8,False,0,Typical mix
9.0,0.0,0.1666666666666666,0.0,0.0,10.916666666666666,0.0,51,1,True,8,False,0,Typical mix
11.0,5.166666666666667,1.0,0.0,0.0,2.1666666666666665,0.5,65,2,False,4,False,0,Typical mix
8.0,7.566666666666666,1.0,0.0,0.0,2.5,0.0,27,2,False,7,False,2,Work-focused
12.25,0.5,1.0,0.0,0.0,3.3333333333333335,0.0,34,1,True,8,False,0,Typical mix
8.0,8.25,0.75,0.0,0.0,2.5,0.0,57,2,False,8,False,2,Work-focused
7.083333333333333,11.666666666666666,1.5,0.0,0.0,0.5,0.0,40,1,False,0,False,2,Work-focused
12.5,5.916666666666667,0.6666666666666666,0.0,0.0,0.3333333333333333,0.0,17,1,True,9,False,2,Work-focused
9.166666666666666,0.0,3.1666666666666665,3.5,0.0,0.0,0.0,31,2,True,6,False,3,Active
10.0,0.0,1.8333333333333333,0.0,0.0,1.0,0.0,56,2,True,7,False,0,Typical mix
13.416666666666666,0.0,0.25,0.0,0.0,0.0,0.0,49,1,True,7,False,0,Typical mix
10.5,0.5,0.5,0.0,0.0,9.5,0.0,39,1,True,8,False,0,Typical mix
14.0,0.0,2.0,0.0,1.0,5.283333333333333,0.0,57,1,True,8,False,0,Typical mix
9.5,0.0,1.0,0.0,0.0,7.333333333333333,1.5,39,2,True,8,False,0,Typical mix
9.0,5.333333333333333,0.5,0.0,0.0,4.916666666666667,0.0,21,1,True,3,False,0,Typical mix
6.5,8.233333333333333,1.9166666666666667,0.0,0.0,1.5,0.0,47,2,False,5,False,2,Work-focused
8.916666666666666,0.0,1.5,0.0,0.0,6.916666666666667,0.0,85,1,True,8,False,0,Typical mix
10.666666666666666,0.0,0.0,0.0,2.0,1.5833333333333333,0.0,58,2,True,8,False,0,Typical mix
12.75,0.0,0.5,0.0,0.0,3.0,1.6666666666666667,66,2,True,8,False,0,Typical mix
9.5,0.0,3.5,0.0,0.75,0.5,1.5,32,2,False,7,False,0,Typical mix
9.5,3.0,1.0,0.0,0.0,3.5,0.0,33,1,True,7,False,0,Typical mix
7.316666666666666,5.0,5.0,1.3333333333333333,0.0,0.0,0.0,25,1,True,4,False,2,Work-focused
10.75,5.0,0.1666666666666666,0.0,0.0,0.0,0.0,21,1,True,8,False,2,Work-focused
13.0,0.0,1.5,0.0,0.0,0.0,0.0,39,1,True,7,False,0,Typical mix
11.0,0.0,0.25,0.0,0.0,5.916666666666667,0.0,47,2,True,6,False,0,Typical mix
8.5,6.5,0.5,0.0,0.0,8.5,0.0,51,1,True,7,False,0,Typical mix
6.75,5.083333333333333,2.75,1.0,3.25,0.0,0.0,56,1,True,7,False,1,Social
6.0,8.5,0.1666666666666666,0.0,0.0,6.083333333333333,0.0,40,1,False,5,False,2,Work-focused
6.5,9.666666666666666,1.25,0.0,0.0,1.0,0.5,30,1,False,9,False,2,Work-focused
7.333333333333333,8.883333333333333,0.5,0.0,0.0,2.5,0.0,51,2,False,7,False,2,Work-focused
3.5,0.0,0.1666666666666666,0.0,0.0,11.616666666666667,0.0,66,1,False,10,False,0,Typical mix
10.0,9.166666666666666,1.5,0.0,0.0,2.1666666666666665,0.0,48,1,True,9,False,2,Work-focused
6.5,0.0,0.5,0.0,3.0,10.6,0.0,39,2,False,3,False,1,Social
8.0,7.833333333333333,1.0833333333333333,0.0,0.0,1.5833333333333333,0.0,40,1,False,5,False,2,Work-focused
10.0,0.0,0.6666666666666666,0.0,0.0,1.0,0.0,51,2,True,9,False,0,Typical mix
10.5,0.0,2.25,0.0,3.25,3.5,0.0,53,1,True,9,False,1,Social
3.0,7.5,2.75,0.0,3.5,2.0,0.0,33,1,True,7,False,2,Work-focused
11.833333333333334,0.0,1.2,0.0,0.0,5.0,0.0,67,2,True,10,False,0,Typical mix
9.0,0.0,2.0,0.0,1.5,1.9166666666666667,0.0,25,1,True,10,False,0,Typical mix
10.0,0.0,0.9166666666666666,0.0,0.5,1.0,0.0,68,1,True,7,False,0,Typical mix
8.833333333333334,0.0,0.75,0.0,0.0,13.75,0.0,51,2,True,1,False,0,Typical mix
9.0,10.0,0.0,0.0,0.0,1.5,0.0,36,2,False,8,False,2,Work-focused
9.433333333333334,5.75,1.6833333333333331,0.0,0.25,1.0,3.25,50,1,False,7,False,4,Computer-leisure
9.5,6.333333333333333,1.3333333333333333,0.0,0.0,3.3333333333333335,0.0,66,1,False,10,False,2,Work-focused
6.583333333333333,11.5,1.1666666666666667,0.0,0.0,0.0,0.0,48,1,True,7,False,2,Work-focused
8.0,0.5,0.5,0.0,5.166666666666667,4.0,0.0,61,2,True,7,False,1,Social
8.5,0.0,0.5,0.0,0.0,9.5,0.0,50,1,False,5,False,0,Typical mix
6.0,0.0,0.6666666666666666,0.0,0.0,0.5,0.0,75,2,False,9,False,0,Typical mix
8.0,0.0,1.3333333333333333,0.5333333333333333,0.0,7.883333333333334,2.0,43,1,True,5,False,0,Typical mix
9.5,0.0,2.0,0.0,0.0,0.0,0.0,37,1,True,7,False,0,Typical mix
9.0,0.0,1.4666666666666666,0.0,6.0,2.3333333333333335,0.0,38,1,True,9,False,1,Social
9.833333333333334,0.0,0.5,0.0,3.1666666666666665,1.0,0.0,45,1,True,10,False,1,Social
10.5,0.0,0.6666666666666666,1.25,0.0,2.8333333333333335,0.0,65,2,True,8,False,0,Typical mix
11.083333333333334,0.0,1.4166666666666667,2.0,0.0,2.0,0.0,41,1,True,9,False,0,Typical mix
10.5,0.0,0.5,0.0,0.0,3.5,0.0,63,2,True,7,False,0,Typical mix
9.5,0.0,2.0,0.0,5.416666666666667,1.3333333333333333,0.0,54,2,True,8,False,1,Social
6.833333333333333,0.0,0.5,0.0,2.0,1.4166666666666667,0.0,48,2,False,7,False,1,Social
8.5,0.0,1.3333333333333333,0.0,0.3333333333333333,5.0,0.0,54,1,True,5,False,0,Typical mix
9.25,0.0833333333333333,0.0,0.0,0.0,3.0,1.5,44,2,True,5,False,0,Typical mix
7.416666666666667,0.0,1.25,0.0,4.333333333333333,0.0,0.0,60,2,False,4,False,1,Social
11.0,0.0,1.0,2.0,0.0,3.5,2.0,53,2,True,5,False,0,Typical mix
13.0,0.0,0.1666666666666666,0.0,0.0,4.0,0.0,52,2,True,5,False,0,Typical mix
7.0,10.0,0.75,0.0,1.3333333333333333,1.0,0.0,52,1,False,8,False,2,Work-focused
10.166666666666666,0.0,1.2166666666666666,0.0,0.0,2.0833333333333335,0.0,80,2,True,10,False,0,Typical mix
8.0,0.0,1.1666666666666667,0.0,0.0,1.0,1.0,16,1,True,8,False,0,Typical mix
9.75,0.0,0.1666666666666666,0.0,1.6833333333333331,5.416666666666667,0.0,67,2,True,6,False,0,Typical mix
9.5,0.0,2.5,0.5,3.0,0.0,0.0,40,2,True,9,False,1,Social
10.0,9.833333333333334,1.0,0.0,0.0,0.8333333333333334,0.0,33,1,False,10,False,2,Work-focused
6.75,0.0,0.75,0.0,0.3333333333333333,0.0,0.0,39,2,False,5,False,0,Typical mix
9.0,0.0,0.9166666666666666,0.0,0.0,4.833333333333333,0.0,60,2,False,9,False,0,Typical mix
5.9,9.083333333333334,1.1666666666666667,0.0,0.0,0.0,0.0,37,2,False,8,False,2,Work-focused
14.416666666666666,0.0,1.1666666666666667,0.5,0.0,5.5,0.0,15,2,True,7,False,0,Typical mix
8.0,0.0,1.3333333333333333,0.3333333333333333,0.3333333333333333,1.8333333333333333,1.0,79,2,False,8,False,0,Typical mix
8.5,0.0,1.5833333333333333,0.0,0.0,3.8333333333333335,0.0,41,2,True,8,False,0,Typical mix
8.25,0.0,1.3333333333333333,0.0,0.75,1.6666666666666667,0.5,65,1,False,8,False,0,Typical mix
6.166666666666667,0.0,1.9166666666666667,0.0,0.75,3.566666666666667,0.0,64,2,True,8,False,0,Typical mix
10.25,0.0,1.0,0.0,0.0,0.0,0.0,31,2,True,5,False,0,Typical mix
8.75,0.0,1.0,0.0,0.75,1.05,0.0,68,2,False,1,False,0,Typical mix
7.583333333333333,7.75,1.0,0.0,0.0,0.0,0.0,41,2,False,5,False,2,Work-focused
6.916666666666667,0.0,1.25,0.0,0.0,0.0,2.0,32,2,False,8,False,0,Typical mix
12.4,0.0,1.0,2.0,0.0,0.0,0.0,34,1,True,8,False,0,Typical mix
9.75,0.0,1.0,0.0,0.0,3.5,0.0,38,1,True,8,False,0,Typical mix
9.0,0.0,0.75,0.5,0.0,7.416666666666667,0.0,68,2,False,8,False,0,Typical mix
9.5,8.333333333333334,2.25,0.0,0.5,0.6666666666666666,0.0,36,1,False,7,False,2,Work-focused
6.983333333333333,9.183333333333334,0.5,0.0,1.0,0.1666666666666666,0.25,58,2,False,8,False,2,Work-focused
11.166666666666666,0.0,1.0,0.0,0.0,6.0,0.0,39,2,True,8,False,0,Typical mix
8.5,0.0,1.0,0.0,0.0,4.15,0.0,35,1,True,10,False,0,Typical mix
8.5,0.0,2.25,0.0,3.0,1.0833333333333333,0.0,34,2,False,10,False,1,Social
5.833333333333333,13.0,0.0,0.0,0.0,1.1666666666666667,0.0,47,2,True,5,False,2,Work-focused
7.0,4.333333333333333,1.0833333333333333,0.5,0.1666666666666666,1.0,0.0,48,2,False,5,False,2,Work-focused
7.5,0.0,1.0,0.0,0.0,7.333333333333333,4.0,56,1,True,6,False,4,Computer-leisure
7.75,0.0,2.0,0.0,0.0,3.3666666666666667,0.75,54,2,False,8,False,0,Typical mix
7.0,9.083333333333334,0.25,4.666666666666667,0.0,0.0,0.75,36,1,False,6,False,3,Active
8.5,7.916666666666667,0.75,0.0,0.75,0.0,2.5,57,1,True,8,False,4,Computer-leisure
9.0,0.0,1.0,0.0,1.0,3.3333333333333335,0.0,70,2,False,9,False,0,Typical mix
10.0,0.0,0.75,2.0,0.0,1.5,0.0,52,1,True,8,False,0,Typical mix
7.5,0.0,0.3333333333333333,0.0,5.583333333333333,2.6333333333333333,0.0,80,2,False,10,False,1,Social
7.083333333333333,0.0,1.4166666666666667,0.0,0.4166666666666667,1.0,0.0,39,2,False,9,False,0,Typical mix
12.833333333333334,1.0,1.25,0.0,0.0,0.5,0.0,57,2,True,9,False,0,Typical mix
18.75,0.0,3.25,0.0,0.0,0.0,0.0,85,2,False,8,False,0,Typical mix
7.0,0.0,1.25,0.0,0.0,6.75,0.0,80,2,True,7,False,0,Typical mix
4.0,5.5,1.5,0.0,0.0,0.0,0.0,33,2,True,8,False,2,Work-focused
10.5,0.0,1.5,5.666666666666667,0.0,1.5,0.0,22,2,True,7,False,3,Active
10.0,0.0,1.0,0.0,0.0,2.0,0.5,85,1,False,3,False,0,Typical mix
11.416666666666666,0.0,0.75,0.0,0.0,1.0,0.0,22,2,False,8,False,0,Typical mix
8.5,0.0,1.5,0.0,0.5,3.5,0.0,80,2,True,9,False,0,Typical mix
7.5,9.5,0.0,0.0,0.0,0.4166666666666667,0.0,50,2,False,7,False,2,Work-focused
11.033333333333331,8.55,0.4166666666666667,0.0,0.55,0.0,0.7166666666666667,54,2,True,7,False,2,Work-focused
8.833333333333334,9.333333333333334,0.75,0.0,0.0,0.5,0.0,51,1,False,10,False,2,Work-focused
6.066666666666666,0.0,0.25,0.0,0.0,15.0,0.0,54,1,False,7,False,0,Typical mix
10.916666666666666,0.0,1.5833333333333333,0.0,0.0,1.5,0.0,56,2,True,10,False,0,Typical mix
11.75,0.0,1.3333333333333333,0.75,0.0,3.9166666666666665,0.0,27,2,True,10,False,0,Typical mix
9.5,7.416666666666667,0.3333333333333333,0.0,0.0,2.3333333333333335,0.0,40,1,False,8,False,2,Work-focused
8.0,10.083333333333334,0.6666666666666666,0.0,0.0,2.75,0.0,51,1,False,8,False,2,Work-focused
8.416666666666666,0.0,1.1666666666666667,0.0,0.5,5.75,0.5,69,1,True,8,False,0,Typical mix
6.75,0.0,1.2,0.0,0.95,0.5,0.0,17,2,False,10,False,0,Typical mix
7.55,0.0,1.0,0.0,0.1666666666666666,0.75,0.0,47,2,False,10,False,0,Typical mix
5.5,0.0,2.0,0.0,4.0,2.6666666666666665,0.0,54,1,True,5,False,1,Social
10.0,0.0,0.75,1.0,0.0,1.8333333333333333,0.0,77,2,True,9,False,0,Typical mix
8.083333333333334,0.0,0.0833333333333333,0.0,0.5,1.0,0.0,42,2,True,8,False,0,Typical mix
12.416666666666666,0.0,1.25,0.0,1.5,1.0,0.0,79,2,False,7,False,0,Typical mix
8.75,0.0,1.75,0.0,3.75,0.6666666666666666,0.0,85,2,True,6,False,1,Social
10.25,0.0,1.0833333333333333,0.0,0.0,6.416666666666667,0.0,66,2,True,8,False,0,Typical mix
5.5,8.883333333333333,1.0833333333333333,0.0,0.0,3.4166666666666665,0.0,47,1,False,7,False,2,Work-focused
7.583333333333333,0.0,1.4166666666666667,0.0,1.6666666666666667,2.0,0.0,47,2,True,8,False,0,Typical mix
10.0,0.0,1.0,0.0,0.0,5.416666666666667,0.0,44,2,True,7,False,0,Typical mix
13.0,0.0,1.1666666666666667,0.0,0.0,3.0,0.0,24,2,True,5,False,0,Typical mix
8.25,0.0,1.6666666666666667,0.0,3.4166666666666665,4.0,0.0,15,2,True,8,False,1,Social
6.333333333333333,6.966666666666667,0.75,0.5,2.0,1.1666666666666667,0.0,57,2,False,8,False,2,Work-focused
10.5,0.0,1.6666666666666667,0.8333333333333334,0.0,1.75,0.0,85,1,False,10,False,0,Typical mix
14.966666666666669,0.0,0.5,0.0,0.0,5.0,0.0,40,1,True,8,False,0,Typical mix
8.0,0.0,0.4166666666666667,0.0,0.0,14.583333333333334,0.0,65,2,True,8,False,0,Typical mix
8.416666666666666,1.0,1.75,0.0,0.0,0.0,0.0,59,1,False,10,False,0,Typical mix
9.4,0.0,2.0833333333333335,0.0,0.25,1.2666666666666666,0.0,79,2,True,8,False,0,Typical mix
9.0,0.0,1.3333333333333333,0.0,0.0,4.916666666666667,1.0,41,2,True,8,False,0,Typical mix
6.916666666666667,12.0,0.4166666666666667,0.0,0.1666666666666666,1.9833333333333336,0.0,25,2,False,5,False,2,Work-focused
5.666666666666667,13.916666666666666,1.6666666666666667,0.0,0.0,0.0,0.0,39,1,True,10,False,2,Work-focused
11.0,0.0,0.5833333333333334,0.0,1.9,0.3333333333333333,0.0,18,2,True,7,False,0,Typical mix
9.0,0.1166666666666666,2.0,0.0,0.0,4.216666666666667,0.0,35,1,True,8,False,0,Typical mix
6.0,0.0,0.0,0.6666666666666666,0.0,12.833333333333334,0.0,41,2,False,10,False,0,Typical mix
12.5,0.0,2.0,0.0,0.0,1.5,0.0,39,2,True,7,False,0,Typical mix
11.0,0.0,0.5,0.4166666666666667,0.0,5.966666666666667,0.0,69,1,False,10,False,0,Typical mix
7.616666666666666,0.0,2.25,0.25,0.1666666666666666,0.0,0.5,15,1,False,9,False,0,Typical mix
7.583333333333333,0.0,2.3333333333333335,0.0,0.0,1.0,0.0,63,2,True,8,False,0,Typical mix
6.5,0.0,0.25,0.0,1.0833333333333333,7.166666666666667,0.0,80,2,True,8,False,0,Typical mix
8.666666666666666,9.083333333333334,1.0833333333333333,0.0,0.0,2.25,0.0,35,1,False,8,False,2,Work-focused
8.75,0.0,3.0,0.0,1.0,3.9166666666666665,0.0,50,2,True,7,False,0,Typical mix
13.083333333333334,0.0,0.0,0.0,0.0,0.3333333333333333,0.0,46,2,False,7,False,0,Typical mix
9.0,0.0,0.5,0.0,0.0,1.0,0.0,80,1,True,9,False,0,Typical mix
11.0,0.1666666666666666,1.0,0.5,4.0,2.8,1.0,51,1,True,7,False,1,Social
7.25,0.5,1.1666666666666667,0.0,0.0,4.0,0.0,50,1,True,8,False,0,Typical mix
6.0,11.0,2.0,0.0,0.0,2.25,0.0,50,1,False,9,False,2,Work-focused
9.25,0.0,1.3333333333333333,1.1333333333333333,0.0,1.0,0.0,34,2,False,9,False,0,Typical mix
10.166666666666666,0.0,0.25,0.0,0.0,4.2,0.0,71,2,False,5,False,0,Typical mix
7.666666666666667,0.0,4.75,0.0,0.0,0.0,0.5,55,1,False,7,False,0,Typical mix
16.666666666666668,0.0,0.5833333333333334,0.0,0.0,6.75,0.0,46,2,False,10,False,0,Typical mix
12.0,0.0,0.4166666666666667,0.0,6.083333333333333,4.25,0.0,52,1,True,5,False,1,Social
8.25,0.0,1.1,0.3333333333333333,0.6333333333333333,2.966666666666667,2.15,70,2,False,5,False,4,Computer-leisure
10.833333333333334,11.333333333333334,0.5,0.0,0.0,0.4166666666666667,0.0,33,1,False,6,False,2,Work-focused
11.333333333333334,0.0,0.0,0.0,0.0,4.75,0.0,24,1,True,8,False,0,Typical mix
8.0,3.0833333333333335,1.1666666666666667,0.6666666666666666,0.0,1.0666666666666669,0.0,44,2,False,6,False,0,Typical mix
7.583333333333333,0.25,0.6666666666666666,0.0,2.3,1.25,0.0,56,1,True,10,False,1,Social
7.833333333333333,0.0,1.9166666666666667,0.0,1.0,0.8333333333333334,0.0,29,2,True,9,False,0,Typical mix
8.5,0.0,1.25,0.0,2.9833333333333334,6.6,2.0,36,1,False,9,False,1,Social
9.0,0.0,0.0833333333333333,0.0,1.4,6.75,0.0,66,2,False,10,False,0,Typical mix
9.0,7.333333333333333,1.5,0.0,0.0,2.4166666666666665,0.0,60,1,False,3,False,2,Work-focused
8.5,0.0,0.0,0.0,5.0,3.0,0.5,46,2,False,8,False,1,Social
8.916666666666666,8.583333333333334,1.4166666666666667,0.0,0.1666666666666666,2.0,0.0,47,1,False,5,False,2,Work-focused
8.5,0.0,0.8333333333333334,0.0,0.0,4.583333333333333,0.0,62,2,True,9,False,0,Typical mix
10.0,0.0,1.0,0.0,0.0,8.416666666666666,1.0,59,1,True,7,False,0,Typical mix
8.5,11.7,0.0,0.0,0.0,0.0,0.0,50,2,False,8,False,2,Work-focused
8.666666666666666,0.0,0.75,0.0,1.0,3.0,0.0,36,2,False,4,False,0,Typical mix
8.25,1.3333333333333333,0.4166666666666667,0.0,3.5833333333333335,2.25,0.0,44,1,True,9,False,1,Social
9.0,0.0,1.0,0.0,1.0,3.0,0.0,70,2,False,9,False,0,Typical mix
7.833333333333333,12.083333333333334,0.3333333333333333,0.5,0.0,0.75,0.0,44,1,False,6,False,2,Work-focused
7.333333333333333,0.0,1.25,0.0,2.0,8.25,3.0,70,2,True,8,False,4,Computer-leisure
7.5,0.0,0.0833333333333333,0.0,0.0,4.666666666666667,0.0,68,2,True,9,False,0,Typical mix
6.85,7.55,1.7,0.0,0.3333333333333333,1.0833333333333333,0.0,33,1,False,8,False,2,Work-focused
10.5,0.0,0.5,0.0,0.0,3.5,2.0,68,1,False,5,False,0,Typical mix
7.95,0.0,0.4166666666666667,0.0,0.0,3.0,0.0,39,2,False,5,False,0,Typical mix
7.25,0.0,4.0,0.0,0.3333333333333333,2.7666666666666666,0.0,64,1,True,8,False,0,Typical mix
9.75,0.0,1.25,0.3333333333333333,0.5833333333333334,3.25,0.0,63,2,True,8,False,0,Typical mix
7.483333333333333,9.5,1.3333333333333333,1.0,0.0,0.6666666666666666,0.0,29,1,False,8,False,2,Work-focused
10.466666666666669,0.0,1.25,0.0,0.0,2.0,0.0,36,2,True,10,False,0,Typical mix
8.25,13.0,1.5,0.0,0.0,0.0,0.0,80,1,False,9,False,2,Work-focused
10.0,0.0,1.0,0.0,0.0,4.583333333333333,0.0,33,2,True,7,False,0,Typical mix
9.25,3.75,2.5,0.0,0.0,4.0,0.0,38,2,True,10,False,0,Typical mix
11.5,1.0,1.25,0.0,0.0,3.0833333333333335,0.0,28,2,True,9,False,0,Typical mix
9.25,0.8333333333333334,1.7833333333333334,0.0,1.2333333333333334,0.5,0.0,48,1,True,8,False,0,Typical mix
12.666666666666666,1.5,2.0,0.0,0.0,2.0,0.0,41,2,True,8,False,0,Typical mix
8.916666666666666,0.0,0.75,0.0,0.0,7.25,0.0,77,2,True,9,False,0,Typical mix
9.916666666666666,5.0,1.3333333333333333,0.75,0.9166666666666666,0.3333333333333333,0.0,62,2,False,6,False,2,Work-focused
10.45,0.0,0.5,0.0,3.5,3.0,0.0,30,1,True,6,False,1,Social
6.75,0.0,0.25,0.0,0.0,3.0,1.0,70,2,False,10,False,0,Typical mix
8.75,0.0,1.25,0.0,2.0,5.0,0.0,66,1,False,5,False,0,Typical mix
8.5,0.0,0.9166666666666666,0.0,6.583333333333333,4.5,0.0,65,2,True,7,False,1,Social
10.75,0.0,1.3333333333333333,0.0,0.0,5.5,0.0,31,2,True,7,False,0,Typical mix
9.416666666666666,0.0,1.0,1.0,1.8333333333333333,1.0,0.0,24,2,True,5,False,0,Typical mix
9.0,0.0,2.1666666666666665,0.0,2.5,2.0,0.0,73,1,False,8,False,1,Social
9.416666666666666,0.0,0.5,0.0,0.0,1.5,0.0,70,2,True,6,False,0,Typical mix
4.833333333333333,0.0,2.5833333333333335,0.0,0.0,0.0,0.0,64,2,True,5,False,0,Typical mix
11.0,0.0,1.5,0.0,0.0,2.0,0.0,57,2,True,9,False,0,Typical mix
9.5,0.0,0.75,0.0,1.0,1.0,0.0,46,2,True,8,False,0,Typical mix
7.0,0.0,1.5,0.0,0.0,5.0,0.0,80,2,True,5,False,0,Typical mix
7.683333333333334,10.45,0.3333333333333333,1.25,0.0,2.966666666666667,0.0,49,1,False,8,False,2,Work-focused
7.75,6.5,1.5,0.0,0.0,1.15,0.0,43,2,False,7,False,2,Work-focused
6.75,12.5,1.25,0.0,0.0,2.0,0.0,51,1,False,7,False,2,Work-focused
11.333333333333334,0.0,2.0,0.0,0.0,7.5,0.0,29,2,True,8,False,0,Typical mix
7.083333333333333,14.166666666666666,0.1666666666666666,0.0,0.0,2.1666666666666665,0.0,46,1,False,9,False,2,Work-focused
7.716666666666667,0.0,1.75,0.0,3.5833333333333335,0.5,0.0,68,2,True,9,False,1,Social
10.5,0.0,0.3333333333333333,0.5,1.4166666666666667,2.1666666666666665,0.5,42,2,False,7,False,0,Typical mix
9.0,0.0,1.25,0.0,1.0,6.083333333333333,0.0,50,2,True,7,False,0,Typical mix
9.6,0.0,1.0,0.0,1.5,0.0,1.0,25,1,False,8,False,0,Typical mix
10.666666666666666,6.216666666666667,0.5833333333333334,0.0,0.5,1.0,0.0,40,1,False,6,False,2,Work-focused
8.083333333333334,9.75,0.25,0.0,0.0,2.5,0.0,32,1,False,10,False,2,Work-focused
12.666666666666666,0.0,0.4166666666666667,1.5,0.0,5.916666666666667,0.0,39,2,False,7,False,0,Typical mix
8.5,0.0,0.1666666666666666,2.0,0.0,10.066666666666666,0.0,15,1,True,7,False,0,Typical mix
5.75,1.0,1.0,0.0,0.0,2.0,0.0,52,1,True,7,False,0,Typical mix
11.5,0.0,0.5833333333333334,0.0,0.0,7.916666666666667,0.0,17,2,True,10,False,0,Typical mix
8.333333333333334,0.0,0.3333333333333333,0.0,3.5,4.5,0.0,23,1,False,5,False,1,Social
10.0,7.266666666666667,3.0,0.0,0.0,2.0,1.0,53,1,True,6,False,2,Work-focused
7.0,0.0,1.0,0.0,6.5,3.5,0.3333333333333333,67,1,True,5,False,1,Social
8.0,0.0,0.75,0.0,0.0,4.416666666666667,0.0,65,2,False,5,False,0,Typical mix
9.5,0.0,2.0,1.5,2.0,2.0,0.0,53,1,False,7,False,0,Typical mix
13.033333333333331,0.0,0.1666666666666666,0.0,0.0,0.0,0.0,30,1,True,4,False,0,Typical mix
9.0,0.0,4.0,0.0,0.9833333333333332,5.233333333333333,0.0,68,2,True,9,False,0,Typical mix
8.166666666666666,9.5,1.0,0.0,0.0,0.6666666666666666,0.0,35,1,False,10,False,2,Work-focused
7.5,7.666666666666667,0.75,0.0,0.0,3.7,0.0,60,1,False,8,False,2,Work-focused
6.5,8.916666666666666,0.5833333333333334,0.0,0.0,0.0,0.0,26,2,False,10,False,2,Work-focused
8.5,11.3,0.0,0.0,0.0,0.3333333333333333,0.0,35,2,False,7,False,2,Work-focused
8.45,0.0,1.1666666666666667,0.0,0.5166666666666667,3.0,0.0,35,2,True,8,False,0,Typical mix
9.35,0.0,2.0833333333333335,2.75,1.1666666666666667,0.0,0.0,35,2,True,5,False,3,Active
9.0,5.25,1.0,0.0,0.0,3.1666666666666665,0.0,54,2,False,10,False,2,Work-focused
7.5,0.0,3.0,0.0,1.5,1.0,1.0,44,2,True,8,False,0,Typical mix
11.75,4.5,1.0,0.0,0.0,1.25,0.0,20,2,True,8,False,0,Typical mix
9.5,5.583333333333333,0.6666666666666666,0.0,0.75,0.0,0.0,23,1,True,4,False,2,Work-focused
11.0,0.0,0.5,0.0,0.0,3.0,0.0,60,1,True,5,False,0,Typical mix
10.0,0.0,0.3333333333333333,0.0,0.0,3.1666666666666665,0.0,25,2,True,5,False,0,Typical mix
9.0,0.0,2.3333333333333335,0.0,2.75,0.0,0.75,59,2,True,10,False,1,Social
4.583333333333333,8.416666666666666,2.5,0.0,0.0,4.5,0.0,47,1,False,9,False,2,Work-focused
11.0,0.0,0.25,0.0,0.25,5.0,0.0,60,1,True,8,False,0,Typical mix
8.283333333333333,0.0,0.5,1.0,0.0,3.5,0.0,62,2,True,7,False,0,Typical mix
7.833333333333333,8.916666666666666,0.0,0.0,1.5,1.0,0.0,59,1,True,7,False,2,Work-focused
4.75,12.333333333333334,0.75,0.0,0.25,0.3333333333333333,0.0,60,2,True,8,False,2,Work-focused
9.5,0.0,0.75,0.0,0.0,4.25,0.0,44,2,True,7,False,0,Typical mix
10.0,0.0,1.0,0.0,0.0,1.6833333333333331,0.0,16,1,False,9,False,0,Typical mix
12.216666666666669,0.0,0.5,0.0,0.0,0.5,0.0,63,1,True,5,False,0,Typical mix
9.333333333333334,0.0,2.0,0.0,0.75,2.0,0.0,64,2,True,10,False,0,Typical mix
8.716666666666667,0.0,0.3333333333333333,0.75,0.0,7.183333333333334,0.0,64,2,True,6,False,0,Typical mix
7.5,9.316666666666666,1.8333333333333333,0.0,0.0,1.0833333333333333,0.0,43,1,False,6,False,2,Work-focused
4.0,9.1,0.0833333333333333,0.0,1.7333333333333334,7.216666666666667,0.0,61,1,False,5,False,2,Work-focused
12.0,0.0,0.0,0.0,0.0,5.633333333333334,0.0,41,2,True,8,False,0,Typical mix
5.45,9.383333333333333,0.4,0.0,2.0,1.7,0.0,31,2,False,10,False,2,Work-focused
6.5,8.916666666666666,0.25,0.0,0.0,1.0,2.0,42,2,False,5,False,2,Work-focused
8.5,0.0,0.1666666666666666,3.5,0.0166666666666666,0.0,0.0,15,1,False,8,False,3,Active
7.0,0.0,1.5,0.0,0.0,7.916666666666667,0.0,78,2,False,8,False,0,Typical mix
10.0,0.0,1.0,0.0,0.0,0.0,0.0,62,2,True,7,False,0,Typical mix
7.5,8.133333333333333,0.5,0.0,0.0,1.25,0.0,43,2,False,5,False,2,Work-focused
6.316666666666666,0.0,0.6666666666666666,0.0,4.35,0.75,0.0,17,1,False,6,False,1,Social
9.0,0.0,3.466666666666667,0.0,1.3333333333333333,4.083333333333333,0.0,69,1,True,10,False,0,Typical mix
6.666666666666667,11.833333333333334,0.0,0.0,0.0,1.5,0.0,65,1,False,8,False,2,Work-focused
9.5,0.0,1.0,1.5,0.0,4.5,0.0,65,1,False,8,False,0,Typical mix
10.916666666666666,0.0,0.0,0.0,0.0,2.533333333333333,0.0,45,2,True,7,False,0,Typical mix
0.6666666666666666,14.133333333333333,0.5833333333333334,0.0,0.0,0.0,0.0,33,1,False,5,False,2,Work-focused
8.0,8.166666666666666,1.0,0.0,0.0,3.25,0.0,44,1,False,5,False,2,Work-focused
7.816666666666666,13.85,0.5,0.0,0.0,0.8333333333333334,0.0,44,1,False,9,False,2,Work-focused
8.0,0.0,1.5,0.0,0.5,4.0,1.25,59,1,True,10,False,0,Typical mix
10.833333333333334,0.0,1.1666666666666667,0.0,0.0,0.5,0.0,27,1,False,8,False,0,Typical mix
10.75,0.0,2.25,0.5,0.0,3.75,0.0,59,1,True,9,False,0,Typical mix
11.75,0.0,1.5,0.0,0.3333333333333333,2.0,0.0,80,1,False,3,False,0,Typical mix
9.75,0.1166666666666666,1.9166666666666667,0.0,0.5,0.75,0.0,36,1,True,8,False,0,Typical mix
9.9,9.0,1.0,0.0,0.0,0.0,0.0,43,2,True,7,False,2,Work-focused
9.0,8.833333333333334,1.0,0.0,0.0,1.0,0.0,41,1,False,10,False,2,Work-focused
6.0,8.333333333333334,0.9,0.0,0.0,0.0,0.0,36,2,False,6,False,2,Work-focused
10.5,0.0,2.6666666666666665,0.0,0.0,4.75,0.0,85,2,True,6,False,0,Typical mix
9.0,0.0,3.0,0.1666666666666666,1.0833333333333333,1.1666666666666667,0.0,85,2,True,7,False,0,Typical mix
9.0,0.0,0.8333333333333334,0.0,2.5,6.083333333333333,0.0,74,2,True,8,False,0,Typical mix
9.583333333333334,0.0,0.1666666666666666,0.0,1.6666666666666667,4.666666666666667,0.0,16,2,True,7,False,0,Typical mix
8.666666666666666,7.966666666666667,1.0,0.0,0.0,0.75,0.0,56,1,True,10,False,2,Work-focused
7.483333333333333,8.216666666666667,0.5,0.0,1.8333333333333333,4.0,0.0,53,1,False,6,False,2,Work-focused
13.616666666666667,0.0,1.2666666666666666,0.75,0.0,3.0,0.0,44,1,True,2,False,0,Typical mix
12.5,0.0,0.3333333333333333,0.0,0.0,10.916666666666666,0.0,71,1,True,5,False,0,Typical mix
11.083333333333334,1.0,1.0,0.0,0.0,2.6666666666666665,0.0,42,2,False,8,False,0,Typical mix
7.5,0.0,0.25,0.0,3.75,2.0,0.0,55,1,True,8,False,1,Social
8.5,8.25,0.5,0.0,0.8333333333333334,3.9166666666666665,0.0,35,1,False,9,False,2,Work-focused
10.0,0.0,1.75,0.0,0.0,1.8,0.0,41,2,True,8,False,0,Typical mix
7.166666666666667,0.0,0.6666666666666666,0.0,3.3833333333333333,0.0,0.25,33,2,True,6,False,1,Social
8.5,0.0,1.25,0.0,1.5,1.25,0.0,72,2,True,8,False,0,Typical mix
5.666666666666667,0.0,0.75,0.0,0.0,0.6666666666666666,0.0,29,2,False,10,False,0,Typical mix
9.8,0.0,3.5833333333333335,0.0,0.3333333333333333,0.0,0.0,34,2,True,8,False,0,Typical mix
0.0,0.0,0.5,0.0,0.0,15.666666666666666,0.0,58,1,False,8,False,0,Typical mix
7.966666666666667,0.0,0.4166666666666667,0.0,0.0,1.6666666666666667,1.5,29,2,False,6,False,0,Typical mix
7.333333333333333,0.0,0.6666666666666666,0.0,4.783333333333333,0.0,0.0,34,2,True,9,False,1,Social
7.5,6.75,2.0,0.6666666666666666,0.0,2.0,0.0,44,1,False,8,False,2,Work-focused
9.5,0.0,0.3333333333333333,0.0,0.0,0.75,0.0,37,2,True,10,False,0,Typical mix
11.166666666666666,0.0,0.5,0.0,7.0,1.5,0.0,45,1,True,7,False,1,Social
9.75,0.0,0.8333333333333334,0.0,4.5,0.0,0.0,49,2,True,6,False,1,Social
10.583333333333334,0.0,1.0,0.0,0.0,1.0,0.6666666666666666,27,2,True,8,False,0,Typical mix
8.016666666666667,0.0,0.75,0.0,0.3333333333333333,1.25,1.0,33,2,False,6,False,0,Typical mix
7.916666666666667,0.5,1.0,0.0,0.0,3.5833333333333335,0.0,34,2,True,7,False,0,Typical mix
8.4,0.0,2.0,1.5,3.0,1.0,1.0,39,1,True,6,False,1,Social
9.0,0.0,3.0,0.0,0.0,2.0,0.5,73,1,True,9,False,0,Typical mix
6.083333333333333,7.75,2.0,0.0,0.0,3.3333333333333335,0.0,40,2,False,6,False,2,Work-focused
6.5,0.0,0.5833333333333334,0.0,1.1666666666666667,1.2833333333333334,0.0,67,2,True,9,False,0,Typical mix
15.5,0.0,1.1666666666666667,0.0,0.0,4.75,0.0,38,1,False,7,False,0,Typical mix
16.083333333333332,0.0,0.1666666666666666,0.0,0.0,0.0,0.0,35,2,False,8,False,0,Typical mix
11.5,0.0,0.5,0.0,0.0,7.916666666666667,0.0,65,1,True,8,False,0,Typical mix
10.0,0.0,1.4166666666666667,0.0,0.0,0.5,0.0,42,1,False,10,False,0,Typical mix
9.25,0.0,0.25,0.0,0.0,12.583333333333334,0.0,65,1,True,8,False,0,Typical mix
6.666666666666667,0.0,3.4166666666666665,0.0,0.0,4.0,0.0,73,1,True,8,False,0,Typical mix
12.0,0.0,2.0,0.0,0.0,4.0,0.0,38,1,False,8,False,0,Typical mix
9.5,0.0,2.25,0.0,0.0,2.5,0.0,28,2,False,8,False,0,Typical mix
9.0,7.916666666666667,1.0,0.0,0.0,3.0,0.5,36,1,False,5,False,2,Work-focused
9.5,0.0,1.5,0.0,2.0,1.0,1.0,80,1,True,5,False,0,Typical mix
9.0,0.0,1.0,0.0,0.0,0.75,0.0,39,1,True,4,False,0,Typical mix
11.5,0.0,1.0,0.0,0.0,8.166666666666666,0.0,64,2,True,8,False,0,Typical mix
8.25,4.916666666666667,1.3333333333333333,0.0,0.0,3.1666666666666665,0.0,29,2,True,9,False,2,Work-focused
7.0,0.0,0.5,0.0,0.0,4.916666666666667,0.0,76,1,True,3,False,0,Typical mix
5.5,0.0,1.0,0.0,1.5,3.9,0.0,55,1,True,8,False,0,Typical mix
7.0,9.333333333333334,1.5,0.0,0.0,3.0,0.0,43,1,False,8,False,2,Work-focused
7.866666666666666,8.0,0.75,1.0,0.8333333333333334,0.75,0.0,37,1,False,9,False,2,Work-focused
10.366666666666667,0.0,0.1666666666666666,0.0,0.0,0.0,0.0,64,2,True,2,False,0,Typical mix
11.316666666666666,0.0,0.0833333333333333,2.0,0.0,8.0,0.0,16,1,True,8,False,0,Typical mix
10.0,0.0,1.0833333333333333,0.0,0.0,5.5,0.0,56,2,False,8,False,0,Typical mix
12.25,0.0,0.5,0.0,0.0,0.0,0.5,57,1,True,2,False,0,Typical mix
11.0,0.0,1.3333333333333333,0.3333333333333333,0.3333333333333333,0.5833333333333334,1.0,64,2,True,7,False,0,Typical mix
10.0,0.0,0.6666666666666666,0.0,0.0,12.833333333333334,0.0,43,1,True,6,False,0,Typical mix
9.75,0.0,2.75,0.0,0.0,2.0,0.0,85,2,False,0,False,0,Typical mix
8.0,0.0,1.75,0.0,0.0,2.0,0.0,25,1,True,7,False,0,Typical mix
10.0,0.0,1.5333333333333334,0.0,0.0,7.466666666666667,0.0,56,1,True,8,False,0,Typical mix
1.0,0.0,0.5,0.0,0.0,16.75,0.0,15,1,False,10,False,0,Typical mix
11.266666666666667,0.0,0.3333333333333333,0.0,0.0,9.65,0.0,79,1,False,5,False,0,Typical mix
13.166666666666666,0.0,1.6666666666666667,1.5,0.0,0.0,0.0,26,2,True,9,False,0,Typical mix
7.5,0.0,1.0,0.0,3.5,2.5,0.0,17,2,False,7,False,1,Social
9.833333333333334,7.416666666666667,1.0,2.0,0.0,1.0,0.0,29,2,True,4,False,2,Work-focused
8.5,7.75,1.0833333333333333,0.3333333333333333,0.6666666666666666,0.9166666666666666,0.0,29,1,False,8,False,2,Work-focused
6.0,9.0,1.5833333333333333,0.0,0.0,2.75,0.0,49,1,True,6,False,2,Work-focused
9.5,0.0,2.0,0.0,0.0,1.5833333333333333,1.5,85,1,False,5,False,0,Typical mix
8.0,0.0,0.75,0.0,1.0833333333333333,10.083333333333334,0.0,69,1,False,8,False,0,Typical mix
9.5,0.0,1.5,0.0,0.0,5.25,0.0,44,2,True,10,False,0,Typical mix
7.0,0.0,0.3333333333333333,0.0,0.0,6.333333333333333,0.0,80,1,False,9,False,0,Typical mix
9.583333333333334,0.0,0.4166666666666667,0.0,0.0,5.666666666666667,0.0,26,2,False,7,False,0,Typical mix
13.0,0.0,0.4166666666666667,0.0,1.0,1.4166666666666667,0.0,42,1,True,4,False,0,Typical mix
5.666666666666667,11.083333333333334,1.6666666666666667,0.0,0.0,0.6666666666666666,0.0,37,2,False,10,False,2,Work-focused
8.0,0.0,1.4166666666666667,0.0,0.0,6.1,0.0,78,2,False,8,False,0,Typical mix
8.0,0.0,0.6666666666666666,0.0,0.0,0.0,0.0,53,2,True,9,False,0,Typical mix
10.0,0.0,1.5,0.0,3.5,4.166666666666667,0.0,54,2,False,10,False,1,Social
11.0,0.0,1.1666666666666667,0.0,0.0,4.0,0.0,76,2,False,10,False,0,Typical mix
6.416666666666667,0.0,1.75,0.0,2.0,5.333333333333333,0.0,68,1,True,9,False,0,Typical mix
11.066666666666666,0.0,1.5,0.0,0.0,5.75,0.0,35,2,True,6,False,0,Typical mix
8.25,9.383333333333333,0.4166666666666667,0.0,0.0,0.5,0.0,32,2,False,6,False,2,Work-focused
8.5,0.0,0.5833333333333334,0.0,1.0,7.333333333333333,1.0,72,1,False,5,False,0,Typical mix
8.0,9.916666666666666,0.0,0.0,2.0,0.0,0.0,35,2,True,5,False,2,Work-focused
10.5,0.0,0.5833333333333334,0.0,0.0,2.8333333333333335,0.0,45,2,False,4,False,0,Typical mix
5.5,0.0,4.25,0.0,0.0,0.0,0.0,75,2,True,10,False,0,Typical mix
1.75,3.216666666666667,0.75,0.0,0.0,0.0,0.25,18,2,True,8,False,2,Work-focused
6.5,8.25,1.1666666666666667,3.0,1.0,1.5,0.0,25,1,False,4,False,3,Active
9.0,0.0,3.0,0.75,1.0,1.25,0.0,65,1,True,3,False,0,Typical mix
5.0,0.0,2.5,4.833333333333333,0.0,0.0,0.0,18,2,True,7,False,3,Active
8.45,0.0,2.0,0.0,0.0,5.3,1.0,68,2,False,8,False,0,Typical mix
8.166666666666666,8.666666666666666,0.3333333333333333,0.0,0.0,3.8333333333333335,0.0,64,2,False,8,False,2,Work-focused
11.0,0.0,1.6666666666666667,0.0,2.0,0.0,0.0,24,1,True,8,False,0,Typical mix
8.0,9.033333333333331,0.25,0.0,0.0,0.0,0.0,33,2,False,8,False,2,Work-focused
6.0,0.0,2.25,1.0,0.0,5.166666666666667,0.0,66,1,False,8,False,0,Typical mix
7.0,9.633333333333333,0.1666666666666666,0.0,0.0,0.0,0.0,45,2,False,3,False,2,Work-focused
8.0,1.0,2.0,0.0,0.0,4.0,0.0,58,2,False,8,False,0,Typical mix
8.166666666666666,0.0,1.25,0.0,3.0,5.166666666666667,0.0,24,2,False,8,False,1,Social
7.5,0.0,1.0833333333333333,0.3333333333333333,0.0,7.5,0.0,85,1,False,10,False,0,Typical mix
7.0,9.666666666666666,1.1666666666666667,0.0,0.0,5.0,0.1666666666666666,60,2,False,6,False,2,Work-focused
14.483333333333333,0.0,0.0,0.0,0.0,3.5,0.0,58,1,True,5,False,0,Typical mix
9.05,0.0,0.75,0.0,0.0833333333333333,7.483333333333333,0.0,80,2,True,10,False,0,Typical mix
11.0,0.0,0.75,0.0,0.0,7.75,0.0,19,2,True,5,False,0,Typical mix
8.583333333333334,8.25,2.5,0.0,0.0,0.0,0.0,36,1,True,6,False,2,Work-focused
1.3333333333333333,0.0,0.25,0.0,2.25,10.733333333333333,0.0,22,1,False,5,False,0,Typical mix
9.0,0.0,0.5,0.0,0.0,1.5,0.0,43,1,True,4,False,0,Typical mix
5.75,0.0,1.5,0.0,0.0,1.0,0.0,32,2,True,8,False,0,Typical mix
10.5,0.0833333333333333,1.9166666666666667,0.0,2.0,0.5,0.0,27,2,True,6,False,0,Typical mix
10.0,0.0,0.0833333333333333,0.0,0.0,9.166666666666666,0.0,43,1,True,5,False,0,Typical mix
9.0,0.0,1.5,0.0,0.0,4.8,0.0,70,1,True,9,False,0,Typical mix
7.833333333333333,0.0,2.3333333333333335,0.0,0.0,4.75,0.0,67,2,True,4,False,0,Typical mix
10.833333333333334,0.0,0.3333333333333333,0.0,0.0,11.733333333333333,0.0,34,2,False,10,False,0,Typical mix
6.316666666666666,10.55,0.3333333333333333,0.0,0.0,4.5,0.0,29,1,False,6,False,2,Work-focused
8.666666666666666,0.0,0.8333333333333334,0.0,0.25,3.5,0.0,55,2,True,6,False,0,Typical mix
6.316666666666666,8.0,0.6666666666666666,0.75,0.0,0.0,0.0,44,1,False,5,False,2,Work-focused
10.5,0.0,3.1666666666666665,0.0,0.0,1.5,0.0,80,1,False,9,False,0,Typical mix
10.5,1.0,0.5,0.0,6.566666666666666,3.1666666666666665,0.0,65,2,True,10,False,1,Social
7.75,0.0,0.6666666666666666,0.5,0.0,1.0,0.0,66,2,True,8,False,0,Typical mix
8.5,0.0,1.0,0.0,5.5,1.5,0.0,80,2,True,5,False,1,Social
8.416666666666666,5.833333333333333,0.25,1.0,0.0,3.0,0.0,63,1,False,5,False,2,Work-focused
10.5,8.75,1.25,0.0,0.0,1.8333333333333333,0.0,31,1,False,8,False,2,Work-focused
8.5,8.25,2.0,0.0,1.0,1.0,0.0,61,2,False,7,False,2,Work-focused
5.0,0.0,0.25,9.683333333333334,0.0,7.0,0.0,57,1,True,6,False,3,Active
8.8,0.0,1.0,1.0,0.25,2.75,0.0,50,2,True,10,False,0,Typical mix
10.0,0.0,1.4666666666666666,0.0,0.0,7.5,0.0,80,2,True,5,False,0,Typical mix
6.416666666666667,4.75,1.1666666666666667,0.0,2.25,3.0,0.0,34,1,True,3,False,2,Work-focused
5.8,10.75,0.8333333333333334,0.0,3.3333333333333335,0.0,0.25,56,1,False,7,False,2,Work-focused
11.333333333333334,0.0,1.5,1.5,0.0,4.0,0.0,80,1,False,10,False,0,Typical mix
10.0,8.25,0.25,0.0,0.0,1.75,0.0,49,2,False,10,False,2,Work-focused
4.666666666666667,0.0,1.25,3.5,3.0,4.0,0.0,25,1,True,7,False,3,Active
7.333333333333333,8.583333333333334,0.6666666666666666,0.0,0.0,0.0,2.0,21,1,False,7,False,2,Work-focused
9.5,3.5,5.25,0.0,0.0,0.0,0.0,41,1,True,7,False,0,Typical mix
8.0,4.75,2.0,0.0,0.0,2.25,2.0,71,2,False,9,False,2,Work-focused
8.25,0.0,2.25,5.75,0.0,1.5,0.0,35,2,True,9,False,3,Active
2.0,0.0,0.5,2.0,2.4166666666666665,6.75,0.0,31,1,False,6,False,1,Social
10.483333333333333,0.0,0.6666666666666666,1.5,0.0,1.0,0.0,21,2,False,7,False,0,Typical mix
8.833333333333334,8.066666666666666,1.3333333333333333,0.0,0.0,0.0,2.55,41,1,False,7,False,4,Computer-leisure
10.0,0.0,0.8333333333333334,1.3333333333333333,0.0,3.4833333333333334,0.0,58,1,False,8,False,0,Typical mix
8.5,0.0,2.5,0.0,0.3333333333333333,3.75,0.0,85,1,False,10,False,0,Typical mix
10.583333333333334,0.0,0.9833333333333332,0.0,1.4833333333333334,6.216666666666667,0.0,60,1,True,5,False,0,Typical mix
9.5,0.0,0.75,0.0,0.0,2.5833333333333335,1.0,56,1,True,7,False,0,Typical mix
9.166666666666666,9.033333333333331,0.6666666666666666,0.0,0.0,1.25,0.0,31,2,False,10,False,2,Work-focused
6.75,0.0,1.4166666666666667,0.0,2.0,4.833333333333333,0.0,71,1,False,7,False,0,Typical mix
7.5,0.0,2.0,0.5,0.0,2.75,0.5,56,1,True,9,False,0,Typical mix
10.666666666666666,0.0,0.5,0.0,6.0,4.0,0.0,41,2,True,5,False,1,Social
11.566666666666666,0.0,0.6666666666666666,0.0,0.0,4.5,3.0,26,2,True,3,False,4,Computer-leisure
9.0,7.0,1.5833333333333333,0.0,0.4166666666666667,2.75,0.0,63,1,False,5,False,2,Work-focused
8.5,7.666666666666667,1.1666666666666667,0.0,0.0,0.9166666666666666,0.0,68,1,True,10,False,2,Work-focused
8.916666666666666,0.0,2.5,0.0,0.0,7.583333333333333,0.0,54,2,True,8,False,0,Typical mix
8.5,0.0,1.25,0.0,0.0,4.0,0.0,32,2,False,8,False,0,Typical mix
4.666666666666667,0.0,3.0,0.0,0.25,0.0,0.0,61,2,True,10,False,0,Typical mix
9.416666666666666,0.0,1.9166666666666667,0.0,2.1666666666666665,0.0,0.0,57,2,True,6,False,1,Social
10.0,3.5,0.0,0.0,1.5,1.5,0.0,47,1,True,5,False,0,Typical mix
7.416666666666667,9.5,0.0,0.0,0.0,3.0,0.0,51,2,False,7,False,2,Work-focused
12.0,0.0,0.1666666666666666,0.0,0.25,10.933333333333334,0.0,45,1,False,10,False,0,Typical mix
5.75,0.0,1.25,0.0,0.5,2.6666666666666665,0.0,48,2,True,10,False,0,Typical mix
10.0,0.0,1.75,0.0,0.0,5.083333333333333,0.0,66,1,True,8,False,0,Typical mix
8.083333333333334,7.5,0.9166666666666666,0.0,0.0,0.9166666666666666,0.0,31,1,False,4,False,2,Work-focused
6.333333333333333,0.0,1.6666666666666667,0.0,2.25,4.5,0.5,71,1,True,8,False,0,Typical mix
7.333333333333333,7.75,0.9166666666666666,0.0,0.0,2.0,0.0,43,1,False,9,False,2,Work-focused
5.75,8.583333333333334,1.25,0.0,0.0,2.0,0.0,67,2,False,9,False,2,Work-focused
11.0,4.25,1.0,0.0,0.5,0.0,0.0,43,2,True,8,False,0,Typical mix
7.0,0.0,0.3333333333333333,0.0,0.0,15.0,0.0,38,1,True,7,False,0,Typical mix
9.0,0.0,0.75,0.0,0.8333333333333334,0.0,2.0,20,1,True,3,False,0,Typical mix
10.0,0.25,1.8333333333333333,0.0,0.0,1.6333333333333333,0.0,33,1,True,6,False,0,Typical mix
8.0,0.0,1.6666666666666667,0.5,0.0,11.383333333333333,0.0,77,1,True,5,False,0,Typical mix
5.666666666666667,14.666666666666666,0.3333333333333333,0.0,0.0,1.5,0.0,35,1,False,5,False,2,Work-focused
6.333333333333333,6.583333333333333,1.3333333333333333,0.0,0.0,1.0833333333333333,0.0,43,2,False,10,False,2,Work-focused
8.0,10.75,2.0833333333333335,0.0,0.0,0.0,0.0,20,1,False,7,False,2,Work-focused
8.25,0.0,0.75,1.25,2.1333333333333333,0.0,0.0,73,2,False,10,False,1,Social
9.25,8.583333333333334,1.4166666666666667,0.0,0.0,2.5,0.0,42,1,False,8,False,2,Work-focused
7.333333333333333,0.0,0.75,0.0,0.0,6.75,3.0,43,1,True,4,False,4,Computer-leisure
11.333333333333334,0.0,1.25,0.0,0.3333333333333333,1.5,0.0,15,2,True,6,False,0,Typical mix
7.5,12.583333333333334,0.5,0.0,0.0,0.0,0.0,45,1,False,8,False,2,Work-focused
9.0,0.0,0.4166666666666667,0.1,0.0,13.4,0.0,50,2,True,5,False,0,Typical mix
12.0,0.0,2.5,2.5,0.5,0.0,0.0,69,2,True,8,False,3,Active
12.416666666666666,0.0,1.1666666666666667,0.0,0.0,4.833333333333333,0.0,51,2,False,3,False,0,Typical mix
4.5,7.166666666666667,0.5,0.0,3.0,3.9166666666666665,0.0,53,1,False,8,False,2,Work-focused
8.916666666666666,0.0,1.1666666666666667,0.0,3.1666666666666665,2.2,0.0,73,1,False,10,False,1,Social
10.5,1.0,1.5,0.0,0.0,2.75,0.0,37,1,True,7,False,0,Typical mix
7.75,5.416666666666667,1.9166666666666667,0.5,1.0,2.0,0.0,47,1,False,7,False,2,Work-focused
10.25,0.0,1.5,0.0,2.5,2.0,0.0,42,1,True,8,False,1,Social
5.0,0.0,0.5833333333333334,0.0,0.0,13.266666666666667,0.0,75,1,False,9,False,0,Typical mix
9.0,7.833333333333333,1.0833333333333333,0.0,0.0,0.75,0.0,30,2,False,8,False,2,Work-focused
9.25,1.0,0.75,0.0,0.4833333333333333,1.5833333333333333,0.0,33,1,True,9,False,0,Typical mix
7.5,0.0,1.5,0.0,0.0,4.0,0.0,80,1,True,8,False,0,Typical mix
9.333333333333334,0.0,0.75,0.0,0.25,2.5833333333333335,0.0,77,2,True,10,False,0,Typical mix
9.0,0.0,1.25,0.0,0.0,5.966666666666667,0.0,34,1,True,8,False,0,Typical mix
7.5,0.25,1.1666666666666667,0.0,0.0,2.2333333333333334,0.0,48,1,True,7,False,0,Typical mix
10.083333333333334,7.75,1.25,0.0,0.0,0.75,0.0,20,2,True,9,False,2,Work-focused
7.833333333333333,7.083333333333333,1.0,0.5,0.5,1.5,0.0,31,2,False,6,False,2,Work-focused
9.0,0.0,1.75,1.25,3.9166666666666665,3.5,0.0,28,1,True,9,False,1,Social
5.0,2.9166666666666665,0.25,0.0,0.0,0.0,1.0,22,1,False,8,False,2,Work-focused
6.5,0.0,1.75,0.0,0.5,2.5,0.0,48,2,True,6,False,0,Typical mix
9.85,0.0,2.5,0.0,1.3833333333333333,2.0,0.5,29,2,True,5,False,0,Typical mix
8.0,0.0,0.5,0.0,0.0,3.0,0.0,44,2,True,3,False,0,Typical mix
11.0,3.75,1.25,0.0,0.0,4.583333333333333,0.0,34,1,True,5,False,0,Typical mix
6.0,0.0,0.3333333333333333,0.0,0.0,17.666666666666668,0.0,61,1,True,8,False,0,Typical mix
11.75,0.0,1.0833333333333333,2.25,0.0,3.75,1.5,29,2,True,5,False,0,Typical mix
12.5,0.0,2.25,0.0,1.5,5.833333333333333,0.0,53,1,True,7,False,0,Typical mix
10.5,0.25,1.25,0.0,0.0,1.0833333333333333,1.0,30,2,True,5,False,0,Typical mix
8.416666666666666,0.0,2.0,0.0,3.75,6.833333333333333,0.0,39,1,True,6,False,1,Social
10.316666666666666,0.0,1.8666666666666667,0.0,1.5,0.0,1.0,63,1,True,9,False,0,Typical mix
9.75,2.0,0.3333333333333333,1.0,0.0,1.8166666666666669,2.0,61,2,False,10,False,0,Typical mix
5.833333333333333,0.0,0.75,0.0,0.0,11.316666666666666,0.0,80,1,False,8,False,0,Typical mix
6.0,7.5,1.25,0.0,0.0,7.5,0.0,58,1,True,8,False,2,Work-focused
10.666666666666666,1.8333333333333333,0.75,0.0,0.0,4.5,0.0,41,2,True,7,False,0,Typical mix
11.0,0.0,1.25,0.0,2.75,1.0,0.0,61,1,True,9,False,1,Social
7.0,0.0,0.75,0.0,0.0,10.583333333333334,0.0,66,2,False,9,False,0,Typical mix
7.916666666666667,1.1666666666666667,0.3333333333333333,0.0,1.9166666666666667,2.0,1.0,53,2,False,5,False,0,Typical mix
8.0,0.0,0.3333333333333333,0.0,0.0,1.0,0.0,63,2,True,6,False,0,Typical mix
8.5,2.8333333333333335,1.0,0.0,0.0,8.5,1.0,44,1,False,5,False,0,Typical mix
5.0,0.0,0.5,0.0,0.0,4.25,0.75,62,1,True,2,False,0,Typical mix
10.0,0.0,1.0,0.0,0.0,9.416666666666666,0.0,59,2,True,8,False,0,Typical mix
10.5,3.783333333333333,0.5,0.0,0.0,1.5,0.5,46,2,True,5,False,0,Typical mix
6.0,0.0,1.25,0.0,0.0,10.5,0.0,77,1,True,8,False,0,Typical mix
11.0,2.0,1.1666666666666667,0.0,5.25,0.0,0.0,43,2,False,8,False,1,Social
8.5,0.0,0.3333333333333333,0.0,1.25,3.5,0.0,44,1,True,7,False,0,Typical mix
8.5,0.0,1.3333333333333333,0.0,2.0,5.666666666666667,0.0,85,1,True,8,False,0,Typical mix
10.0,0.0,1.5,0.0,7.25,4.25,0.0,85,1,True,3,False,1,Social
7.5,0.0,0.8333333333333334,0.6666666666666666,1.9166666666666667,1.25,1.0,75,2,False,7,False,0,Typical mix
8.8,8.583333333333334,1.1666666666666667,0.0,2.5,0.0,0.0,52,2,False,7,False,2,Work-focused
7.5,0.0,0.9166666666666666,0.0,0.0,8.266666666666667,0.0,29,2,False,5,False,0,Typical mix
8.0,0.0,0.6666666666666666,0.0,0.0,3.0833333333333335,0.0,31,1,False,10,False,0,Typical mix
11.5,0.0,3.0,0.0,0.5,1.5,0.0,71,1,True,8,False,0,Typical mix
9.5,0.0,1.0,0.0,1.25,1.0,0.0,58,2,False,10,False,0,Typical mix
7.666666666666667,7.166666666666667,0.8333333333333334,0.0,0.0,4.833333333333333,0.0,55,1,False,10,False,2,Work-focused
8.0,0.0,0.75,0.0,3.5166666666666666,4.583333333333333,0.3333333333333333,69,1,True,5,False,1,Social
4.75,8.55,1.25,0.0,0.0,3.0,0.0,45,1,False,7,False,2,Work-focused
10.0,0.0,0.5,1.0,0.0,6.0,0.0,45,1,True,7,False,0,Typical mix
10.0,0.0,2.5,0.0,0.0,0.0,0.0,49,2,True,8,False,0,Typical mix
11.216666666666669,0.0,1.25,0.0,0.0,8.416666666666666,0.0,71,1,True,6,False,0,Typical mix
8.6,9.366666666666667,1.8333333333333333,0.0,0.0,2.0,0.0,46,2,False,7,False,2,Work-focused
8.5,0.0,0.75,0.0,0.0,0.0,0.0,80,2,True,8,False,0,Typical mix
14.383333333333333,0.0,1.0,0.0,0.0,0.0,0.0,15,2,True,10,False,0,Typical mix
9.0,0.0,1.1666666666666667,0.0,1.0,8.583333333333334,0.0,15,1,False,7,False,0,Typical mix
7.5,0.0,0.25,0.0,0.0,2.0,0.0,67,2,True,3,False,0,Typical mix
5.666666666666667,0.0,1.6666666666666667,0.0,0.9166666666666666,0.0,1.75,63,2,True,10,False,0,Typical mix
7.033333333333333,10.133333333333333,1.15,0.0,0.0,2.6166666666666667,0.0,54,1,False,3,False,2,Work-focused
6.5,11.666666666666666,0.25,0.0,0.0,3.966666666666667,0.0,23,1,True,7,False,2,Work-focused
10.75,0.0,0.5,0.0,0.0,0.0,0.0,51,1,True,6,False,0,Typical mix
6.0,0.0,2.5,1.0,0.0,2.0,0.0,51,1,True,7,False,0,Typical mix
10.716666666666669,0.0,0.8333333333333334,0.0,0.0,4.716666666666667,0.0,66,2,True,10,False,0,Typical mix
6.5,5.933333333333334,0.25,0.0,1.4166666666666667,2.05,1.0,19,1,True,8,False,2,Work-focused
7.0,0.0,1.8333333333333333,0.0,0.0,10.75,0.0,72,2,True,8,False,0,Typical mix
7.5,5.75,2.75,0.0,0.0,3.25,0.0,44,2,False,10,False,2,Work-focused
7.333333333333333,7.833333333333333,0.8333333333333334,0.5,0.0,0.0,0.0,33,2,False,10,False,2,Work-focused
9.0,0.0,2.4166666666666665,2.0,0.0,2.5,0.0,80,2,True,10,False,0,Typical mix
6.983333333333333,8.166666666666666,1.25,0.0,1.5666666666666669,0.0,0.0,46,2,False,8,False,2,Work-focused
11.666666666666666,0.0,1.75,0.0,0.0,0.0,0.0,31,2,True,7,False,0,Typical mix
7.5,5.0,1.25,1.0,0.5,3.5833333333333335,0.0,71,1,False,8,False,2,Work-focused
9.5,7.5,1.0,0.0,0.0,0.0,0.0,40,1,False,7,False,2,Work-focused
0.0,0.0,0.5,0.0,0.5,1.0,0.0,49,2,False,10,False,2,Work-focused
9.666666666666666,2.0,1.75,0.0,0.0,4.5,0.0,60,1,True,8,False,0,Typical mix
9.25,0.0,0.3333333333333333,0.0,0.0,10.916666666666666,0.0,43,2,False,10,False,0,Typical mix
10.5,1.0,0.5,0.0,0.0,0.0,0.0,55,2,True,6,False,0,Typical mix
7.5,0.0,2.0,0.0,0.0,7.75,0.0,68,1,True,8,False,0,Typical mix
6.0,0.0,1.4666666666666666,0.0,2.0,9.966666666666669,0.0,59,1,False,7,False,0,Typical mix
7.0,0.0,2.0,0.0,1.8333333333333333,4.0,0.0,61,2,True,8,False,0,Typical mix
10.25,0.0,1.5,0.0,1.25,1.75,0.0,61,1,True,9,False,0,Typical mix
9.416666666666666,2.0,0.25,0.0,0.0,5.966666666666667,2.0,52,2,False,1,False,0,Typical mix
7.083333333333333,0.0,1.0,0.0,0.0,3.0,0.0,53,2,True,5,False,0,Typical mix
10.0,0.0,0.0666666666666666,0.0,0.0,0.0,0.0,59,1,False,0,False,0,Typical mix
9.0,0.0,1.75,0.0,0.0,1.4166666666666667,0.0,79,2,True,10,False,0,Typical mix
6.5,4.0,0.25,0.75,1.5,6.416666666666667,0.0,55,1,False,5,False,0,Typical mix
8.25,0.0,1.5,0.0,2.8333333333333335,0.0,0.0,58,2,True,5,False,1,Social
6.0,8.433333333333334,1.3166666666666669,0.0,5.133333333333334,0.0,1.1333333333333333,39,2,False,8,False,1,Social
8.5,0.0,1.5833333333333333,0.0,3.75,1.75,0.0,65,1,True,8,False,1,Social
8.0,8.0,0.5,0.0,0.0,5.5,0.0,49,2,True,7,False,2,Work-focused
11.0,0.0,2.0,0.0,2.0,3.9833333333333334,0.0,29,1,True,5,False,0,Typical mix
6.0,4.916666666666667,1.0833333333333333,0.0,0.3333333333333333,7.666666666666667,0.0,38,1,True,5,False,0,Typical mix
9.0,0.0,2.5833333333333335,0.0,0.0,5.7,0.0,25,2,True,3,False,0,Typical mix
9.0,2.0,0.5,0.75,3.6666666666666665,3.3333333333333335,0.0,62,2,True,6,False,1,Social
8.5,0.0,1.5,0.0,0.0,2.75,0.0,80,2,True,4,False,0,Typical mix
10.0,0.0,0.3333333333333333,0.0,0.0,0.0,0.0,75,2,False,8,False,0,Typical mix
11.0,0.0,0.3333333333333333,0.0,0.0,3.6666666666666665,0.0,47,1,False,5,False,0,Typical mix
8.916666666666666,0.0,1.0,1.25,0.0,6.416666666666667,0.0,32,2,True,8,False,0,Typical mix
11.133333333333333,0.0,2.0,0.0,0.0,6.5,0.0,85,2,True,10,False,0,Typical mix
9.5,0.0,1.25,0.0,0.0833333333333333,3.6666666666666665,0.5,45,1,True,7,False,0,Typical mix
8.5,7.733333333333333,0.75,0.5,0.0,1.6666666666666667,0.0,31,2,False,5,False,2,Work-focused
11.0,0.0,2.0,0.0,0.0,1.5,0.0,16,1,True,8,False,0,Typical mix
7.5,8.666666666666666,1.25,0.0,0.0,2.4166666666666665,0.5,52,2,False,9,False,2,Work-focused
10.75,0.0,1.5,0.0,0.0,5.0,0.0,54,2,False,10,False,0,Typical mix
8.0,8.666666666666666,1.0,0.0,0.5833333333333334,1.8333333333333333,0.0,40,2,False,8,False,2,Work-focused
7.333333333333333,8.0,1.1666666666666667,0.0,0.25,3.6666666666666665,0.4166666666666667,62,1,False,9,False,2,Work-focused
8.0,0.0,2.5,0.0,0.0,2.0,0.6666666666666666,25,2,False,5,False,0,Typical mix
11.716666666666669,0.0,0.75,0.0,0.0,2.9166666666666665,0.0,51,2,False,3,False,0,Typical mix
10.0,0.0,1.5,0.0,0.0,2.1666666666666665,0.0,74,1,True,8,False,0,Typical mix
10.0,0.0,0.0833333333333333,0.0,2.0,7.0,0.0,85,2,True,10,False,0,Typical mix
6.916666666666667,0.0,2.216666666666667,0.0,4.7,4.116666666666666,0.0,66,2,True,10,False,1,Social
11.433333333333334,0.0,2.5,0.0,5.5,0.0,0.0,52,2,True,4,False,1,Social
12.5,0.0,0.25,0.0,0.0,2.0,0.0,37,1,False,8,False,0,Typical mix
8.333333333333334,10.2,1.0,0.0,0.0,1.0,0.0,29,1,False,7,False,2,Work-focused
5.333333333333333,10.0,0.5,1.25,1.0,0.75,0.0,44,1,False,8,False,2,Work-focused
10.0,0.0,1.0,0.0,0.1666666666666666,3.3333333333333335,0.0,18,1,False,7,False,0,Typical mix
12.916666666666666,0.0,1.6666666666666667,0.0,0.0,2.5,0.0,70,1,True,5,False,0,Typical mix
8.0,0.0,1.75,0.3333333333333333,2.9,3.5833333333333335,0.0,41,1,True,7,False,1,Social
11.0,0.0,1.5,0.0,0.0,1.3333333333333333,0.0,18,2,False,5,False,0,Typical mix
10.75,0.0,0.0,0.0,0.6666666666666666,2.0,0.0,52,2,True,8,False,0,Typical mix
13.0,0.0,1.0,0.0,0.0,6.666666666666667,0.0,76,1,True,4,False,0,Typical mix
10.25,0.0,1.1666666666666667,0.0,2.3333333333333335,3.5,0.0,58,2,True,8,False,0,Typical mix
11.166666666666666,0.0,1.5,0.0,0.0,1.5,0.0,18,2,True,6,False,0,Typical mix
7.0,0.0,0.25,0.0,12.75,2.5,0.0,66,2,True,10,False,1,Social
9.583333333333334,7.15,0.5833333333333334,0.0,0.0,1.0833333333333333,0.0,26,1,True,8,False,2,Work-focused
10.5,0.0,1.5,0.0,5.0,2.5,0.0,66,2,False,8,False,1,Social
9.666666666666666,0.0,0.9166666666666666,0.0,1.5,0.0,0.0,52,2,True,7,False,0,Typical mix
12.0,0.0,2.9166666666666665,0.0,0.0,4.0,0.0,26,2,True,10,False,0,Typical mix
6.75,0.0,1.7333333333333334,0.0,0.5,0.75,2.5,51,1,False,8,False,4,Computer-leisure
7.0,10.5,0.9166666666666666,0.0,0.0,1.3333333333333333,2.6666666666666665,36,1,False,5,False,4,Computer-leisure
9.5,0.0,0.5,0.0,0.0,5.0,0.0,80,1,False,7,False,0,Typical mix
12.0,0.0,1.8333333333333333,0.0,4.0,2.0,0.0,36,2,True,8,False,1,Social
6.0,0.0,0.75,0.0,8.166666666666666,6.583333333333333,0.0,71,1,True,8,False,1,Social
10.0,0.0,0.8333333333333334,0.0,0.0,7.0,0.0,67,2,False,10,False,0,Typical mix
7.5,0.0,0.25,0.0,3.0,2.5833333333333335,0.0,62,2,True,9,False,1,Social
8.0,0.0,1.0,0.0,4.0,2.0833333333333335,0.0,80,1,True,8,False,1,Social
3.5,7.5,0.6666666666666666,0.0,0.0,0.0,0.0,37,2,False,5,False,2,Work-focused
12.5,0.0,1.0,0.0,1.0,1.25,0.0,85,2,False,5,False,0,Typical mix
7.0,8.75,1.0,0.0,0.3333333333333333,0.0,2.3333333333333335,76,1,False,7,False,2,Work-focused
8.083333333333334,2.0833333333333335,0.1666666666666666,0.0,0.0,7.416666666666667,0.0,18,1,True,7,False,0,Typical mix
11.316666666666666,0.0,1.0,0.0,0.0,2.9166666666666665,0.0,51,2,False,10,False,0,Typical mix
7.25,1.0,1.1666666666666667,1.5,0.6666666666666666,2.0,0.0,29,2,False,7,False,0,Typical mix
8.0,0.0,0.6666666666666666,0.0,0.0,6.583333333333333,0.0,57,2,True,8,False,0,Typical mix
7.916666666666667,0.0,3.0833333333333335,0.0,0.0,3.0,0.0,80,2,True,7,False,0,Typical mix
10.416666666666666,0.0,1.9166666666666667,0.0,0.0833333333333333,6.583333333333333,0.5,32,2,False,8,False,0,Typical mix
9.166666666666666,0.0,1.0,0.0,6.266666666666667,0.0,0.6666666666666666,30,2,True,10,False,1,Social
8.0,0.0,2.0,0.75,0.0,0.0,9.583333333333334,17,2,True,5,False,4,Computer-leisure
8.0,0.0,0.0,0.0,0.0,1.0,0.0,59,2,False,10,False,0,Typical mix
9.5,0.0,1.5,6.75,1.35,0.0,0.0,44,1,True,8,False,3,Active
11.166666666666666,2.0,0.5833333333333334,1.0,0.0,0.0,0.0,54,2,True,5,False,0,Typical mix
9.75,0.0,2.0,0.0,0.7,4.316666666666666,0.0833333333333333,47,1,True,5,False,0,Typical mix
10.75,0.0,4.25,0.0,0.0,6.5,0.0,85,2,True,8,False,0,Typical mix
8.5,0.0,3.0,0.0,2.75,0.0,0.0,63,1,True,8,False,1,Social
9.0,0.0,0.8333333333333334,0.0,0.0,11.583333333333334,0.0,85,2,False,8,False,0,Typical mix
7.75,0.0,1.5833333333333333,0.0,3.0,2.25,0.0,31,1,True,8,False,1,Social
10.0,0.0,2.75,0.0,0.0,3.4166666666666665,0.0,51,2,True,10,False,0,Typical mix
6.0,8.833333333333334,3.3333333333333335,0.0,0.5,1.5,0.0,51,1,False,7,False,2,Work-focused
15.75,0.0,0.5,0.0,0.0,3.0,0.0,46,2,True,7,False,0,Typical mix
11.0,0.0,0.05,0.0,0.0,12.95,0.0,57,1,True,10,False,0,Typical mix
8.0,7.5,0.9166666666666666,0.0,0.0,3.5833333333333335,0.0,32,1,False,8,False,2,Work-focused
7.25,7.5,1.0833333333333333,0.0,1.0833333333333333,0.8333333333333334,0.0,45,2,False,8,False,2,Work-focused
7.75,10.083333333333334,1.0,0.0,0.25,1.5,0.0,46,1,False,8,False,2,Work-focused
8.0,14.333333333333334,1.6666666666666667,0.0,0.0,0.0,0.0,37,1,True,5,False,2,Work-focused
7.633333333333334,0.0,1.75,0.0,0.0,0.0,0.0,23,1,True,4,False,0,Typical mix
9.5,0.0,0.75,0.0,0.0,13.25,0.0,64,2,True,5,False,0,Typical mix
10.0,0.0,0.8333333333333334,0.0,4.333333333333333,5.25,0.0,45,2,True,10,False,1,Social
7.0,4.25,0.0,0.0,0.3333333333333333,3.6666666666666665,0.0,66,2,False,6,False,2,Work-focused
8.0,2.0,2.5,0.0,1.5,2.25,0.0,36,2,True,8,False,0,Typical mix
8.0,12.066666666666666,0.6666666666666666,0.0,0.0,1.0333333333333334,0.0,61,1,False,6,False,2,Work-focused
9.583333333333334,0.0,0.25,1.5,1.1666666666666667,4.0,0.0,17,1,True,7,False,0,Typical mix
8.75,0.0,0.5,0.75,0.1666666666666666,3.75,0.0,23,2,False,9,False,0,Typical mix
8.75,3.0,2.3333333333333335,0.0,1.5,0.0,0.0,67,1,False,9,False,0,Typical mix
10.0,0.0,3.0,0.0,0.0,1.0,0.0,61,2,True,1,False,0,Typical mix
9.0,0.0,0.3333333333333333,0.0,1.5,4.75,0.0,47,1,True,4,False,0,Typical mix
11.0,0.0,2.0,0.0,0.0,11.0,0.0,49,1,True,0,False,0,Typical mix
10.0,0.25,1.0,0.0,0.0,3.0,0.0,61,1,True,6,False,0,Typical mix
7.5,8.716666666666667,0.9166666666666666,0.0,0.0,1.0,0.0,33,1,False,7,False,2,Work-focused
10.416666666666666,0.0,0.25,0.75,0.0,0.0,0.0,61,1,False,10,False,0,Typical mix
8.75,0.0,0.6666666666666666,0.0,0.0,1.5,0.0,50,1,False,9,False,0,Typical mix
8.5,3.6333333333333337,0.5833333333333334,0.0,0.5,4.166666666666667,0.0,18,2,True,4,False,0,Typical mix
7.766666666666667,0.0,0.5,0.0,2.216666666666667,1.0,0.0,16,2,False,5,False,1,Social
7.5,9.5,1.5833333333333333,0.0,0.0,0.0,0.0,30,2,False,8,False,2,Work-focused
11.333333333333334,4.0,0.75,0.0,0.0,0.0,0.0,70,2,True,6,False,0,Typical mix
11.416666666666666,0.0,0.5,0.0,0.0,0.75,0.0,56,2,True,7,False,0,Typical mix
9.583333333333334,0.0,2.5833333333333335,0.0,3.75,1.4166666666666667,0.0,39,1,False,8,False,1,Social
13.333333333333334,0.0,1.0,0.0,0.0,0.0,0.0,47,1,True,10,False,0,Typical mix
8.0,10.416666666666666,0.75,0.0,0.0,1.6666666666666667,0.0,59,2,False,10,False,2,Work-focused
9.583333333333334,0.0,0.5,0.0,4.166666666666667,2.0,0.0,53,1,False,5,False,1,Social
6.416666666666667,0.0,1.25,0.0,0.0,0.5,0.0,29,2,True,8,False,0,Typical mix
11.666666666666666,0.0,1.5,1.5,0.0,4.0,0.0,32,2,True,7,False,0,Typical mix
5.75,0.0,1.5,0.0,1.0,6.75,0.0,50,2,True,7,False,0,Typical mix
9.5,0.0,0.5,0.0,0.0,0.0,0.0,67,2,True,10,False,0,Typical mix
6.55,11.166666666666666,1.0,0.0,0.0,2.1666666666666665,0.0,55,1,False,8,False,2,Work-focused
6.666666666666667,0.0,2.5833333333333335,0.0,0.8333333333333334,1.0,0.0,16,2,True,8,False,0,Typical mix
11.5,0.0,3.0,0.0,0.0,0.0,0.0,15,2,True,7,False,0,Typical mix
9.5,0.0,0.6666666666666666,0.0,0.0,7.25,0.0,73,1,False,8,False,0,Typical mix
6.75,7.666666666666667,0.8333333333333334,0.0,0.4166666666666667,1.25,0.25,51,2,False,8,False,2,Work-focused
11.083333333333334,0.0,1.0,0.0,0.0,7.0,0.0,74,1,True,8,False,0,Typical mix
9.333333333333334,6.166666666666667,1.5,0.0,0.0,0.0,0.0,64,1,True,8,False,2,Work-focused
8.0,0.0,1.3333333333333333,0.0,0.0,7.666666666666667,0.0,27,1,True,4,False,0,Typical mix
8.25,8.75,1.75,0.0,0.25,0.5,0.0,27,1,False,5,False,2,Work-focused
0.0166666666666666,7.583333333333333,1.6666666666666667,0.0,0.0,2.8333333333333335,0.0,53,2,False,10,False,2,Work-focused
9.733333333333333,0.1666666666666666,0.75,0.0,0.0,2.183333333333333,0.0,42,2,True,4,False,0,Typical mix
11.3,0.0,1.5833333333333333,0.0,2.5,0.5,0.0,16,1,True,8,False,1,Social
11.5,0.0,1.0,0.0,1.0,5.0,0.0,56,2,True,8,False,0,Typical mix
7.5,11.0,2.0,0.0,0.0,1.5,0.0,46,1,True,6,False,2,Work-focused
10.5,0.0,0.5,0.0,0.0,2.0833333333333335,0.0,37,2,True,5,False,0,Typical mix
10.75,0.0,0.0,0.0,1.0,0.0,0.0,43,2,True,7,False,0,Typical mix
8.5,0.0,0.5,5.916666666666667,0.0,5.666666666666667,0.0,47,1,False,7,False,3,Active
13.416666666666666,0.0,0.3333333333333333,0.0,0.0,0.0,0.0,29,2,True,6,False,0,Typical mix
11.0,0.0,1.5,0.0,0.0,5.5,0.0,80,2,False,10,False,0,Typical mix
7.333333333333333,6.25,1.25,0.0,1.0,0.5,0.5,54,1,False,10,False,2,Work-focused
7.0,0.0,1.75,1.7166666666666666,0.5,4.033333333333333,0.0,55,2,False,7,False,0,Typical mix
8.083333333333334,10.0,1.0,0.0,0.0,0.4166666666666667,0.0,49,2,False,5,False,2,Work-focused
8.316666666666666,0.0,2.0,0.0,4.25,1.75,2.0,27,1,True,8,False,1,Social
8.166666666666666,0.1666666666666666,1.6666666666666667,0.0,1.25,0.5833333333333334,0.0,45,2,False,8,False,0,Typical mix
10.833333333333334,7.0,1.0,0.0,0.5,1.0,0.0,54,2,False,9,False,2,Work-focused
10.0,0.0,0.8333333333333334,0.0,0.0,0.0,0.0,40,2,True,10,False,0,Typical mix
4.0,18.916666666666668,1.0,0.0,0.0,0.0,0.0,45,1,True,9,False,2,Work-focused
7.5,0.0,1.6666666666666667,0.0,0.0,8.333333333333334,0.0,35,2,True,4,False,0,Typical mix
8.416666666666666,8.583333333333334,0.5,0.5833333333333334,0.0,1.0,0.0,43,2,False,6,False,2,Work-focused
9.0,0.0,1.5,0.0,4.25,3.433333333333333,0.0,41,2,True,6,False,1,Social
11.5,0.0,1.75,0.0,0.0,3.0,0.0,56,2,True,7,False,0,Typical mix
3.5,10.25,0.0,0.0,2.3333333333333335,0.0,0.0,38,2,True,2,False,2,Work-focused
10.0,0.0,1.0,0.0,4.0,3.0,0.0,70,1,True,5,False,1,Social
7.0,0.0,0.0,0.0,2.5,8.883333333333333,0.0,75,2,False,10,False,0,Typical mix
8.0,0.0,0.5,0.0,0.0,4.666666666666667,0.0,67,2,False,8,False,0,Typical mix
6.0,0.0,1.5833333333333333,0.0,1.5333333333333334,5.333333333333333,1.5,62,2,False,9,False,0,Typical mix
8.25,0.0,1.1666666666666667,0.0,0.25,3.05,8.6,71,2,True,7,False,4,Computer-leisure
8.5,0.0,1.0,0.0,0.0,2.0,0.0,54,2,True,5,False,0,Typical mix
9.5,0.0,0.3333333333333333,0.1333333333333333,0.0,9.116666666666667,0.0,72,2,False,6,False,0,Typical mix
8.0,0.0,0.6666666666666666,0.75,0.0,1.6666666666666667,0.0,38,2,True,7,False,0,Typical mix
2.5,0.0,0.8333333333333334,0.0,0.0,19.966666666666665,0.0,65,1,False,9,False,0,Typical mix
7.833333333333333,1.0,2.0,0.0,0.0,2.0,0.0,33,1,True,9,False,0,Typical mix
8.916666666666666,0.0,4.0,1.0,2.85,1.0,0.0,66,1,True,9,False,1,Social
12.0,0.0,0.6666666666666666,0.0,2.0,3.3333333333333335,0.0,18,2,True,9,False,0,Typical mix
13.0,0.0,0.8333333333333334,3.0,0.0,4.5,0.0,34,1,False,5,False,3,Active
12.0,0.0,2.0,0.0,0.0,0.0,0.0,30,2,True,5,False,0,Typical mix
9.0,0.0,1.1666666666666667,0.0,0.0,4.5,0.0,66,1,False,4,False,0,Typical mix
7.5,8.5,2.0,0.0,0.0,1.75,0.0,65,1,False,7,False,2,Work-focused
8.533333333333333,0.0,1.25,2.0,0.0,2.0,0.0,40,2,True,7,False,0,Typical mix
6.116666666666666,0.0,0.8333333333333334,0.0,1.25,2.0,1.25,54,1,True,7,False,0,Typical mix
9.0,0.0,0.75,0.75,0.0,5.8,0.0,18,2,False,7,False,0,Typical mix
11.25,0.0,1.0,0.0,0.0,4.0,0.0,46,2,True,6,False,0,Typical mix
8.5,2.0,0.6666666666666666,2.5,0.0,1.5833333333333333,0.0,48,1,True,7,False,3,Active
10.083333333333334,0.0,0.25,0.0,3.0833333333333335,1.0,0.0,32,2,True,7,False,1,Social
10.0,3.6666666666666665,0.6666666666666666,0.0,0.0,0.0,0.0,28,2,False,9,False,0,Typical mix
7.25,0.0,1.1666666666666667,0.0,6.983333333333333,2.0,0.0,80,2,True,8,False,1,Social
12.0,0.0,0.75,0.0,2.0,3.4166666666666665,0.0,61,2,True,9,False,0,Typical mix
9.416666666666666,9.283333333333331,1.4333333333333331,1.0,0.0,1.8,0.0,42,1,False,8,False,2,Work-focused
9.0,0.0,0.25,1.0,3.0,1.0,0.0,68,2,True,8,False,1,Social
4.0,0.0,0.0,2.0,0.0,6.933333333333334,0.0,66,1,True,10,False,0,Typical mix
6.5,8.583333333333334,1.55,0.75,2.2,1.0,0.0,41,1,False,5,False,2,Work-focused
5.5,8.333333333333334,0.8333333333333334,0.0,0.0,0.0,1.5,36,1,False,7,False,2,Work-focused
10.5,0.0,2.25,0.0,0.0,0.5,0.0,30,2,False,9,False,0,Typical mix
6.166666666666667,3.3333333333333335,0.25,0.0,0.0,7.583333333333333,0.0,45,2,True,7,False,0,Typical mix
10.166666666666666,0.0,2.4,0.0,2.0,0.0,0.0,68,1,False,10,False,0,Typical mix
13.25,0.0,1.5,0.0,3.0,2.4166666666666665,0.0,51,2,True,5,False,1,Social
7.55,7.45,0.25,1.8166666666666669,0.0,0.0,0.0,35,2,False,5,False,2,Work-focused
10.0,0.0,1.5,0.75,0.0,2.25,0.0,56,1,False,8,False,0,Typical mix
9.8,0.0,0.8833333333333333,1.0,0.0,1.1166666666666667,1.0,17,1,False,7,False,0,Typical mix
8.0,0.0,0.75,0.0,0.0,1.0,0.0,65,2,False,8,False,0,Typical mix
9.0,0.0,0.5,1.0,0.0,13.5,0.0,27,1,False,8,False,0,Typical mix
9.516666666666667,6.6,1.0,0.0,0.0,0.0,0.0,34,2,False,0,False,2,Work-focused
9.666666666666666,0.0,0.5,0.0,0.0,3.5,0.0,58,2,True,8,False,0,Typical mix
3.5,0.0,0.6666666666666666,4.0,1.5833333333333333,4.666666666666667,0.0,65,2,True,6,False,3,Active
8.5,7.433333333333334,0.8333333333333334,0.0,0.0,2.3833333333333333,0.0,44,2,False,2,False,2,Work-focused
9.5,0.0,2.25,0.0,0.3333333333333333,4.3,0.0,77,1,False,7,False,0,Typical mix
12.0,0.0,0.3333333333333333,0.0,0.0,2.3333333333333335,5.583333333333333,44,2,False,5,False,4,Computer-leisure
8.25,8.333333333333334,0.5,3.6666666666666665,0.25,0.0,0.0,20,1,False,9,False,3,Active
7.833333333333333,0.0,0.5,0.5,0.0,1.7166666666666666,0.0,43,2,False,9,False,0,Typical mix
12.05,0.0,1.0833333333333333,0.0,1.5833333333333333,0.3333333333333333,0.0,43,2,True,8,False,0,Typical mix
12.0,4.75,1.25,0.3333333333333333,0.0,2.0,0.0,57,2,True,7,False,0,Typical mix
8.0,2.0,2.5,0.0,0.0,0.0,0.0,51,1,True,8,False,0,Typical mix
16.883333333333333,0.0,0.5,0.0,0.0,4.5,0.0,50,2,False,10,False,0,Typical mix
9.5,0.0,0.5,0.0,0.0,5.5,0.0,35,2,True,8,False,0,Typical mix
9.583333333333334,9.083333333333334,0.3333333333333333,0.0,0.0,1.9166666666666667,0.0,28,2,True,7,False,2,Work-focused
9.0,0.0,1.0,0.0,1.5,4.5,3.0833333333333335,18,2,True,8,False,4,Computer-leisure
14.166666666666666,0.0,3.75,0.0,0.0,2.0,0.0,85,2,False,9,False,0,Typical mix
8.5,8.25,2.3333333333333335,0.0,0.0,1.8333333333333333,0.0,30,1,False,8,False,2,Work-focused
5.5,0.0,0.8333333333333334,0.0,0.0,3.1666666666666665,0.0,29,1,False,7,False,0,Typical mix
7.833333333333333,7.083333333333333,0.25,0.0,0.0,2.2666666666666666,0.4166666666666667,44,2,False,8,False,2,Work-focused
7.25,0.0,0.9166666666666666,0.0,0.0,1.0,0.0,45,2,True,7,False,0,Typical mix
8.416666666666666,0.0,1.1666666666666667,0.5,1.5,5.583333333333333,0.0,49,1,False,6,False,0,Typical mix
7.166666666666667,12.916666666666666,1.0,0.0,0.0,0.0,0.0,50,1,False,10,False,2,Work-focused
8.25,0.0,1.0,2.25,1.75,0.0,0.0,42,2,False,9,False,3,Active
10.75,2.3833333333333333,0.3333333333333333,1.5,0.0,5.5,0.0,44,1,True,7,False,0,Typical mix
7.0,0.0,1.5,0.0,11.5,2.0833333333333335,0.0,32,1,True,9,False,1,Social
7.25,8.666666666666666,1.25,0.0,0.0,1.6666666666666667,0.0,53,2,False,6,False,2,Work-focused
10.0,0.0,1.0,0.0,0.0,4.333333333333333,0.0,32,2,False,8,False,0,Typical mix
8.833333333333334,5.75,0.75,0.0,0.0,2.0,0.0,49,2,True,5,False,2,Work-focused
9.5,0.0,4.5,0.0,0.0,4.05,0.0,68,2,False,10,False,0,Typical mix
11.75,0.0,2.0,0.0,1.0,0.75,0.0,35,2,True,7,False,0,Typical mix
12.0,0.0,0.0833333333333333,1.9166666666666667,0.0,9.333333333333334,0.0,16,1,True,8,False,0,Typical mix
7.25,0.0,2.7,0.0,2.1666666666666665,1.5833333333333333,0.0,16,2,False,7,False,1,Social
8.0,0.0,1.5833333333333333,0.0,1.0,6.583333333333333,0.0,48,1,False,7,False,0,Typical mix
7.5,13.233333333333333,0.0,0.0,1.5833333333333333,0.0,0.0,51,2,False,6,False,2,Work-focused
8.0,0.0,0.0833333333333333,0.0,8.75,5.083333333333333,0.0,70,2,True,5,False,1,Social
8.666666666666666,8.0,1.75,0.0,0.0,1.0,0.0,32,1,False,6,False,2,Work-focused
7.833333333333333,8.85,1.3333333333333333,0.0,1.6666666666666667,0.0,0.0,43,1,False,9,False,2,Work-focused
7.0,3.6666666666666665,1.5833333333333333,0.0,0.0,3.5,0.0,51,1,False,6,False,0,Typical mix
9.25,0.0,1.5,0.0,1.8333333333333333,0.25,0.0,71,1,True,8,False,0,Typical mix
8.0,0.0,0.5,0.0,0.8333333333333334,6.416666666666667,0.0,31,1,True,6,False,0,Typical mix
8.0,0.0,1.75,2.0,0.0,2.8333333333333335,0.0,53,2,True,6,False,0,Typical mix
9.0,0.0,0.5,0.0,0.0,5.433333333333334,0.0,75,2,True,8,False,0,Typical mix
9.5,0.0,0.5,0.0,1.0,1.0,0.0,29,2,True,6,False,0,Typical mix
9.5,1.0,1.25,0.0,1.6666666666666667,4.333333333333333,0.6666666666666666,25,2,False,5,False,0,Typical mix
9.416666666666666,5.666666666666667,1.25,0.0,0.0,4.0,0.0,63,2,True,4,False,0,Typical mix
12.5,0.0,0.5,0.0,3.5,3.45,0.0,54,2,False,10,False,1,Social
8.166666666666666,0.0,1.0833333333333333,0.0,0.5,3.0,0.0,45,2,True,7,False,0,Typical mix
7.333333333333333,0.0,0.75,0.0,0.0,5.2,0.0,45,1,True,6,False,0,Typical mix
5.333333333333333,9.716666666666669,0.25,0.0,0.0,0.0,0.0,48,1,True,7,False,2,Work-focused
12.0,0.0,0.5,0.0,0.0,1.8833333333333333,0.0,48,2,True,9,False,0,Typical mix
9.0,0.0,1.0,0.6666666666666666,0.0,5.166666666666667,0.0,34,2,True,8,False,0,Typical mix
11.0,0.0,0.1666666666666666,0.0,0.0,9.416666666666666,0.0,28,2,True,5,False,0,Typical mix
5.0,9.5,0.1666666666666666,0.0,0.0,2.5,0.0,60,1,True,0,False,2,Work-focused
4.0,12.4,0.6333333333333333,0.0,0.0,2.783333333333333,0.0,27,2,True,10,False,2,Work-focused
8.25,9.416666666666666,0.5833333333333334,0.0,0.0,1.0,0.0,58,2,False,7,False,2,Work-focused
9.5,8.25,0.4166666666666667,0.0,0.0,1.5,0.0,31,1,True,6,False,2,Work-focused
8.5,0.0,0.3333333333333333,0.0,0.0,2.0,0.0,19,1,False,10,False,0,Typical mix
9.0,0.0,2.0,0.0,0.0,12.916666666666666,0.0,70,2,True,5,False,0,Typical mix
8.5,0.0,1.5833333333333333,0.0,0.0,4.583333333333333,0.0,80,2,False,10,False,0,Typical mix
9.283333333333331,0.0,1.5,1.0,0.0,1.5833333333333333,0.0,26,2,True,6,False,0,Typical mix
6.0,9.75,1.5,0.0,0.3333333333333333,5.883333333333334,0.0,23,1,False,6,False,2,Work-focused
8.5,0.0,0.3333333333333333,0.0,0.0,6.0,0.0,37,1,True,6,False,0,Typical mix
12.8,8.766666666666667,0.5,0.0,0.0,0.0,0.0,29,1,False,7,False,2,Work-focused
7.0,0.0,1.25,0.0,1.75,3.0,0.0,64,2,True,4,False,0,Typical mix
8.333333333333334,6.116666666666666,1.1666666666666667,0.0,0.0,2.25,0.0,39,1,True,8,False,2,Work-focused
8.25,0.0,0.25,0.0,0.0,1.5,0.0,45,2,False,10,False,0,Typical mix
8.0,0.0,0.6666666666666666,0.0,0.0,1.5,0.0,69,2,False,5,False,0,Typical mix
11.5,0.0,0.8333333333333334,0.0,7.166666666666667,1.0,0.0,85,2,True,10,False,1,Social
9.0,0.0,0.5,3.0,0.0,9.5,0.0,56,1,True,8,False,3,Active
10.933333333333334,0.0,1.0,0.0,0.0,1.5,0.0,20,2,False,8,False,0,Typical mix
7.833333333333333,6.25,0.75,0.0,0.0,3.3333333333333335,0.0,19,2,True,6,False,2,Work-focused
7.55,7.583333333333333,1.4166666666666667,0.0,0.0,2.8333333333333335,0.5,30,2,False,5,False,2,Work-focused
9.0,0.0,1.3333333333333333,0.0,0.0,4.666666666666667,0.0,80,2,False,10,False,0,Typical mix
12.716666666666669,0.0,0.75,0.0,0.0,3.4166666666666665,0.0,49,1,True,6,False,0,Typical mix
8.583333333333334,10.5,1.0,0.0,0.0,2.0,0.0,58,2,True,7,False,2,Work-focused
8.5,0.0,0.0,0.0,0.0,0.0,0.0,54,2,False,10,False,0,Typical mix
6.95,9.883333333333333,1.1333333333333333,3.0,0.0,0.0,0.0,60,2,False,5,False,3,Active
9.3,7.916666666666667,1.5,0.0,0.0,1.4166666666666667,0.0,33,1,False,10,False,2,Work-focused
9.0,7.616666666666666,1.0,2.0,0.0,1.7333333333333334,0.0,45,2,False,10,False,2,Work-focused
6.0,0.0,2.25,0.0,0.0,13.966666666666669,0.0,40,1,False,5,False,0,Typical mix
12.466666666666669,0.0,0.5,0.0,0.0,3.5,0.0,17,2,False,8,False,0,Typical mix
9.75,0.0,3.3333333333333335,0.0,0.0,1.5,0.0,77,1,False,10,False,0,Typical mix
15.5,0.0,0.5,0.0,0.0,4.0,0.0,51,1,False,3,False,0,Typical mix
6.966666666666667,9.0,1.0,0.0,0.0,1.0333333333333334,0.0,34,1,False,8,False,2,Work-focused
6.75,3.8333333333333335,1.75,0.0,0.0,1.0,0.0,47,2,False,7,False,2,Work-focused
9.5,0.0,1.3333333333333333,0.0,0.0,1.5,0.0,17,2,False,5,False,0,Typical mix
9.416666666666666,9.166666666666666,1.1666666666666667,0.0,0.0,2.1666666666666665,0.0,48,2,False,7,False,2,Work-focused
6.0,9.166666666666666,0.0,0.0,0.0,0.75,0.0,59,2,False,8,False,2,Work-focused
8.183333333333334,10.516666666666667,1.0,0.0,0.0,1.8333333333333333,0.0,24,1,False,4,False,2,Work-focused
7.0,0.0,0.5,0.0,0.4166666666666667,7.3,0.0,52,2,False,7,False,0,Typical mix
8.5,0.0,1.5,0.0,0.0,2.0,0.0,56,2,False,5,False,0,Typical mix
13.25,0.0,1.5,1.5,1.5,4.0,0.0,80,2,False,10,False,0,Typical mix
8.166666666666666,0.0,0.5,0.0,0.0,1.0,0.0,31,2,True,5,False,0,Typical mix
7.983333333333333,0.0,1.0,3.0,0.0,2.0,0.0,41,1,True,8,False,3,Active
7.916666666666667,8.0,4.916666666666667,0.0,0.0,1.0,0.0,24,1,False,7,False,2,Work-focused
12.416666666666666,9.666666666666666,0.25,0.0,0.0,0.0,0.0,24,1,True,8,False,2,Work-focused
11.5,0.0,0.3333333333333333,0.0,2.0,1.5,0.0,80,2,True,10,False,0,Typical mix
8.316666666666666,0.25,1.0,0.0,1.5,0.0,0.1666666666666666,34,2,True,7,False,0,Typical mix
8.0,10.333333333333334,0.8333333333333334,0.0,0.25,1.85,0.0,44,2,False,10,False,2,Work-focused
6.916666666666667,4.5,0.3333333333333333,0.0,0.0,0.5833333333333334,0.8333333333333334,17,2,False,8,False,2,Work-focused
15.083333333333334,5.5,0.1666666666666666,0.0,0.0,0.0,0.0,47,1,False,6,False,0,Typical mix
8.333333333333334,5.8,1.75,0.5,0.5333333333333333,2.25,0.0,63,2,False,9,False,2,Work-focused
9.5,0.0,0.5,0.0,2.4166666666666665,6.0,0.0,31,2,True,9,False,0,Typical mix
9.416666666666666,0.0,3.0833333333333335,0.0,0.0,0.0,0.0,79,1,False,5,False,0,Typical mix
8.5,0.25,2.75,0.0,0.0,1.0,0.0,33,1,False,9,False,0,Typical mix
6.583333333333333,0.0,1.0,1.25,0.0,7.5,0.0,16,1,True,9,False,0,Typical mix
7.0,8.366666666666667,1.0,0.0,0.0,4.433333333333334,0.0,63,1,False,8,False,2,Work-focused
8.333333333333334,0.0,1.3333333333333333,0.0,1.5,1.1666666666666667,0.0,41,2,True,7,False,0,Typical mix
5.916666666666667,9.5,0.5,0.0,0.0,0.0,0.0,31,2,False,8,False,2,Work-focused
8.0,5.916666666666667,2.25,0.0,0.0,3.0833333333333335,0.0,29,2,True,8,False,2,Work-focused
8.5,0.0,0.5,0.0,0.0,4.5,0.0,69,1,False,10,False,0,Typical mix
7.0,4.833333333333333,0.9166666666666666,0.0,0.5,3.3333333333333335,0.0,30,2,True,8,False,2,Work-focused
8.416666666666666,2.5,1.0,0.0,0.0,3.1666666666666665,0.75,42,2,False,7,False,0,Typical mix
7.0,0.0,1.25,0.0,0.0,9.0,0.0,85,1,False,5,False,0,Typical mix
14.75,0.0,1.0,0.0,0.0,0.0,0.0,51,1,True,5,False,0,Typical mix
9.5,3.8333333333333335,0.25,0.0,0.0,4.75,0.0,57,2,True,4,False,0,Typical mix
13.5,0.0,1.0,0.0,3.25,3.5,0.0,32,2,True,7,False,1,Social
7.25,0.0,1.0,0.0,0.0,0.8333333333333334,0.0,26,1,False,3,False,0,Typical mix
9.55,0.0,2.25,4.3,0.0,7.066666666666666,0.0,73,1,True,5,False,3,Active
12.0,0.0,1.5,0.0,0.0,7.5,0.0,78,1,False,8,False,0,Typical mix
9.5,0.0,1.0,0.0,0.0,2.0,0.0,47,2,True,3,False,0,Typical mix
9.333333333333334,0.0,0.1666666666666666,0.0,0.0,1.5,1.5,38,2,False,5,False,0,Typical mix
7.5,0.0,1.5,0.0,0.5,1.0,3.0833333333333335,58,2,False,8,False,4,Computer-leisure
9.633333333333333,0.0,1.6666666666666667,0.0,0.0,1.0,0.0,79,2,False,8,False,0,Typical mix
10.0,0.0,0.0,0.0,0.0,3.783333333333333,0.0,59,2,False,5,False,0,Typical mix
9.5,0.6666666666666666,0.1666666666666666,0.0,1.5,0.0,2.0,49,2,False,7,False,0,Typical mix
7.833333333333333,0.0,1.5,0.0,0.0,0.0,0.0,51,2,False,8,False,0,Typical mix
8.5,0.0,1.4166666666666667,0.3333333333333333,0.0,4.0,0.0,79,1,True,8,False,0,Typical mix
8.666666666666666,9.133333333333333,0.75,0.5,0.0,2.75,0.0,74,2,False,9,False,2,Work-focused
8.5,8.25,0.8333333333333334,0.25,0.0,1.3333333333333333,0.0,45,1,False,8,False,2,Work-focused
8.0,8.75,0.4166666666666667,0.0,0.0,3.0,0.0,33,1,False,8,False,2,Work-focused
8.5,0.0,1.0833333333333333,1.0,0.0,8.25,0.0,60,2,False,9,False,0,Typical mix
11.5,0.0,1.5,0.0,0.0,2.0,0.0,38,1,True,8,False,0,Typical mix
7.383333333333334,0.0,1.0,0.0,0.0,1.25,0.0,53,2,True,8,False,0,Typical mix
6.7,0.0,0.5333333333333333,0.0,0.0,0.0,0.0,24,2,True,8,False,0,Typical mix
9.5,0.0,1.6666666666666667,0.0,0.0,8.666666666666666,0.0,17,2,True,5,False,0,Typical mix
11.083333333333334,0.0,2.0,0.0,4.0,2.0,0.0,21,1,True,8,False,1,Social
10.416666666666666,0.0,0.5,0.0,0.0,0.0,0.0,79,2,False,7,False,0,Typical mix
8.816666666666666,7.0,0.3333333333333333,0.0,0.0,1.6666666666666667,2.1666666666666665,33,1,False,6,False,2,Work-focused
7.5,9.5,0.6666666666666666,0.0,0.0,1.1666666666666667,0.0,35,1,False,5,False,2,Work-focused
8.75,0.0,1.8333333333333333,0.0,1.0,0.0,0.5,31,2,True,9,False,0,Typical mix
12.0,0.0,0.0833333333333333,0.0,0.0,0.0,9.816666666666666,24,1,False,7,False,4,Computer-leisure
10.5,0.0,0.75,0.0,0.0,2.75,0.0,72,1,True,8,False,0,Typical mix
10.25,0.0,1.0,0.0,0.0,4.333333333333333,0.0,45,2,True,5,False,0,Typical mix
8.75,7.75,0.5,0.0,0.75,1.6666666666666667,0.0,49,2,False,8,False,2,Work-focused
7.0,8.5,0.5,0.0,0.5,0.9166666666666666,0.0,31,1,True,10,False,2,Work-focused
9.25,0.0,2.25,1.0,0.0,6.25,0.0,66,2,True,9,False,0,Typical mix
10.0,5.916666666666667,0.5833333333333334,0.0,0.0,0.0,0.5833333333333334,30,2,True,7,False,2,Work-focused
8.5,0.0,0.8333333333333334,0.0,0.0,0.0,0.0,37,2,False,5,False,0,Typical mix
10.75,0.0,0.8166666666666667,2.0,0.0,0.0,0.0,15,1,False,8,False,0,Typical mix
9.5,0.0,1.0,0.0,0.0,6.5,0.0,27,2,True,5,False,0,Typical mix
8.0,0.0,0.9166666666666666,3.0,0.0,1.0,0.0,36,2,True,8,False,3,Active
7.0,14.25,0.0,0.0,0.0,0.75,0.0,46,1,True,6,False,2,Work-focused
6.633333333333334,1.2166666666666666,1.6666666666666667,0.0,0.1,2.85,0.0,49,2,False,8,False,0,Typical mix
12.866666666666667,6.0,0.0833333333333333,0.0,0.0,0.0,0.0,18,2,True,10,False,2,Work-focused
5.5,8.133333333333333,0.3333333333333333,3.75,0.0,3.0,0.0,37,1,False,7,False,3,Active
8.25,7.166666666666667,1.0833333333333333,0.0,1.0,0.0,0.0,38,2,False,10,False,2,Work-focused
6.166666666666667,0.0,2.25,0.0,3.4166666666666665,3.0833333333333335,0.0,61,2,True,5,False,1,Social
9.2,6.0,0.3333333333333333,0.0,0.0,0.0,0.0,23,2,True,5,False,2,Work-focused
10.133333333333333,0.0,0.75,1.55,2.4833333333333334,0.75,0.0,21,1,False,10,False,1,Social
8.25,8.333333333333334,0.8333333333333334,0.0,0.0,0.0,0.0,40,2,False,10,False,2,Work-focused
7.333333333333333,0.0,3.75,0.0,1.6666666666666667,1.5,0.0,58,2,True,7,False,0,Typical mix
5.5,0.0,0.25,0.0,0.0,1.5,0.0,30,1,False,5,False,0,Typical mix
8.016666666666667,7.766666666666667,1.5833333333333333,0.0,0.0,0.0,0.5,22,2,False,6,False,2,Work-focused
7.25,0.0,2.0,0.0,1.05,2.55,0.5833333333333334,68,2,True,10,False,0,Typical mix
8.5,0.0,3.3333333333333335,0.0,1.5,0.0,0.0,43,2,True,6,False,0,Typical mix
6.0,9.75,1.0,0.0,2.0,0.0,0.0,76,2,True,5,False,2,Work-focused
7.833333333333333,11.166666666666666,1.0,0.0,0.3333333333333333,3.0,0.0,50,1,True,3,False,2,Work-focused
8.0,0.0,0.3333333333333333,0.5,0.0,0.0,0.0,56,1,False,6,False,0,Typical mix
11.5,0.0,1.4166666666666667,0.0,0.0,0.0,0.0,27,1,True,4,False,0,Typical mix
8.0,0.0,1.9166666666666667,0.0,0.0,2.0,0.0,42,1,True,7,False,0,Typical mix
9.25,0.0,1.5,0.25,0.0,5.25,1.0,68,2,True,6,False,0,Typical mix
13.5,0.0,1.5833333333333333,0.0,0.0,3.0,1.0,73,2,True,2,False,0,Typical mix
7.5,10.0,1.1666666666666667,0.0,0.0,0.0,0.0,50,1,False,7,False,2,Work-focused
7.416666666666667,0.0,1.75,0.0,0.0,4.0,0.5,28,2,True,5,False,0,Typical mix
3.05,0.0,0.6666666666666666,0.0,7.483333333333333,0.0,0.75,25,2,True,6,False,1,Social
10.5,2.0,0.25,0.0,0.0,3.9166666666666665,0.0,55,2,True,8,False,0,Typical mix
10.666666666666666,7.833333333333333,0.25,0.0,0.0,3.3333333333333335,0.0,24,2,False,4,False,2,Work-focused
7.166666666666667,8.333333333333334,1.4166666666666667,1.5,0.0,1.5,0.0,27,1,False,8,False,2,Work-focused
8.5,8.416666666666666,1.25,0.0,0.0,4.0,0.0,33,1,False,6,False,2,Work-focused
7.416666666666667,13.533333333333331,0.25,0.2166666666666666,0.0,0.0,0.0,57,1,False,8,False,2,Work-focused
10.266666666666667,0.0,1.0,0.0,0.8333333333333334,1.75,0.6666666666666666,54,2,True,7,False,0,Typical mix
9.0,6.216666666666667,1.25,0.0,0.0,1.9666666666666663,0.5,48,2,False,5,False,2,Work-focused
7.5,2.5,1.5,0.0,2.0,3.0,0.0,68,2,False,9,False,0,Typical mix
8.0,6.75,1.5,1.0,0.0,1.5,0.0,63,2,True,9,False,2,Work-focused
9.0,0.0,0.1666666666666666,0.0,1.8333333333333333,1.5833333333333333,0.0,54,2,True,5,False,0,Typical mix
12.0,0.0,2.1666666666666665,0.0,0.25,2.1666666666666665,2.3333333333333335,54,1,True,6,False,4,Computer-leisure
8.0,0.0,1.0,0.0,0.0,3.3333333333333335,0.0,57,1,False,9,False,0,Typical mix
8.25,5.083333333333333,1.9833333333333336,0.0,2.0833333333333335,0.5,0.0,58,1,False,8,False,2,Work-focused
6.5,0.0,3.6666666666666665,0.0,3.1666666666666665,0.6666666666666666,0.0,56,2,True,6,False,1,Social
9.25,0.0,2.0,0.0,6.8,0.0,0.0,30,1,False,6,False,1,Social
9.5,0.0,0.0,0.0,0.0,0.1666666666666666,0.0,34,1,True,6,False,0,Typical mix
7.333333333333333,9.466666666666669,1.4166666666666667,0.0,0.0,1.1166666666666667,0.0,37,2,False,7,False,2,Work-focused
9.0,0.0,1.25,2.0,0.75,0.0,0.0,20,1,True,9,False,0,Typical mix
6.416666666666667,9.25,0.5,0.0,0.0,2.75,0.0,56,2,False,7,False,2,Work-focused
9.25,0.0,1.9166666666666667,2.5,1.7,0.0,0.0,26,1,False,7,False,3,Active
8.3,0.0,1.25,0.0,0.0,2.0,0.0,23,2,False,7,False,0,Typical mix
8.5,0.0,1.25,0.0,3.0,4.216666666666667,0.0,32,1,False,8,False,1,Social
8.25,8.5,0.25,0.0,0.0,0.5,0.0,33,1,False,7,False,2,Work-focused
9.0,0.0,2.0,1.5,0.0,3.0,0.0,44,2,True,9,False,0,Typical mix
7.95,0.0,3.1666666666666665,0.0,1.5,3.25,0.0,30,2,True,8,False,0,Typical mix
13.0,0.0,0.25,0.0,0.25,1.5,0.0,52,2,True,6,False,0,Typical mix
10.0,0.0,0.6666666666666666,0.0,0.0,6.0,0.0,27,2,True,6,False,0,Typical mix
7.333333333333333,8.083333333333334,1.0,0.0,0.0,0.0,0.0,31,2,True,5,False,2,Work-focused
10.25,0.0,1.5,0.0,0.0,2.5833333333333335,0.0,42,2,True,5,False,0,Typical mix
9.0,0.0,0.5,0.0,1.5,5.233333333333333,0.0,69,2,False,10,False,0,Typical mix
7.583333333333333,8.5,1.75,0.6666666666666666,1.5,0.0,0.0,33,1,True,5,False,2,Work-focused
8.833333333333334,2.0,1.0,0.0,0.0,1.5,0.0,43,1,True,8,False,0,Typical mix
10.5,0.0,1.0,0.0,0.0,6.833333333333333,0.0,66,2,True,8,False,0,Typical mix
10.5,5.916666666666667,0.75,0.0,0.0,1.4166666666666667,0.0,38,1,False,7,False,2,Work-focused
9.333333333333334,9.166666666666666,0.5166666666666667,0.8333333333333334,0.0,2.4,0.0,40,1,False,8,False,2,Work-focused
13.216666666666669,0.0,0.6666666666666666,0.0,1.5,2.0,1.0,34,2,False,10,False,0,Typical mix
7.516666666666667,0.0,0.0666666666666666,0.0,4.0,1.3333333333333333,0.0,63,2,True,6,False,1,Social
7.5,10.25,1.0,0.0,0.0,2.6333333333333333,1.0,24,1,False,10,False,2,Work-focused
9.5,0.0,0.8333333333333334,2.0,1.0,6.0,0.0,64,1,True,9,False,0,Typical mix
6.166666666666667,9.666666666666666,1.1666666666666667,0.1666666666666666,0.1666666666666666,3.5833333333333335,0.0,55,2,False,8,False,2,Work-focused
8.75,10.166666666666666,0.0,0.0,0.5833333333333334,0.5,0.0,36,1,False,5,False,2,Work-focused
10.45,0.0,0.6666666666666666,0.0,0.0,0.5833333333333334,0.0,17,1,False,9,False,0,Typical mix
5.25,0.0,2.5,0.0,2.0,4.0,0.0,79,2,True,5,False,0,Typical mix
12.166666666666666,0.0,2.8333333333333335,0.75,0.0,1.0,0.0,31,1,True,7,False,0,Typical mix
10.583333333333334,7.65,1.0,0.0,0.0,0.0,0.0,54,1,False,9,False,2,Work-focused
14.5,0.0,1.25,0.5,1.0,5.5,0.0,60,2,False,8,False,0,Typical mix
10.5,0.0,0.5,0.0,5.5,1.0,0.0,18,2,False,7,False,1,Social
10.166666666666666,0.0,1.9166666666666667,3.5,3.25,1.0,0.0,35,1,True,8,False,3,Active
12.0,0.0,0.9166666666666666,0.0,0.0,6.416666666666667,0.0,64,2,False,0,False,0,Typical mix
8.5,0.0,1.5,1.0,3.0,2.0,0.0,38,1,True,10,False,1,Social
7.0,0.0,1.5,0.0,1.6666666666666667,1.0,0.0,53,2,True,7,False,0,Typical mix
8.5,5.633333333333334,0.3333333333333333,0.0,0.0,3.3333333333333335,0.0,33,1,False,5,False,2,Work-focused
7.75,0.0,2.5,0.0,0.0,9.0,0.0,61,1,True,6,False,0,Typical mix
7.416666666666667,0.0,1.0833333333333333,0.0,0.0,0.0,1.25,15,2,False,4,False,0,Typical mix
6.5,0.0,0.5,0.0,0.0,5.05,2.0,51,2,True,5,False,0,Typical mix
7.5,10.5,1.0833333333333333,0.0,0.0,1.5,0.0,34,1,False,8,False,2,Work-focused
7.166666666666667,9.416666666666666,0.3333333333333333,0.0,0.0,2.0,0.0,66,1,False,8,False,2,Work-focused
8.75,0.0,1.25,0.4166666666666667,3.25,1.5833333333333333,0.0,80,2,True,9,False,1,Social
7.5,7.0,1.75,0.0,2.75,1.5,0.0,32,1,False,7,False,2,Work-focused
10.5,0.0,0.8333333333333334,0.0,0.0,3.6666666666666665,2.816666666666667,57,1,True,6,False,4,Computer-leisure
11.0,0.0,1.1666666666666667,0.0,3.3333333333333335,1.1666666666666667,0.0,34,2,True,10,False,1,Social
11.7,0.0,0.1666666666666666,2.5,0.0,0.0,0.0,34,1,True,5,False,3,Active
11.0,0.0,2.0,0.0,0.0,3.1666666666666665,0.0,32,2,True,7,False,0,Typical mix
7.5,0.0,0.4166666666666667,0.0,1.0,6.466666666666667,0.0,80,2,False,5,False,0,Typical mix
11.0,0.0,0.0,8.5,0.0,2.5,0.0,26,1,True,8,False,3,Active
8.5,0.0,0.5,0.0,0.0,8.666666666666666,0.0,77,1,True,10,False,0,Typical mix
11.316666666666666,0.0,1.1666666666666667,0.0,0.0,2.8333333333333335,0.0,51,2,True,7,False,0,Typical mix
9.0,0.0,1.0,0.0,1.0,4.666666666666667,0.0,70,1,False,10,False,0,Typical mix
9.5,0.0,0.5,0.0,0.5,2.0,0.0,16,1,False,7,False,0,Typical mix
10.0,9.783333333333331,0.8166666666666667,0.0,0.0,2.216666666666667,0.0,43,1,False,8,False,2,Work-focused
9.5,0.0,0.0,0.0,0.0,4.083333333333333,0.4166666666666667,36,2,False,6,False,0,Typical mix
10.0,0.0,0.3333333333333333,0.0,3.25,4.0,0.0,15,2,False,5,False,1,Social
5.0,0.0,2.5833333333333335,0.0,0.0,5.266666666666667,0.0,46,1,False,7,False,0,Typical mix
8.0,7.166666666666667,1.5,0.0,0.0,3.0,0.0,42,1,True,8,False,2,Work-focused
15.5,0.0,0.3333333333333333,0.0,4.0,2.0,0.0,61,1,True,8,False,1,Social
7.25,0.0,1.0833333333333333,0.0,0.0,6.583333333333333,0.0,80,1,False,8,False,0,Typical mix
6.5,0.0,3.0,0.0,0.0,0.0,0.0,72,1,False,10,False,0,Typical mix
11.3,0.0,1.0,1.5,0.0,0.0,2.0,32,2,True,8,False,0,Typical mix
7.0,9.083333333333334,0.7,0.0,0.0,0.3333333333333333,0.0,38,2,False,6,False,2,Work-focused
9.5,0.0,2.5,0.0,0.0,5.5,0.0,25,2,False,10,False,0,Typical mix
10.5,0.0,0.5,0.0,0.75,0.0,0.0,17,2,False,6,False,0,Typical mix
6.5,0.0,1.8333333333333333,0.0,2.3333333333333335,3.6666666666666665,0.0,42,2,True,8,False,1,Social
9.433333333333334,10.0,1.1666666666666667,0.0,0.0,0.0,0.0,37,2,False,9,False,2,Work-focused
5.333333333333333,8.916666666666666,2.5833333333333335,0.0,2.6666666666666665,1.5333333333333334,0.0,40,1,False,6,False,2,Work-focused
6.333333333333333,0.0,1.6666666666666667,0.0,3.0833333333333335,1.9166666666666667,2.0,58,1,True,7,False,1,Social
7.916666666666667,12.583333333333334,1.5,0.0,0.0,0.0,0.0,40,1,False,8,False,2,Work-focused
8.833333333333334,0.0,1.75,0.5,0.0,2.5,0.0,64,1,False,7,False,0,Typical mix
7.966666666666667,0.0,1.5833333333333333,0.0,0.0,3.1666666666666665,0.0,43,1,False,0,False,0,Typical mix
7.483333333333333,4.166666666666667,1.0,0.0,0.0,3.5,0.0,43,1,False,7,False,2,Work-focused
9.0,0.0,1.25,0.0,0.0,6.916666666666667,2.75,41,1,True,5,False,4,Computer-leisure
7.5,0.0,0.9166666666666666,0.0,0.0,14.416666666666666,0.0,73,1,False,5,False,0,Typical mix
8.5,0.0,1.3333333333333333,2.4166666666666665,0.25,0.5,0.0,17,1,False,8,False,3,Active
8.25,0.0,0.5,0.0,5.05,4.25,0.0,42,1,True,5,False,1,Social
9.5,0.0,1.5,0.0,0.0,3.25,0.0,71,1,False,6,False,0,Typical mix
7.866666666666666,3.7666666666666666,0.2833333333333333,0.0,0.0,0.6666666666666666,0.0,39,2,True,4,False,2,Work-focused
6.833333333333333,8.75,0.4166666666666667,0.0,0.0,4.216666666666667,0.0,39,2,False,5,False,2,Work-focused
10.0,4.0,0.6666666666666666,0.0,0.0,1.9166666666666667,0.0,46,2,False,10,False,0,Typical mix
8.166666666666666,7.0,1.0,0.0,0.0,1.75,0.0,37,1,True,7,False,2,Work-focused
9.0,0.0,0.5,0.0,0.0,4.866666666666666,0.0,60,2,True,7,False,0,Typical mix
11.666666666666666,0.0,0.8333333333333334,0.0,0.0,4.466666666666667,0.0,30,2,False,3,False,0,Typical mix
8.666666666666666,0.0,0.5,0.0,1.75,6.716666666666667,0.0,64,2,True,4,False,0,Typical mix
9.0,0.0,0.5833333333333334,0.0,0.0,3.75,0.0,56,2,True,10,False,0,Typical mix
8.5,0.0,1.0,1.5,0.0,3.0,0.0,49,2,True,8,False,0,Typical mix
12.75,0.0,0.3333333333333333,0.0,0.0,8.916666666666666,0.0,50,1,True,5,False,0,Typical mix
8.0,10.083333333333334,0.3333333333333333,0.0,0.0,2.25,0.0,52,1,False,6,False,2,Work-focused
7.25,0.0,0.75,0.0,1.8333333333333333,2.0,0.0,54,1,True,8,False,0,Typical mix
8.0,11.0,0.3333333333333333,0.0,0.0833333333333333,0.0,0.0,55,2,False,4,False,2,Work-focused
8.166666666666666,8.0,1.0,0.0,0.0,0.0,0.0,38,1,False,5,False,2,Work-focused
7.0,1.5,1.5833333333333333,0.0,0.5,1.5,1.5,32,1,True,7,False,0,Typical mix
6.5,10.0,2.0,0.0,0.0,0.0,0.0,50,1,True,3,False,2,Work-focused
8.333333333333334,0.0,0.5833333333333334,1.75,0.0,2.5833333333333335,0.5,18,1,False,7,False,0,Typical mix
10.75,0.0,1.1,0.0,0.0,6.0,0.0,71,2,True,10,False,0,Typical mix
6.5,2.25,1.75,0.0,0.6666666666666666,1.6666666666666667,1.0,41,2,False,7,False,0,Typical mix
10.5,0.0,0.75,0.5,1.5,5.0,0.0,19,1,False,4,False,0,Typical mix
11.0,1.0,0.5,0.0,0.0,11.0,0.0,50,1,True,2,False,0,Typical mix
10.0,0.0,1.3333333333333333,0.0,0.5,1.0833333333333333,0.0,29,2,False,8,False,0,Typical mix
11.916666666666666,3.1666666666666665,1.4166666666666667,0.0,0.0,6.333333333333333,0.0,47,2,True,3,False,0,Typical mix
11.75,0.0,2.0,3.4166666666666665,0.0,2.0,0.0,47,1,True,8,False,3,Active
8.0,0.0,1.0,0.0,0.0,2.0,0.0,72,2,False,7,False,0,Typical mix
10.0,5.716666666666667,2.0,0.0,0.0,1.0,0.0,49,2,True,10,False,2,Work-focused
7.5,8.5,1.25,0.0,0.0,2.1666666666666665,0.0,59,1,False,8,False,2,Work-focused
0.0,10.533333333333331,0.5,0.0,0.0,3.5166666666666666,0.0,23,2,False,5,False,2,Work-focused
5.0,11.833333333333334,1.1666666666666667,0.0,0.3833333333333333,4.633333333333334,0.0,61,1,True,7,False,2,Work-focused
8.0,0.0,1.8333333333333333,0.0,0.0,1.3333333333333333,0.0,69,1,False,7,False,0,Typical mix
11.316666666666666,0.0,1.0,0.0,2.0,1.0,1.0,20,2,True,5,False,0,Typical mix
9.0,0.0,1.4166666666666667,0.0,1.0,3.1666666666666665,0.0,77,2,False,10,False,0,Typical mix
10.25,0.0,0.5,0.5,0.0,7.0,0.0,39,1,True,6,False,0,Typical mix
10.0,0.0,0.8333333333333334,0.0,0.0,6.75,0.0,67,2,True,10,False,0,Typical mix
8.25,0.0,1.8333333333333333,0.0,0.45,3.816666666666667,0.0,71,2,True,8,False,0,Typical mix
10.333333333333334,0.0,1.0,0.0,0.0,6.366666666666666,2.0,48,2,True,5,False,0,Typical mix
8.6,11.383333333333333,0.1666666666666666,0.0,0.0,0.0,0.0,37,1,False,7,False,2,Work-focused
9.633333333333333,0.0,1.5,0.6166666666666667,0.75,5.166666666666667,0.0,69,1,True,8,False,0,Typical mix
8.633333333333333,0.0,0.75,0.0,3.9166666666666665,0.0,0.0,33,2,True,6,False,1,Social
12.0,0.0,1.0,0.0,3.0,7.166666666666667,0.0,59,2,True,10,False,0,Typical mix
6.75,11.083333333333334,0.1666666666666666,0.0,0.0,1.25,0.0,43,2,True,5,False,2,Work-focused
5.733333333333333,12.483333333333333,0.25,0.0,0.0,2.3333333333333335,0.0,68,1,False,6,False,2,Work-focused
9.0,0.1666666666666666,1.0,1.0,0.0,3.8333333333333335,0.0,57,2,True,8,False,0,Typical mix
7.0,0.5,0.75,0.0,6.916666666666667,1.0,0.0,39,1,True,6,False,1,Social
11.25,0.0,1.3333333333333333,3.0,0.0,3.1666666666666665,0.0,17,1,True,5,False,3,Active
7.0,0.0,0.5,0.0,0.0,5.666666666666667,0.0,44,2,False,4,False,0,Typical mix
9.833333333333334,0.0,1.0,0.0,0.0,1.5,0.0,33,2,True,7,False,0,Typical mix
10.5,0.0,0.9166666666666666,0.0,10.75,0.5833333333333334,0.0,85,2,True,10,False,1,Social
10.833333333333334,0.0,2.0,0.0,5.166666666666667,0.0,0.0,46,2,True,10,False,1,Social
11.0,0.0,1.0,0.0,0.0,1.3333333333333333,0.0,36,2,False,8,False,0,Typical mix
10.25,0.0,2.6666666666666665,0.0,0.0,3.0,0.0,85,2,False,8,False,0,Typical mix
7.0,0.0,0.6666666666666666,0.0,0.5,8.583333333333334,0.0,75,1,True,3,False,0,Typical mix
7.5,0.0,1.3333333333333333,2.5,0.0,4.05,0.0,66,2,True,10,False,3,Active
8.916666666666666,10.333333333333334,1.0,0.0,0.0,0.0,0.0,44,1,True,8,False,2,Work-focused
8.0,0.0,0.5833333333333334,0.0,0.0,6.166666666666667,0.0,24,1,True,4,False,0,Typical mix
10.1,0.0,1.0833333333333333,0.0,0.0,7.15,0.0,75,1,True,10,False,0,Typical mix
4.333333333333333,0.0,0.25,0.0,2.0,0.0,0.5,58,2,True,7,False,1,Social
9.0,0.0,0.75,0.0,0.0,1.25,0.0,79,1,False,10,False,0,Typical mix
6.5,9.0,1.0,0.0,0.0,2.6666666666666665,0.0,36,1,False,7,False,2,Work-focused
7.416666666666667,8.583333333333334,0.5833333333333334,0.0,0.0,3.1666666666666665,1.0,60,2,False,5,False,2,Work-focused
8.55,0.0,2.25,0.5,0.5,0.9333333333333332,0.0,66,2,False,9,False,0,Typical mix
9.75,0.0,0.25,0.0,0.0,10.25,0.0,72,1,True,9,False,0,Typical mix
9.666666666666666,0.0,2.0,0.0,0.0,0.25,0.0,44,2,True,3,False,0,Typical mix
8.0,4.833333333333333,0.8333333333333334,1.8333333333333333,2.7333333333333334,0.0,3.0,41,1,False,7,False,4,Computer-leisure
6.0,14.0,0.75,0.0,1.25,0.0,0.0,50,1,True,5,False,2,Work-focused
9.583333333333334,0.0,1.0,0.0,2.3333333333333335,0.75,0.0,39,2,True,8,False,1,Social
9.0,0.0,0.0,0.0,6.366666666666666,0.0,0.0,34,2,False,10,False,1,Social
8.0,9.0,0.5,0.0,0.0,1.0,0.0,35,1,False,8,False,2,Work-focused
7.0,0.0,0.5,0.0,1.0,3.9166666666666665,0.3333333333333333,69,2,True,4,False,0,Typical mix
11.916666666666666,0.0,0.4166666666666667,1.5,2.75,5.35,0.0,40,1,True,8,False,0,Typical mix
7.0,7.75,1.5,0.0,0.0,4.666666666666667,0.75,35,1,False,5,False,2,Work-focused
13.75,0.0,0.25,2.0,0.0,5.0,0.0,18,1,False,9,False,0,Typical mix
8.333333333333334,0.0,2.0,1.5,0.0,2.3333333333333335,0.0,38,1,False,7,False,0,Typical mix
8.033333333333333,0.0,0.5,0.0,0.0,2.0,0.0,31,2,True,6,False,0,Typical mix
9.0,0.0,1.25,0.0,0.0,7.416666666666667,0.0,59,2,True,0,False,0,Typical mix
6.5,0.0,0.4,0.0,3.25,2.5166666666666666,0.0,49,1,True,7,False,1,Social
7.0,0.0,0.5333333333333333,0.0,0.0833333333333333,2.2,0.0,16,2,False,4,False,0,Typical mix
8.5,0.0,0.5,0.0,1.5,4.083333333333333,2.5,65,1,True,5,False,4,Computer-leisure
7.016666666666667,10.483333333333333,0.5,0.0,0.0,0.0,0.0,53,1,False,9,False,2,Work-focused
8.666666666666666,0.0,2.25,4.5,0.0,1.5,0.0,85,2,False,10,False,3,Active
9.316666666666666,0.0,2.0833333333333335,1.75,1.5833333333333333,0.25,0.0,39,2,True,6,False,0,Typical mix
9.5,0.0,2.0,0.0,0.0,1.2333333333333334,0.0,61,1,True,10,False,0,Typical mix
7.0,0.0,0.5,0.0,4.25,3.75,0.0,61,1,True,5,False,1,Social
7.833333333333333,7.0,2.5833333333333335,0.0,1.6666666666666667,0.25,0.4166666666666667,19,1,False,6,False,2,Work-focused
9.0,0.0,1.25,0.0,0.0,1.8333333333333333,0.0,59,2,True,10,False,0,Typical mix
8.25,8.166666666666666,1.6666666666666667,0.0,0.0,3.0,0.0,41,1,False,6,False,2,Work-focused
7.75,7.75,0.75,0.0,0.0,0.0,0.0,65,2,False,1,False,2,Work-focused
9.916666666666666,0.0,1.5,0.0,0.0,0.0,0.0,61,1,False,5,False,0,Typical mix
6.75,7.5,2.4166666666666665,0.0,0.25,2.0,0.0,56,2,False,9,False,2,Work-focused
9.5,8.0,2.0,0.0,0.0,2.5,0.0,66,1,True,10,False,2,Work-focused
9.083333333333334,0.0,0.6666666666666666,1.0,0.5833333333333334,0.0,0.0,44,2,True,5,False,0,Typical mix
8.083333333333334,0.0,3.0,0.0,0.5,0.5,1.5,65,2,False,8,False,0,Typical mix
9.166666666666666,0.0,0.5,0.0,0.5,1.0,1.9166666666666667,29,2,False,4,False,0,Typical mix
9.25,0.0,0.75,0.0,0.0,4.5,0.0,42,2,True,7,False,0,Typical mix
10.166666666666666,0.0,0.8333333333333334,0.0,0.0,0.0,0.0,69,1,True,4,False,0,Typical mix
8.416666666666666,0.0,0.75,0.0,0.0,1.5,0.0,35,2,False,3,False,0,Typical mix
9.666666666666666,0.0,1.75,0.0,0.3333333333333333,3.75,0.0,59,1,True,3,False,0,Typical mix
10.666666666666666,0.0,5.0,3.0,0.0,0.0,0.0,29,2,True,10,False,3,Active
5.0,0.0,0.3333333333333333,0.0,0.0,18.666666666666668,0.0,56,2,True,5,False,0,Typical mix
10.233333333333333,8.5,0.5,1.0,0.0,0.0,0.0,46,2,False,5,False,2,Work-focused
9.833333333333334,0.0,2.0,0.0,0.25,3.1666666666666665,0.0,51,1,True,9,False,0,Typical mix
6.0,8.65,0.5,0.0,0.0,4.166666666666667,0.0,51,2,False,6,False,2,Work-focused
4.5,7.916666666666667,1.0,0.0,0.25,4.333333333333333,0.0,51,1,False,7,False,2,Work-focused
5.0,0.0,0.25,0.0,0.0,1.9166666666666667,0.0,68,2,False,8,False,0,Typical mix
7.5,6.7,1.8333333333333333,0.0,0.0,2.0833333333333335,0.0,44,2,False,7,False,2,Work-focused
7.5,0.0,2.5833333333333335,0.0,1.5,2.0833333333333335,0.0,51,1,True,9,False,0,Typical mix
9.0,0.0,1.5,0.0,0.0,6.833333333333333,0.0,66,1,True,8,False,0,Typical mix
16.133333333333333,0.0,2.0,0.0,0.3333333333333333,2.5,0.0,24,2,False,6,False,0,Typical mix
9.25,0.0,2.0,0.0,0.5,6.0,0.0,46,1,True,8,False,0,Typical mix
7.916666666666667,7.5,0.75,0.0,0.0,0.0,0.25,35,1,False,6,False,2,Work-focused
12.833333333333334,4.583333333333333,0.0,0.0,0.0,0.0,0.0,26,2,True,6,False,0,Typical mix
6.0,7.666666666666667,1.5,0.0,1.25,0.0,0.0,36,2,False,6,False,2,Work-focused
6.833333333333333,8.0,0.75,1.5,0.0,1.75,0.0,67,1,False,10,False,2,Work-focused
7.75,7.666666666666667,1.0,0.0,0.0,0.0,0.0,45,2,False,9,False,2,Work-focused
15.083333333333334,0.0,1.0,3.0,0.6666666666666666,2.5,0.0,18,1,True,4,False,3,Active
12.9,0.0,1.4166666666666667,0.0,0.0,1.0,0.0,27,1,True,9,False,0,Typical mix
16.0,0.0,1.1666666666666667,0.0,0.0,4.466666666666667,0.0,38,1,False,5,False,0,Typical mix
9.25,0.0,2.75,0.0,0.0,8.0,0.0,80,2,False,2,False,0,Typical mix
11.5,0.0,0.8333333333333334,0.0,0.0,7.083333333333333,0.0833333333333333,19,1,True,9,False,0,Typical mix
5.0,0.0,0.5833333333333334,0.0,0.0,0.0,0.0,80,2,True,2,False,0,Typical mix
12.75,0.0,1.0,0.0,0.0,2.0,0.0,16,2,False,10,False,0,Typical mix
6.5,0.0,0.5,0.0,0.0,9.933333333333334,0.0,54,1,False,8,False,0,Typical mix
7.0,6.916666666666667,1.0833333333333333,1.25,1.25,1.0,0.0,51,2,False,7,False,2,Work-focused
8.0,7.283333333333333,1.4166666666666667,0.0,0.0,1.7166666666666666,0.0,45,1,False,10,False,2,Work-focused
11.0,0.0,2.1666666666666665,0.0,0.0,3.6666666666666665,0.0,41,1,True,4,False,0,Typical mix
7.166666666666667,0.0,0.5,0.0,3.0,0.0,0.0,21,1,True,10,False,1,Social
9.0,0.0,1.5,0.0,0.6666666666666666,3.1666666666666665,0.5,69,2,True,8,False,0,Typical mix
7.833333333333333,6.75,0.75,0.0,0.0,6.216666666666667,0.75,64,1,False,3,False,2,Work-focused
7.0,0.0,1.1666666666666667,0.0,0.0,3.3333333333333335,0.75,66,2,False,8,False,0,Typical mix
11.0,0.25,1.75,0.0,0.0,1.7166666666666666,0.0,49,2,True,7,False,0,Typical mix
9.0,0.0,0.5,0.0,1.5,1.0,0.0,59,2,False,3,False,0,Typical mix
10.5,0.0,1.6666666666666667,0.0,0.0,2.3,0.0,38,2,False,7,False,0,Typical mix
9.5,0.0,2.0,0.0,2.0,1.5,0.0,58,2,True,7,False,0,Typical mix
12.5,0.0,2.0,0.0,3.0,2.0,0.0,58,1,True,10,False,1,Social
8.483333333333333,0.0,0.5,0.5,0.0,5.833333333333333,0.0,63,1,True,0,False,0,Typical mix
7.5,7.0,1.0,0.0,0.0,3.0833333333333335,0.0,49,2,True,5,False,2,Work-focused
8.5,0.0,1.0,0.0,0.6666666666666666,5.25,0.0,15,2,False,7,False,0,Typical mix
6.333333333333333,11.5,0.75,0.0,0.0,0.0,0.0,62,2,False,6,False,2,Work-focused
7.2,0.0,0.8333333333333334,0.0,0.0,3.9166666666666665,0.6666666666666666,33,2,True,9,False,0,Typical mix
8.166666666666666,0.0,0.6666666666666666,0.0,0.0,1.0,0.75,36,1,True,4,False,0,Typical mix
10.0,0.0,0.25,0.0,0.0,4.75,0.0,55,2,False,7,False,0,Typical mix
6.5,0.0,0.3333333333333333,0.0,0.0,0.0,0.0,79,2,True,8,False,0,Typical mix
7.916666666666667,0.0,0.6666666666666666,2.0,2.0,2.3333333333333335,0.6666666666666666,66,1,False,6,False,0,Typical mix
6.0,10.666666666666666,1.0,0.0,0.0,2.7333333333333334,0.0,43,1,False,6,False,2,Work-focused
15.216666666666669,0.0,0.75,0.5,0.0,1.0,0.0,27,2,True,10,False,0,Typical mix
11.0,0.0,0.1666666666666666,0.0,4.0,1.5,0.0,77,2,True,7,False,1,Social
10.166666666666666,7.75,0.8333333333333334,0.0,0.0,3.0,0.0,66,2,False,10,False,2,Work-focused
12.333333333333334,0.0,2.25,0.0,1.0,4.0,0.0,48,1,True,5,False,0,Typical mix
6.75,3.9166666666666665,1.5,0.0,0.0,0.5,0.0,46,2,True,6,False,2,Work-focused
7.0,0.0,2.0,0.0,0.0,8.0,0.0,42,2,False,9,False,0,Typical mix
10.0,0.0,2.6666666666666665,1.0,0.0,5.0,0.0,77,1,True,7,False,0,Typical mix
9.0,0.0,1.5,0.0,1.0,6.25,1.0,67,2,False,8,False,0,Typical mix
7.0,0.0,0.25,0.0,0.0833333333333333,13.933333333333334,0.25,56,1,False,7,False,0,Typical mix
8.5,0.0,1.0,0.0,0.0,14.0,0.0,80,1,True,10,False,0,Typical mix
13.833333333333334,0.0,0.3333333333333333,0.0,0.0,0.0,0.0,76,1,True,6,False,0,Typical mix
13.0,1.3333333333333333,1.5,0.0,0.0,1.0,0.5,34,1,True,7,False,0,Typical mix
14.9,0.0,1.0833333333333333,0.0,0.25,0.3333333333333333,0.0,42,1,True,5,False,0,Typical mix
9.666666666666666,2.0,0.3333333333333333,0.0,1.3333333333333333,2.3333333333333335,0.0,42,1,False,8,False,0,Typical mix
6.75,0.0,1.0,0.0,0.0,5.666666666666667,0.0,42,1,True,10,False,0,Typical mix
10.416666666666666,0.0,0.3333333333333333,0.0,0.0,0.0,0.0,15,2,False,8,False,0,Typical mix
11.5,0.0,0.5,0.0,0.0,5.3,2.0,34,1,True,10,False,0,Typical mix
8.0,0.0,0.75,0.0,0.0,11.666666666666666,0.0,40,1,False,5,False,0,Typical mix
11.5,0.0,2.5,0.0,0.0,3.0,0.0,62,1,True,6,False,0,Typical mix
8.0,8.216666666666667,0.5,0.0,0.0,2.0,0.0,30,2,False,8,False,2,Work-focused
8.25,0.0,1.0,0.0,3.1666666666666665,1.0,0.0,24,2,False,10,False,1,Social
11.0,0.0,0.75,0.0,0.0,2.433333333333333,0.0,33,1,True,8,False,0,Typical mix
8.916666666666666,0.0,0.0833333333333333,0.0,0.0,14.833333333333334,0.0,64,2,True,5,False,0,Typical mix
7.0,0.0,0.3333333333333333,1.0,0.0,2.5,0.0,50,2,True,8,False,0,Typical mix
8.0,0.0,2.8333333333333335,0.0,5.416666666666667,3.5,0.0,72,2,True,9,False,1,Social
6.0,9.3,2.0,0.0,0.9166666666666666,3.783333333333333,0.0,33,1,False,8,False,2,Work-focused
6.833333333333333,8.833333333333334,1.1666666666666667,0.0,0.0,1.0,0.0,28,2,False,7,False,2,Work-focused
12.5,0.0,1.1666666666666667,0.0,0.0,0.0,0.0,50,2,True,5,False,0,Typical mix
6.25,11.383333333333333,1.4166666666666667,0.0,0.0,0.0,0.0,55,1,False,6,False,2,Work-focused
10.0,0.0,0.25,0.0,0.0,2.0,0.0,25,2,True,10,False,0,Typical mix
9.5,0.0,0.75,0.0,0.0,8.883333333333333,0.0,51,1,True,8,False,0,Typical mix
11.216666666666669,0.0,0.4166666666666667,0.5,0.0,6.816666666666666,0.0,29,2,False,8,False,0,Typical mix
5.0,0.0,0.4166666666666667,7.833333333333333,0.0,6.2,0.0,17,1,True,10,False,3,Active
9.0,0.0,2.0833333333333335,1.25,0.0,7.5,0.0,67,1,True,3,False,0,Typical mix
6.666666666666667,0.0,1.5,0.0,0.0,0.0,1.3166666666666669,34,1,True,7,False,0,Typical mix
9.0,0.0,0.3333333333333333,4.5,0.5,4.666666666666667,0.0,35,1,True,7,False,3,Active
9.25,8.0,1.4166666666666667,0.8333333333333334,0.0,2.0833333333333335,0.0,25,2,False,7,False,2,Work-focused
8.85,0.0,1.5,0.0,0.4333333333333333,0.0,1.2666666666666666,31,1,True,6,False,0,Typical mix
8.5,0.0,3.033333333333333,0.0,0.0,0.5,0.0,59,1,True,9,False,0,Typical mix
9.0,0.0,0.4166666666666667,0.0,0.0,9.083333333333334,0.0,80,1,False,10,False,0,Typical mix
7.0,0.0,0.3333333333333333,0.0,0.0,11.333333333333334,0.0,62,2,False,5,False,0,Typical mix
7.0,4.0,0.5,1.0,0.0,2.5,0.0,24,1,False,9,False,2,Work-focused
9.333333333333334,0.0,3.0,0.0,0.25,6.75,0.0,70,1,True,8,False,0,Typical mix
8.75,0.0,1.5,0.0,0.0,5.083333333333333,0.0,53,2,True,6,False,0,Typical mix
8.166666666666666,0.0,1.0,0.0,0.0,5.0,0.0,85,2,True,8,False,0,Typical mix
7.25,0.0,1.0,0.0,0.0,1.5833333333333333,0.75,25,2,False,4,False,0,Typical mix
7.0,10.166666666666666,1.0,0.0,1.0,0.3333333333333333,0.0,46,2,False,8,False,2,Work-focused
8.333333333333334,10.166666666666666,0.6666666666666666,0.0,0.0,0.6666666666666666,0.0,63,2,False,6,False,2,Work-focused
8.0,0.0,1.1666666666666667,0.0,0.0,4.166666666666667,0.0,80,1,False,4,False,0,Typical mix
12.583333333333334,0.0,1.0,0.0,0.0,0.0,0.0,40,1,True,9,False,0,Typical mix
13.0,0.0,0.3333333333333333,0.0,4.5,1.6666666666666667,0.0,28,2,False,5,False,1,Social
7.383333333333334,10.0,1.5,1.1666666666666667,0.0,1.8666666666666667,0.0,26,1,False,8,False,2,Work-focused
6.166666666666667,7.166666666666667,0.5,0.0,0.0,0.0,0.0,34,1,False,5,False,2,Work-focused
7.95,9.083333333333334,0.5,0.0,0.0,0.0,0.0,57,2,False,7,False,2,Work-focused
5.0,0.0,3.5,0.0,0.75,4.0,0.0,33,2,False,9,False,0,Typical mix
8.75,0.0,0.0,0.0,0.25,0.0,0.0,22,1,True,8,False,0,Typical mix
14.55,0.0,0.4166666666666667,0.0,1.25,0.0333333333333333,0.0,47,2,False,6,False,0,Typical mix
8.0,0.0,0.75,0.0,0.0,2.5,0.0,42,2,True,8,False,0,Typical mix
8.0,3.0,3.5,0.0,0.0,5.0,0.0,32,1,False,5,False,0,Typical mix
10.0,0.0,0.9166666666666666,0.0,0.0,2.75,0.0,21,1,True,4,False,0,Typical mix
9.666666666666666,0.0,1.5,0.0,1.0,3.0,0.0,46,1,True,5,False,0,Typical mix
6.0,0.0,1.3333333333333333,0.0,0.5,0.0,0.0,55,2,False,7,False,0,Typical mix
6.083333333333333,0.5,3.7666666666666666,3.0,0.75,0.0,1.5,50,1,True,7,False,3,Active
10.75,0.0833333333333333,6.616666666666666,0.0,0.0,2.5,0.0,21,2,True,6,False,0,Typical mix
5.25,7.333333333333333,1.3333333333333333,0.0,0.3333333333333333,1.5833333333333333,0.0,64,2,False,7,False,2,Work-focused
12.35,0.0,2.0,0.0,0.0,2.5,0.0,28,2,True,8,False,0,Typical mix
9.166666666666666,0.0,1.6666666666666667,0.0,0.0,2.0,0.0,47,2,True,10,False,0,Typical mix
7.5,0.0,0.1666666666666666,0.0,0.0,2.0,0.0,65,1,True,9,False,0,Typical mix
6.416666666666667,0.0,0.25,0.0,0.25,4.0,0.0,56,2,True,8,False,0,Typical mix
6.333333333333333,9.75,1.0,0.0,0.0,0.0,0.0,42,1,False,7,False,2,Work-focused
10.75,0.0,1.0,0.0,0.0,6.583333333333333,0.0,45,2,True,6,False,0,Typical mix
9.0,0.0,1.5,0.0,0.0,4.0,0.0,63,1,True,10,False,0,Typical mix
8.0,12.333333333333334,1.3333333333333333,0.0,0.0,1.6666666666666667,0.0,43,2,False,8,False,2,Work-focused
8.166666666666666,0.0,1.25,1.0,0.0,4.0,0.0,80,2,True,5,False,0,Typical mix
18.0,0.0,0.0833333333333333,0.0,0.0,2.6666666666666665,0.0,54,2,False,5,False,0,Typical mix
8.0,0.0,1.5833333333333333,0.0,0.4166666666666667,2.4166666666666665,0.0,53,1,False,5,False,0,Typical mix
8.5,5.483333333333333,1.3333333333333333,0.6666666666666666,0.0,2.5,0.0,33,2,False,10,False,2,Work-focused
8.666666666666666,0.0,2.1666666666666665,0.0,0.0,2.8333333333333335,0.0,31,2,True,7,False,0,Typical mix
8.666666666666666,0.0,1.0,3.0,0.5,0.0,0.0,29,1,True,4,False,3,Active
9.016666666666667,7.666666666666667,0.0,0.0,0.0,0.5,0.0,29,2,False,5,False,2,Work-focused
6.083333333333333,7.833333333333333,0.75,0.0,0.9166666666666666,2.75,0.0,32,2,True,5,False,2,Work-focused
8.0,8.416666666666666,1.3333333333333333,0.0,0.0,3.8333333333333335,0.0,42,1,False,7,False,2,Work-focused
8.0,0.0,2.0,0.0,0.0,1.5,0.0,36,2,True,8,False,0,Typical mix
10.5,0.0,0.8333333333333334,0.0,0.0,10.0,0.0,37,2,True,5,False,0,Typical mix
12.5,0.0,0.6666666666666666,0.0,0.0,5.833333333333333,0.0,85,2,False,5,False,0,Typical mix
8.25,0.0,0.25,0.0,0.0,1.8333333333333333,0.0,73,2,False,6,False,0,Typical mix
11.0,0.0,1.25,0.0,0.0,1.5,0.0,31,2,True,7,False,0,Typical mix
7.166666666666667,6.5,2.25,2.75,0.5,1.5,0.0,45,1,False,8,False,3,Active
14.5,0.0,1.5,0.0,0.0,5.0,0.0,16,1,True,9,False,0,Typical mix
7.833333333333333,9.416666666666666,1.0,0.0,0.0,0.5,0.0,32,1,False,7,False,2,Work-focused
6.583333333333333,10.5,0.5,0.0,0.0,0.0,0.0,35,1,False,4,False,2,Work-focused
9.5,5.0,1.5,0.0,1.0,1.5,0.0,33,1,True,7,False,2,Work-focused
7.75,8.066666666666666,1.25,0.0,0.1666666666666666,1.6666666666666667,0.0,30,2,False,9,False,2,Work-focused
9.0,0.0,0.5,0.0,0.0,4.966666666666667,0.0,67,1,True,5,False,0,Typical mix
7.75,0.0,1.25,0.0,0.0,9.5,0.0,47,1,False,7,False,0,Typical mix
11.5,0.0,0.5,0.0,0.0,2.5,0.0,68,2,True,0,False,0,Typical mix
13.666666666666666,0.0,0.25,0.0,0.0,0.3333333333333333,0.0,36,1,True,6,False,0,Typical mix
4.75,0.0,1.3833333333333333,0.0,0.25,2.2,0.0,34,1,False,7,False,0,Typical mix
10.25,0.0,0.5,0.0,2.0,5.5,2.0,51,2,True,9,False,0,Typical mix
4.733333333333333,0.0,1.0,0.0,1.0833333333333333,3.4833333333333334,1.5,43,2,False,8,False,0,Typical mix
11.0,0.0,0.4166666666666667,0.1666666666666666,0.0,7.333333333333333,0.0,61,1,True,5,False,0,Typical mix
8.0,0.0,0.6166666666666667,0.0,0.0,10.633333333333333,0.0,55,2,False,7,False,0,Typical mix
6.833333333333333,8.166666666666666,1.0833333333333333,0.0,0.0,3.0833333333333335,0.0,56,1,False,7,False,2,Work-focused
9.0,11.416666666666666,0.1666666666666666,0.0,0.0,0.45,0.0,51,1,False,5,False,2,Work-focused
10.25,6.0,0.5,0.0,0.0,0.0,0.0,55,1,False,6,False,2,Work-focused
2.5833333333333335,0.0,0.75,1.25,0.0,0.0,0.0,47,2,True,7,False,2,Work-focused
11.333333333333334,0.0,1.5,0.0,0.0,5.0,0.0,64,1,True,8,False,0,Typical mix
8.0,0.0,1.0,0.0,0.1666666666666666,1.1666666666666667,0.1666666666666666,50,2,False,5,False,0,Typical mix
8.75,0.0,2.75,0.0,1.5,2.5,0.0,35,2,True,8,False,0,Typical mix
4.5,0.0,0.0,0.0,0.0,18.483333333333334,0.0,65,2,False,5,False,0,Typical mix
5.5,5.916666666666667,1.5,5.333333333333333,0.0,2.5,0.0,49,1,False,10,False,3,Active
10.0,0.0,0.5,0.0,3.0,5.0,0.0,56,2,True,7,False,1,Social
9.5,0.0,1.5,0.0,3.0,8.333333333333334,0.0,59,2,True,5,False,1,Social
6.0,0.0,1.0,0.0,0.0,0.0,0.0,28,1,True,2,False,0,Typical mix
10.083333333333334,0.0,0.3333333333333333,0.0,0.0,0.0,0.0,26,2,True,8,False,0,Typical mix
9.0,6.416666666666667,0.75,0.0,1.0,3.0833333333333335,0.0,41,1,True,9,False,2,Work-focused
8.0,2.0,1.5,0.0,0.0,4.5,0.0,71,1,True,7,False,0,Typical mix
5.0,0.0,1.3333333333333333,0.0,0.0,7.583333333333333,0.0,48,1,False,6,False,0,Typical mix
9.5,2.5,0.9166666666666666,0.0,0.8333333333333334,1.5,0.0,22,2,False,6,False,0,Typical mix
11.0,0.75,1.8333333333333333,0.0,0.0,2.1666666666666665,0.0,50,1,True,7,False,0,Typical mix
8.5,0.0,0.75,0.0,0.0,8.75,0.0,58,2,False,9,False,0,Typical mix
7.583333333333333,0.0,0.5,1.0833333333333333,0.0,0.0,0.0,30,2,True,9,False,0,Typical mix
8.0,0.0,1.0,0.0,0.0,10.0,0.0,54,2,True,10,False,0,Typical mix
7.333333333333333,7.166666666666667,0.5,0.0,0.25,1.1666666666666667,0.0,43,2,False,8,False,2,Work-focused
9.5,0.0,1.0,0.0,0.0,8.116666666666667,1.1666666666666667,53,2,False,6,False,0,Typical mix
8.833333333333334,1.5,2.0,0.0,0.0,0.0,0.0,54,2,True,6,False,0,Typical mix
9.166666666666666,8.0,1.4166666666666667,0.0,0.0,0.0,0.0,32,2,False,6,False,2,Work-focused
10.583333333333334,0.0,1.6666666666666667,0.0,0.0,1.0833333333333333,0.0,73,2,True,8,False,0,Typical mix
8.0,0.0,0.5833333333333334,0.0,0.0,2.9166666666666665,0.0,49,2,False,8,False,0,Typical mix
7.833333333333333,3.4166666666666665,1.0,1.8333333333333333,5.666666666666667,0.0,0.0,41,2,True,7,False,1,Social
7.75,0.0,0.0,0.0,0.0,0.0,0.0,26,2,True,6,False,0,Typical mix
8.916666666666666,5.116666666666666,0.9166666666666666,0.0,0.0,4.0,0.0,20,2,False,8,False,0,Typical mix
8.333333333333334,0.0,2.0,0.0,2.0,5.0,4.0,48,1,True,5,False,4,Computer-leisure
6.833333333333333,10.116666666666667,1.1666666666666667,0.0,0.0,1.8333333333333333,0.0,37,1,False,4,False,2,Work-focused
7.0,0.0,2.6666666666666665,0.0,0.75,3.0,0.0,75,1,True,6,False,0,Typical mix
8.916666666666666,0.0,1.25,0.0,0.0,0.0,0.1666666666666666,22,2,False,7,False,0,Typical mix
7.0,10.583333333333334,0.75,0.0,0.0,1.8333333333333333,0.0,39,2,False,7,False,2,Work-focused
10.25,0.0,1.5,0.0,1.55,1.5,0.0,85,1,True,8,False,0,Typical mix
5.75,0.0,1.0,0.0,0.0,8.666666666666666,0.0,80,1,False,5,False,0,Typical mix
8.333333333333334,5.0,0.5,0.0,0.0,0.75,0.0,40,2,False,5,False,2,Work-focused
7.0,7.7,1.8333333333333333,0.5,1.0,3.5833333333333335,0.0,35,2,True,5,False,2,Work-focused
9.0,0.0,2.0,0.0,1.25,2.5,0.0,79,1,True,10,False,0,Typical mix
9.5,0.0,1.0,0.0,0.4166666666666667,2.3,0.0,74,2,True,7,False,0,Typical mix
7.0,0.0,0.5,0.0,0.0,5.0,0.0,51,2,True,8,False,0,Typical mix
7.5,0.0,1.9,4.916666666666667,0.25,0.9166666666666666,0.0,47,2,True,9,False,3,Active
4.5,0.0,0.75,0.0,0.0,4.0,0.0,64,2,True,9,False,0,Typical mix
9.5,0.0,0.3333333333333333,0.0,0.0,4.5,0.0,78,1,True,7,False,0,Typical mix
8.75,8.0,0.75,0.75,0.0,1.5,0.0,53,2,False,7,False,2,Work-focused
9.0,3.6666666666666665,1.0,0.0,1.9166666666666667,3.0,0.0,26,2,True,7,False,0,Typical mix
9.966666666666669,0.0,0.1,0.8333333333333334,0.0,8.65,0.3333333333333333,56,2,True,3,False,0,Typical mix
8.0,0.0,2.5,0.0,3.6666666666666665,2.3333333333333335,0.0,71,1,True,10,False,1,Social
10.75,0.0,1.6666666666666667,0.0,0.0,2.3333333333333335,2.0,16,2,True,6,False,0,Typical mix
11.5,0.0,2.0,0.0,0.1666666666666666,2.0,0.0,85,2,True,5,False,0,Typical mix
8.333333333333334,0.0,1.1666666666666667,0.9166666666666666,0.0,2.183333333333333,0.0,65,2,True,5,False,0,Typical mix
8.416666666666666,6.083333333333333,1.0,0.0,0.0833333333333333,1.25,0.0,51,2,False,7,False,2,Work-focused
9.0,5.833333333333333,0.1666666666666666,0.0,0.0,1.0,0.0,26,1,False,0,False,2,Work-focused
9.333333333333334,6.983333333333333,0.75,0.0,0.25,0.5,0.0,48,1,False,2,False,2,Work-focused
11.0,0.0,1.0,0.0,0.0,7.0,0.0,17,1,True,4,False,0,Typical mix
7.5,12.75,1.0,0.0,0.0,1.5833333333333333,0.0,63,1,False,8,False,2,Work-focused
4.833333333333333,8.0,0.9166666666666666,0.8333333333333334,0.3333333333333333,0.0833333333333333,0.5,20,1,False,8,False,2,Work-focused
10.85,0.0,1.6666666666666667,0.0,0.0,0.0,0.0,73,2,True,5,False,0,Typical mix
11.0,0.0,0.6666666666666666,0.5,0.0,4.183333333333334,0.0,58,2,True,7,False,0,Typical mix
9.0,0.0,0.6666666666666666,0.0,0.0,3.0,0.0,42,2,True,7,False,0,Typical mix
10.5,0.0,1.25,0.0,0.0,0.5,0.0,74,2,False,9,False,0,Typical mix
9.65,0.0,0.1666666666666666,2.0,4.416666666666667,0.0,0.0,36,1,True,8,False,1,Social
7.5,0.0,2.0,0.0,2.75,0.0,0.0,80,2,False,8,False,1,Social
8.75,5.0,0.3333333333333333,0.0,0.0,5.05,0.0,31,2,False,6,False,0,Typical mix
7.25,0.0,0.5,0.0,1.0,0.0,0.0,62,2,True,10,False,0,Typical mix
8.75,0.0,0.5,0.0,3.5,0.5,0.0,48,1,False,9,False,1,Social
7.5,8.0,1.5,0.0,0.0,4.5,0.0,52,1,False,8,False,2,Work-focused
7.5,8.25,0.75,1.0,0.0,3.0,0.0,47,2,False,7,False,2,Work-focused
9.0,0.0,3.0,0.0,0.0,4.666666666666667,0.0,30,1,True,10,False,0,Typical mix
9.65,0.0,2.1666666666666665,0.0,0.0,1.8333333333333333,0.0,80,2,False,8,False,0,Typical mix
7.5,0.0,1.25,0.0,0.0,8.666666666666666,0.0,70,2,False,8,False,0,Typical mix
7.416666666666667,0.0,3.4166666666666665,0.0,0.0,3.0,0.0,24,2,False,6,False,0,Typical mix
10.0,0.4166666666666667,0.8333333333333334,1.0,0.0,1.0,0.0,27,2,False,10,False,0,Typical mix
9.5,0.0,0.8333333333333334,1.25,1.5833333333333333,2.0,0.0,33,2,True,7,False,0,Typical mix
8.5,0.0,1.0,2.3333333333333335,0.0,0.0,0.0,48,2,False,9,False,3,Active
7.0,2.5,1.5,0.0,1.0,2.0,0.0,43,1,True,8,False,0,Typical mix
9.5,0.0,1.0,0.0,0.0,0.0,0.0,44,2,False,9,False,0,Typical mix
8.416666666666666,9.0,0.75,0.0,0.0,1.1666666666666667,0.0,39,2,False,9,False,2,Work-focused
12.75,0.0,0.9166666666666666,4.0,0.0,1.5,0.0,15,1,True,8,False,3,Active
18.25,0.0,0.5833333333333334,0.0,0.5,2.5833333333333335,0.0,23,1,True,7,False,0,Typical mix
8.0,9.25,1.0,0.0,0.0,0.0,2.0,52,1,False,8,False,2,Work-focused
9.0,4.25,0.5,0.0,7.166666666666667,0.0,0.0,29,1,True,9,False,1,Social
6.5,0.0,0.8333333333333334,0.0,0.0,3.0,0.0,35,2,True,9,False,0,Typical mix
12.0,0.0,1.25,2.0,0.3333333333333333,3.433333333333333,0.0,37,1,False,8,False,0,Typical mix
8.416666666666666,10.5,0.3333333333333333,0.0,0.0,0.0,0.0,26,1,False,5,False,2,Work-focused
11.45,0.0,1.0833333333333333,0.0,2.0,0.0,0.75,36,2,True,6,False,0,Typical mix
8.833333333333334,7.5,0.5,0.0,0.0,0.0,0.0,40,2,False,10,False,2,Work-focused
8.0,9.0,0.5,0.0833333333333333,0.0,3.6666666666666665,0.0,46,1,False,8,False,2,Work-focused
8.0,11.0,1.5,0.0,0.0,0.0,0.0,52,1,True,6,False,2,Work-focused
12.0,0.0,1.1666666666666667,0.0,0.0,3.5,0.0,85,1,False,5,False,0,Typical mix
8.916666666666666,8.916666666666666,0.75,0.0,0.0,2.0,0.0,28,2,False,6,False,2,Work-focused
7.416666666666667,0.0,0.5833333333333334,0.0,1.7666666666666666,5.5,0.0,66,2,True,10,False,0,Typical mix
10.083333333333334,0.0,1.0,0.0,0.0,1.5,0.0,20,1,True,6,False,0,Typical mix
5.583333333333333,9.083333333333334,0.25,1.0,0.0,0.25,0.0,66,2,False,10,False,2,Work-focused
8.5,0.0,0.2166666666666666,0.0,0.0,14.7,0.0,67,1,False,9,False,0,Typical mix
6.5,5.0,0.1666666666666666,0.0,0.0,11.666666666666666,0.0,37,1,True,7,False,0,Typical mix
10.0,1.0,0.6666666666666666,0.0,0.0,4.0,3.0,50,2,False,8,False,4,Computer-leisure
9.5,0.0,1.0,0.0,0.0,1.0,0.0,42,1,True,8,False,0,Typical mix
5.5,8.433333333333334,1.8166666666666669,0.0,0.0,0.75,0.0,65,2,False,10,False,2,Work-focused
8.25,0.0,1.6666666666666667,0.0,1.5,0.3333333333333333,0.0,44,1,True,8,False,0,Typical mix
9.0,8.55,0.5,0.0,0.0,0.0,0.25,19,1,True,5,False,2,Work-focused
6.5,9.983333333333333,1.5,0.0,0.0,0.0,0.0,38,1,False,9,False,2,Work-focused
13.0,8.5,0.5,0.0,0.0,0.0,0.0,26,2,False,5,False,2,Work-focused
8.0,0.0,1.0,0.0,0.5,6.316666666666666,0.0,73,2,False,10,False,0,Typical mix
6.0,1.0,1.5,0.0,0.0,8.616666666666667,0.0,54,1,True,6,False,0,Typical mix
8.5,6.9,0.5,0.0,1.9166666666666667,0.25,0.0,33,2,False,6,False,2,Work-focused
6.416666666666667,6.75,0.9166666666666666,0.0,0.5833333333333334,2.6666666666666665,0.0,45,2,False,7,False,2,Work-focused
10.333333333333334,8.0,0.5,0.0,0.1666666666666666,0.0,0.0,23,2,False,5,False,2,Work-focused
7.916666666666667,0.0,2.0833333333333335,0.0,0.0,6.25,0.0,75,1,False,10,False,0,Typical mix
12.0,0.0,1.0,0.0,2.6666666666666665,0.0,0.0,58,1,True,8,False,1,Social
11.0,0.0,0.5,0.25,0.0,4.5,0.0,44,1,True,10,False,0,Typical mix
6.0,0.0,0.5,0.0,2.0,3.5,0.0,66,1,True,3,False,0,Typical mix
7.75,0.0,1.1666666666666667,0.0,0.0,4.583333333333333,2.25,53,1,False,5,False,4,Computer-leisure
7.833333333333333,7.916666666666667,1.0,0.0,0.0,0.1666666666666666,0.0,54,2,False,6,False,2,Work-focused
10.5,0.0,2.4166666666666665,0.0,0.0,1.0,0.0,76,1,True,10,False,0,Typical mix
17.583333333333332,0.0,0.8333333333333334,1.75,0.1666666666666666,0.0,0.0,34,1,False,2,False,0,Typical mix
13.333333333333334,0.0,1.25,0.0,0.5,3.5,0.0,49,1,False,4,False,0,Typical mix
12.3,0.0,3.25,0.0,0.5,0.0,0.0,75,1,True,8,False,0,Typical mix
12.166666666666666,7.75,1.25,0.0,0.0,0.4166666666666667,0.0,21,1,False,8,False,2,Work-focused
6.5,11.5,0.5,0.0,0.0,3.0,2.0,61,1,False,8,False,2,Work-focused
6.916666666666667,0.0,1.0,0.0,1.5833333333333333,2.8333333333333335,0.0,51,2,False,9,False,0,Typical mix
9.616666666666667,6.75,0.6666666666666666,0.0,0.45,2.5,0.0,52,2,False,7,False,2,Work-focused
8.666666666666666,7.75,0.5,1.0,0.0,0.0,0.0,48,1,True,10,False,2,Work-focused
9.5,0.0,1.25,0.0,1.0,4.5,0.0,52,2,True,9,False,0,Typical mix
11.0,0.0,1.1666666666666667,0.0,0.5,4.466666666666667,0.0,30,2,False,7,False,0,Typical mix
7.416666666666667,0.0,2.6666666666666665,0.0,1.5,12.0,0.0,59,1,False,7,False,0,Typical mix
9.666666666666666,10.583333333333334,1.5,0.0,0.0,0.0,0.0,41,1,False,10,False,2,Work-focused
9.666666666666666,0.0,2.0,0.0,0.0,6.166666666666667,0.0,70,1,True,8,False,0,Typical mix
8.666666666666666,0.0,4.55,0.0,1.0833333333333333,4.05,0.0,61,1,False,7,False,0,Typical mix
6.25,0.0,0.8166666666666667,0.0,0.0,0.0,0.0,67,2,True,7,False,0,Typical mix
8.666666666666666,0.1666666666666666,2.1666666666666665,0.0,1.0,0.0,0.75,36,2,True,9,False,0,Typical mix
7.833333333333333,0.0,0.5,0.0,1.7833333333333334,0.25,0.0,42,2,False,8,False,0,Typical mix
8.5,0.0,0.5,0.0,0.0,3.0,5.5,56,1,False,5,False,4,Computer-leisure
6.0,8.5,0.25,0.0,0.0,6.466666666666667,0.0,35,1,False,6,False,2,Work-focused
9.2,0.5,1.5,0.0,0.0,5.0,0.0,52,1,True,6,False,0,Typical mix
1.0,21.583333333333332,1.0,0.0,0.0,0.0,0.0,33,1,True,6,False,2,Work-focused
7.9,0.0,0.5,0.0,0.0,1.0,0.0,17,2,False,6,False,0,Typical mix
7.75,0.0,2.6166666666666667,0.0,0.0,0.0,0.0,52,2,True,10,False,0,Typical mix
13.0,0.0,1.5,0.0,0.0,5.5,0.0,39,2,True,5,False,0,Typical mix
7.583333333333333,9.416666666666666,2.75,1.0,0.0,0.0,0.0,33,2,False,7,False,2,Work-focused
9.0,0.0,0.5833333333333334,0.0,0.75,3.5,0.0,85,2,True,9,False,0,Typical mix
11.0,0.0,0.8333333333333334,0.0,0.5,4.25,0.0,58,2,True,6,False,0,Typical mix
11.0,0.0,1.0,0.0,0.0,2.0,0.0,61,1,False,9,False,0,Typical mix
8.0,0.0,0.5,0.0,0.0,4.0,0.0,33,1,True,8,False,0,Typical mix
7.5,0.0,2.9166666666666665,0.0,0.0,7.25,0.0,60,1,True,7,False,0,Typical mix
10.0,0.0,0.75,1.0,2.0833333333333335,2.75,1.0,30,2,True,5,False,0,Typical mix
8.0,4.0,2.8333333333333335,0.0,3.0,2.0,0.0,31,1,True,6,False,1,Social
9.0,7.25,0.9166666666666666,0.0,0.6666666666666666,0.0,0.0,63,1,False,6,False,2,Work-focused
8.583333333333334,0.0,1.5,0.0,1.5,5.916666666666667,0.0,80,2,False,10,False,0,Typical mix
9.0,0.0,2.75,4.233333333333333,0.0,6.416666666666667,0.0,64,1,False,5,False,3,Active
9.0,0.0,0.5,0.0,5.583333333333333,4.083333333333333,0.0,60,1,True,4,False,1,Social
11.25,0.0,1.8333333333333333,0.0,0.6666666666666666,5.166666666666667,0.3333333333333333,41,2,False,3,False,0,Typical mix
6.0,0.0,1.0,1.0,0.0,0.0,0.0,52,2,False,3,False,0,Typical mix
7.5,9.666666666666666,0.6666666666666666,0.0,0.0,1.8333333333333333,0.0,48,1,False,7,False,2,Work-focused
8.0,8.5,1.25,0.0,0.0,0.0,0.0,45,1,False,8,False,2,Work-focused
7.0,0.0,2.5,0.0,0.0,5.65,0.5,56,1,True,8,False,0,Typical mix
10.0,0.0,0.25,0.0,8.583333333333334,0.9166666666666666,0.0,77,2,True,10,False,1,Social
5.0,9.833333333333334,0.5,0.0,0.0,5.166666666666667,0.0,51,2,True,10,False,2,Work-focused
6.333333333333333,8.25,0.6666666666666666,0.0,0.5,0.0,0.3333333333333333,32,1,False,6,False,2,Work-focused
7.75,0.0,0.5,0.0,2.5833333333333335,1.4166666666666667,0.0,59,2,False,5,False,1,Social
10.5,0.0,4.0,0.0,0.0,3.9166666666666665,0.0,45,2,True,10,False,0,Typical mix
10.0,0.0,1.1666666666666667,0.0,0.0,12.5,0.0,57,1,True,5,False,0,Typical mix
10.0,0.0,1.0,0.0,0.0,1.6666666666666667,0.0,53,1,True,6,False,0,Typical mix
10.0,0.0,0.25,1.25,0.0,0.0,0.0,44,2,True,6,False,0,Typical mix
13.416666666666666,4.166666666666667,0.5833333333333334,0.0,0.0,3.9166666666666665,0.0,24,1,False,6,False,0,Typical mix
9.416666666666666,0.0,2.5,1.0,0.0,2.0,0.0,66,2,True,8,False,0,Typical mix
7.333333333333333,0.0,0.9166666666666666,0.0,0.0,1.4166666666666667,0.0,31,2,False,8,False,0,Typical mix
14.25,0.0,1.0833333333333333,0.0,0.0,0.0,0.0,85,1,False,10,False,0,Typical mix
7.25,6.666666666666667,0.5833333333333334,0.5,0.0,1.1333333333333333,0.25,35,2,False,8,False,2,Work-focused
8.416666666666666,0.0,3.0,0.0,0.0833333333333333,0.0,0.0,33,2,True,8,False,0,Typical mix
6.5,0.0,3.5,0.0,1.75,8.5,0.0,85,2,False,8,False,0,Typical mix
8.416666666666666,6.5,1.6666666666666667,0.0,0.0,0.0,0.0,35,1,False,5,False,2,Work-focused
8.683333333333334,0.0,1.5,0.0,0.0,1.5,0.0,49,1,False,7,False,0,Typical mix
9.5,4.166666666666667,1.0,0.0,0.0,0.5833333333333334,1.5,52,2,True,10,False,2,Work-focused
9.5,0.0,0.5,0.5,0.0,6.166666666666667,0.0,49,2,True,9,False,0,Typical mix
9.083333333333334,8.333333333333334,1.3333333333333333,0.0,0.0,2.5,0.0,36,1,False,8,False,2,Work-focused
6.0,0.0,0.5,0.0,0.0,17.333333333333332,0.0,22,1,True,8,False,0,Typical mix
11.833333333333334,0.0,1.5,0.0,5.083333333333333,0.0,0.0,62,1,True,7,False,1,Social
6.083333333333333,0.0,0.1666666666666666,0.0,5.5,3.0,0.0,45,1,True,4,False,1,Social
7.5,0.0,0.5,0.0,0.0,7.633333333333334,0.0,71,2,False,5,False,0,Typical mix
11.5,0.0,1.75,0.0,0.0,7.25,0.0,60,2,False,6,False,0,Typical mix
8.333333333333334,0.0,0.0833333333333333,3.75,7.216666666666667,1.4333333333333331,0.0,19,1,True,8,False,1,Social
9.166666666666666,0.0,1.5,0.0,0.0,6.5,0.0,79,2,True,8,False,0,Typical mix
6.5,0.0,0.3333333333333333,0.0,0.0,3.0,0.5,66,2,False,8,False,0,Typical mix
6.0,0.0,0.3333333333333333,0.0,0.0,11.1,1.0,56,1,True,5,False,0,Typical mix
10.0,0.0,1.75,0.0,4.166666666666667,2.5,0.0,62,2,True,8,False,1,Social
7.5,8.75,0.25,0.0,0.0,2.5833333333333335,0.0,55,2,False,10,False,2,Work-focused
7.0,7.916666666666667,0.8333333333333334,0.5,0.0,1.5,0.0,33,2,False,8,False,2,Work-focused
8.0,6.833333333333333,0.6666666666666666,0.0,0.0,3.5,0.0,27,1,False,5,False,2,Work-focused
6.25,8.333333333333334,1.25,0.0,0.3333333333333333,3.9166666666666665,0.0,68,2,False,5,False,2,Work-focused
10.0,0.0,3.0,1.5,0.0,3.75,2.25,80,2,False,10,False,4,Computer-leisure
10.0,1.0,3.0,0.0,0.0,5.133333333333334,0.0,31,1,True,6,False,0,Typical mix
8.5,0.0,0.3333333333333333,0.0,0.0,10.616666666666667,0.0,85,2,False,2,False,0,Typical mix
8.75,0.0,1.5,0.0,0.0,4.0,0.8333333333333334,80,1,True,6,False,0,Typical mix
6.5,9.75,0.3333333333333333,0.0,0.0,3.5,0.0,58,1,True,7,False,2,Work-focused
9.5,0.0,2.5,0.0,0.3333333333333333,0.0,3.3333333333333335,47,2,True,10,False,4,Computer-leisure
8.166666666666666,0.0,2.75,0.0,3.1666666666666665,2.1666666666666665,0.0,63,1,True,6,False,1,Social
8.5,4.0,1.5,0.0,0.0,1.0,0.0,62,2,True,7,False,2,Work-focused
9.5,0.0,0.6166666666666667,0.0,4.566666666666666,3.4166666666666665,0.0,80,2,False,9,False,1,Social
6.583333333333333,0.0,0.3333333333333333,0.0,0.0,8.916666666666666,0.0,73,2,False,8,False,0,Typical mix
7.5,7.45,0.5,0.0,1.0,2.5,0.0,26,2,False,8,False,2,Work-focused
10.25,0.0,1.3333333333333333,0.0,0.0,2.8333333333333335,0.0,80,1,False,4,False,0,Typical mix
11.0,0.0,0.3333333333333333,0.0,0.0,8.083333333333334,0.0,26,1,False,5,False,0,Typical mix
10.333333333333334,0.0,1.0,0.0,0.0,0.0,0.0,40,2,True,5,False,0,Typical mix
11.833333333333334,0.0,1.0,0.0,3.0,1.5,1.5,26,2,True,6,False,1,Social
7.0,8.0,1.5,0.0,0.4666666666666667,3.033333333333333,0.0,27,1,False,8,False,2,Work-focused
8.25,11.75,0.5833333333333334,0.5,0.0,1.0,0.0,49,1,False,7,False,2,Work-focused
6.0,0.0,0.1666666666666666,0.0,0.0,0.0,0.0,50,2,False,8,False,0,Typical mix
7.066666666666666,7.566666666666666,0.5833333333333334,0.0,0.3333333333333333,3.0,0.0,49,2,True,5,False,2,Work-focused
7.0,7.0,0.5,0.0,0.75,1.6666666666666667,0.0,52,2,False,9,False,2,Work-focused
4.0,0.0,0.3333333333333333,0.0,0.0,3.0,0.0,57,2,True,7,False,0,Typical mix
10.5,0.0,0.5,0.0,0.0,4.166666666666667,0.0,51,1,True,9,False,0,Typical mix
8.0,0.0,1.0,0.0,0.0,11.983333333333333,0.0,85,2,False,8,False,0,Typical mix
9.5,0.5833333333333334,2.0,0.0,0.0,1.5,0.0,48,2,True,8,False,0,Typical mix
7.25,7.916666666666667,1.0,0.0,0.0,0.0,0.0,49,1,False,10,False,2,Work-focused
6.883333333333334,9.25,1.0,0.0,0.0,0.5,0.0,54,1,False,7,False,2,Work-focused
6.75,0.0,0.5,0.0,2.6666666666666665,0.0,0.0,31,2,True,5,False,1,Social
9.0,0.0,1.3333333333333333,0.6666666666666666,2.0,6.083333333333333,0.0,74,2,True,5,False,0,Typical mix
8.533333333333333,8.5,0.3333333333333333,0.0,0.0,1.0,2.0,48,2,False,3,False,2,Work-focused
7.75,8.416666666666666,0.8333333333333334,0.0,0.8333333333333334,1.0,0.75,36,1,False,7,False,2,Work-focused
10.466666666666669,8.116666666666667,0.5,0.0,0.0,4.5,0.0,57,1,True,10,False,2,Work-focused
8.666666666666666,0.0,3.1666666666666665,0.0,0.0,2.5,0.0,54,2,True,8,False,0,Typical mix
8.333333333333334,7.916666666666667,1.5,1.5,0.0,1.0,0.0,29,2,False,10,False,2,Work-focused
7.5,0.0,0.8333333333333334,0.0,4.8,0.0,0.0,76,2,True,10,False,1,Social
9.5,0.0,1.75,0.0,0.0,6.583333333333333,0.0,71,2,True,5,False,0,Typical mix
8.666666666666666,5.833333333333333,0.8333333333333334,1.0,0.0,0.0,0.0,49,2,False,7,False,2,Work-focused
8.916666666666666,12.833333333333334,0.25,0.0,0.0,0.0,0.0,46,1,False,7,False,2,Work-focused
9.0,7.0,2.8333333333333335,0.0,0.6333333333333333,0.0,0.0,65,1,False,8,False,2,Work-focused
13.25,0.0,1.0,0.0,2.0,0.25,0.0,25,1,True,5,False,0,Typical mix
8.333333333333334,0.0,0.5,0.0,1.0,4.333333333333333,0.0,46,2,False,10,False,0,Typical mix
9.25,0.0,2.25,0.0,0.0,5.25,0.0,54,1,True,7,False,0,Typical mix
11.0,0.0,1.25,0.0,1.8333333333333333,0.3666666666666666,0.0,38,2,True,9,False,0,Typical mix
8.25,0.0,1.6666666666666667,0.0,5.566666666666666,0.0,0.0,30,2,True,4,False,1,Social
8.5,7.916666666666667,2.5,0.0,0.25,0.0,0.0,42,1,False,9,False,2,Work-focused
7.5,0.0,2.0833333333333335,0.0,0.9166666666666666,0.0,0.0,70,2,True,5,False,0,Typical mix
8.25,0.0,0.75,0.0,0.0,0.5,0.25,16,2,False,10,False,0,Typical mix
11.25,0.0,0.5833333333333334,4.0,4.0,0.0,0.0,70,1,True,9,False,3,Active
7.5,2.0,2.9166666666666665,0.0,0.0,2.8333333333333335,0.0,67,1,True,7,False,0,Typical mix
9.5,0.0,0.5,0.0,3.783333333333333,6.0,0.0,19,2,False,4,False,1,Social
7.666666666666667,5.0,0.8333333333333334,0.0,0.0,0.5833333333333334,0.0,33,2,False,9,False,2,Work-focused
8.5,8.916666666666666,1.0,0.0,0.0,2.0,0.0,60,1,False,9,False,2,Work-focused
8.5,0.0,0.5,0.0,4.866666666666666,4.233333333333333,1.5,22,1,True,6,False,1,Social
12.7,0.0,1.8333333333333333,0.0,0.25,3.0,0.0,38,2,True,9,False,0,Typical mix
5.0,0.0,0.0,0.0,0.5,17.2,0.0,52,1,True,8,False,0,Typical mix
11.75,0.0,1.75,0.0,0.0,2.5,0.0,57,2,True,1,False,0,Typical mix
5.75,0.0,2.0,0.0,0.0,5.333333333333333,0.5,67,2,False,7,False,0,Typical mix
7.816666666666666,11.516666666666667,0.5833333333333334,0.0,0.5833333333333334,0.0,0.0,38,1,False,6,False,2,Work-focused
7.166666666666667,0.0,0.1166666666666666,0.0,0.6666666666666666,1.0,1.8333333333333333,17,1,False,7,False,0,Typical mix
10.116666666666667,0.0,1.1333333333333333,0.3333333333333333,0.0,3.283333333333333,0.0,85,2,False,8,False,0,Typical mix
7.0,0.0,0.25,0.0,10.75,4.733333333333333,0.0,20,2,False,10,False,1,Social
10.5,0.0,2.8333333333333335,0.0,0.0,2.9166666666666665,0.0,53,2,True,8,False,0,Typical mix
11.5,0.0,2.5,0.0,0.0,3.0,0.0,37,1,True,4,False,0,Typical mix
9.0,0.0,1.0,1.0,1.0,3.25,0.0,55,1,True,9,False,0,Typical mix
10.5,0.0,0.25,0.0,0.0,3.0,4.333333333333333,23,2,True,6,False,4,Computer-leisure
10.683333333333334,0.0,0.0,0.0,0.0,0.0,0.0,20,1,True,7,False,0,Typical mix
12.5,0.0,0.5,0.0,0.0,6.75,0.0,32,1,False,3,False,0,Typical mix
9.0,0.0,1.25,0.0,0.0,4.233333333333333,0.0,75,2,False,10,False,0,Typical mix
7.4,0.0,1.6666666666666667,0.0,0.0,2.9166666666666665,0.0,55,2,False,6,False,0,Typical mix
12.0,0.0,0.25,2.0,2.0,0.9166666666666666,0.0,22,2,False,10,False,0,Typical mix
9.15,0.0,0.8333333333333334,0.0,4.05,1.75,0.75,49,2,True,9,False,1,Social
9.0,0.0,0.4166666666666667,0.0,0.0,8.083333333333334,0.0,66,2,True,7,False,0,Typical mix
15.5,0.0,0.0,0.0,0.0,0.0,0.0,50,2,True,10,False,0,Typical mix
9.416666666666666,0.0,4.8,0.0,0.0,2.5,0.0,53,2,True,5,False,0,Typical mix
7.833333333333333,0.0,2.5,0.0,1.5,3.0,0.0,66,2,False,8,False,0,Typical mix
6.0,0.0,1.0,0.0,0.0,3.0,0.0,57,1,True,4,False,0,Typical mix
8.0,7.45,1.75,0.0,0.0,2.4166666666666665,1.0,44,1,False,7,False,2,Work-focused
6.333333333333333,0.0,0.4166666666666667,1.55,0.0,0.8666666666666667,0.0,19,1,True,7,False,0,Typical mix
10.833333333333334,0.0,1.0833333333333333,0.0,0.0,4.0,0.0,44,2,True,8,False,0,Typical mix
11.0,0.0,1.6666666666666667,0.0,0.0,8.083333333333334,0.0,46,1,True,5,False,0,Typical mix
3.0,0.0,1.0833333333333333,0.0,1.8166666666666669,5.133333333333334,1.0,46,1,True,8,False,0,Typical mix
8.0,6.533333333333333,0.3333333333333333,0.0,0.0,6.566666666666666,0.0,49,1,True,7,False,2,Work-focused
10.0,0.0,0.1666666666666666,0.0,4.083333333333333,2.75,0.0,63,2,False,6,False,1,Social
8.75,0.0,1.25,1.0,1.0,2.0,0.0,20,1,True,9,False,0,Typical mix
9.45,0.0,0.0833333333333333,0.0,0.0,4.816666666666666,0.0,63,1,False,6,False,0,Typical mix
9.5,4.0,1.5,0.0,0.0,3.1666666666666665,0.0,34,2,False,7,False,0,Typical mix
7.083333333333333,7.833333333333333,0.0,0.0,1.8333333333333333,0.5,0.0,62,2,False,7,False,2,Work-focused
8.983333333333333,0.0,2.0,0.0,4.016666666666667,0.0,0.0,44,2,True,5,False,1,Social
10.416666666666666,0.0,2.0,0.0,1.5,0.0,0.0,37,2,True,4,False,0,Typical mix
6.5,7.916666666666667,1.25,0.0,2.0,1.75,0.0,37,2,False,8,False,2,Work-focused
9.0,0.0,1.1666666666666667,0.0,0.0,3.5,0.0,49,1,True,10,False,0,Typical mix
9.0,0.0,1.0,0.0,0.0,7.0,0.0,75,2,False,8,False,0,Typical mix
10.666666666666666,6.333333333333333,0.6666666666666666,0.0,0.0,0.8333333333333334,0.0,20,1,False,5,False,2,Work-focused
15.833333333333334,2.3333333333333335,0.8333333333333334,0.0,0.0,3.1666666666666665,0.0,55,1,True,8,False,0,Typical mix
9.0,0.0,0.0,0.0,0.0,2.5,1.5833333333333333,85,2,True,5,False,0,Typical mix
7.5,0.0,0.5,0.0,0.0,6.5,0.0,80,2,False,10,False,0,Typical mix
9.75,0.0,0.75,0.0,0.0,7.916666666666667,0.0,74,2,True,8,False,0,Typical mix
5.333333333333333,0.0,0.5,0.0,0.0,4.0,0.0,49,2,True,10,False,0,Typical mix
8.5,0.0,1.5,0.0,0.5,4.666666666666667,0.0,76,2,False,9,False,0,Typical mix
10.083333333333334,0.0,1.25,0.0,1.5,3.0,0.0,62,1,True,8,False,0,Typical mix
6.55,7.333333333333333,1.25,0.0,0.0,2.0,0.0,57,2,False,6,False,2,Work-focused
8.5,8.166666666666666,0.9166666666666666,0.0,1.0,0.0,2.7,57,2,False,8,False,4,Computer-leisure
9.5,0.0,0.8333333333333334,0.0,0.0,4.666666666666667,0.0,76,1,True,10,False,0,Typical mix
6.5,0.0,2.5,5.0,3.3333333333333335,0.0,0.0,62,2,True,10,False,3,Active
6.75,0.0,1.6666666666666667,0.0,2.3333333333333335,1.3333333333333333,0.0,15,2,False,6,False,1,Social
11.5,0.0,1.0,0.0,2.55,3.4166666666666665,0.0,61,2,True,8,False,0,Typical mix
5.5,0.0,1.9166666666666667,0.0,0.0,0.0,0.5,51,2,True,2,False,0,Typical mix
9.5,7.783333333333333,1.5,0.0,0.0,0.9166666666666666,0.0,27,2,False,8,False,2,Work-focused
8.133333333333333,9.333333333333334,0.8333333333333334,0.0,0.0,3.75,0.3333333333333333,65,1,False,7,False,2,Work-focused
4.5,0.0,0.5,0.0,0.0,0.0,0.0,41,2,True,9,False,2,Work-focused
10.0,0.0,1.0833333333333333,1.0,0.0,8.25,0.0,67,2,False,10,False,0,Typical mix
9.0,0.0,2.5,0.0,1.0,0.7166666666666667,0.0,26,2,True,9,False,0,Typical mix
8.0,8.833333333333334,1.0,0.0,0.0,2.3333333333333335,0.0,45,1,False,5,False,2,Work-focused
6.5,0.0,0.5,0.0,0.0,11.75,0.0,43,1,True,8,False,0,Typical mix
9.0,8.25,1.3333333333333333,0.5,0.0,0.0,0.0,31,2,False,7,False,2,Work-focused
7.666666666666667,0.0,1.5833333333333333,0.0,0.0,1.0,0.0,34,2,True,4,False,0,Typical mix
9.5,0.0,1.0,0.0,1.25,0.6666666666666666,0.0,47,2,False,10,False,0,Typical mix
11.5,0.0,0.5,0.0,0.0,10.916666666666666,0.0,74,2,True,10,False,0,Typical mix
9.166666666666666,0.0,2.5,0.0,2.75,4.5,0.0,75,1,True,5,False,1,Social
7.0,3.0,0.5,0.0,0.0,6.583333333333333,0.0,57,1,False,9,False,0,Typical mix
9.133333333333333,2.25,3.25,2.5,0.0,0.0,0.0,45,1,True,8,False,3,Active
9.5,0.0,4.5,1.0,0.0,1.6,0.0,42,2,True,7,False,0,Typical mix
6.666666666666667,8.25,1.25,0.0,0.0,1.0,0.0,52,2,False,8,False,2,Work-focused
6.25,0.0,1.35,2.75,0.3333333333333333,2.25,0.0,72,2,True,8,False,3,Active
9.5,8.216666666666667,0.5,0.0,0.0,1.5,0.75,37,2,False,8,False,2,Work-focused
8.083333333333334,0.0,1.1666666666666667,0.0,0.9166666666666666,1.5,0.0,36,2,False,7,False,0,Typical mix
7.75,0.0,0.3333333333333333,4.333333333333333,0.0,2.0,0.0,66,1,True,8,False,3,Active
11.0,0.0,0.5,0.0,0.0,6.75,4.916666666666667,50,1,True,8,False,4,Computer-leisure
8.0,0.0,2.75,0.0,4.5,5.333333333333333,0.0,68,2,True,7,False,1,Social
9.5,0.0,0.5,1.25,1.0,5.833333333333333,0.0,41,1,True,7,False,0,Typical mix
9.0,5.75,0.5,0.0,0.0,0.0,0.0,27,2,False,8,False,2,Work-focused
8.0,0.0,0.0,0.0,0.0,4.0,0.0,54,2,False,8,False,0,Typical mix
11.0,0.0,0.4166666666666667,0.0,0.0,12.583333333333334,0.0,23,1,True,5,False,0,Typical mix
5.0,0.0,1.6666666666666667,0.0,0.0,7.666666666666667,0.0,80,2,False,7,False,0,Typical mix
7.75,7.333333333333333,0.0,0.0,0.0,0.0,0.0,28,2,False,8,False,2,Work-focused
8.0,0.0,2.0,1.0,1.0,0.0,0.0,55,2,False,8,False,0,Typical mix
9.416666666666666,0.0,1.5,0.0,1.5,5.0,0.0,35,2,False,8,False,0,Typical mix
7.0,0.0,2.0,0.0,4.166666666666667,1.6166666666666667,0.0,77,2,True,4,False,1,Social
9.5,7.75,1.0,0.0,0.0,4.25,0.0,22,1,False,5,False,2,Work-focused
14.583333333333334,0.0,0.5833333333333334,0.0,0.0,1.6666666666666667,0.25,20,2,True,5,False,0,Typical mix
8.5,0.0,0.1666666666666666,0.0,1.5,9.666666666666666,0.0,71,2,True,5,False,0,Typical mix
9.0,0.0,0.5,0.0,1.0,10.6,0.0,54,2,True,1,False,0,Typical mix
7.3,8.616666666666667,0.3333333333333333,0.3333333333333333,0.0,1.1666666666666667,0.0,46,1,False,8,False,2,Work-focused
7.5,7.75,1.75,0.0,0.0,3.4166666666666665,0.6666666666666666,23,1,True,8,False,2,Work-focused
8.333333333333334,9.0,0.5833333333333334,0.0,0.0,2.3333333333333335,0.0,66,2,False,8,False,2,Work-focused
9.0,0.0,1.5,0.0,0.0,0.0,0.0,44,2,True,10,False,0,Typical mix
9.75,1.0,0.9166666666666666,0.0,0.0,2.1,0.0,50,1,True,7,False,0,Typical mix
6.85,8.916666666666666,0.3333333333333333,0.0,0.3333333333333333,0.5,0.0,52,2,False,7,False,2,Work-focused
9.0,0.0,2.5,0.0,0.0,1.1,0.0,42,2,True,7,False,0,Typical mix
10.25,1.0,1.5,0.0,0.0,1.8333333333333333,0.0,36,2,True,8,False,0,Typical mix
8.816666666666666,0.0,2.0833333333333335,2.0,1.0,1.0,0.0,15,2,False,7,False,0,Typical mix
7.666666666666667,10.5,1.25,0.0,0.0,0.0,0.0,43,2,False,7,False,2,Work-focused
8.966666666666667,0.0,1.0,2.5,4.0,1.0,0.0,41,1,True,7,False,1,Social
7.983333333333333,9.083333333333334,1.0,0.0,0.0,0.0,0.0,48,1,False,7,False,2,Work-focused
12.5,0.0,0.5,0.0,0.75,1.75,0.0,80,2,True,10,False,0,Typical mix
9.5,2.0,2.5,0.5,0.0,1.0,0.0,45,2,True,8,False,0,Typical mix
7.5,10.333333333333334,0.3333333333333333,0.7666666666666667,0.0,2.0,0.0,44,1,False,8,False,2,Work-focused
9.0,0.0,2.5,2.5,1.0,1.0,0.0,34,2,True,7,False,3,Active
12.0,0.0,1.1666666666666667,0.6666666666666666,0.0,2.5,0.0,17,1,True,8,False,0,Typical mix
9.5,8.583333333333334,0.25,0.0,0.0,0.0,0.0,61,1,True,7,False,2,Work-focused
7.0,0.0,2.8333333333333335,1.0,1.05,5.916666666666667,0.0,67,2,False,7,False,0,Typical mix
10.0,0.0,2.5,0.5,0.6666666666666666,6.95,0.0,38,2,True,7,False,0,Typical mix
9.583333333333334,0.0,1.5,0.0,1.4166666666666667,2.5,0.0,67,2,True,8,False,0,Typical mix
6.5,7.333333333333333,1.5,0.0,0.0,1.4833333333333334,0.0,50,2,False,8,False,2,Work-focused
8.0,0.0,3.25,0.0,2.0,0.9166666666666666,0.0,73,2,False,8,False,0,Typical mix
8.4,0.0,1.5,0.0,0.0,0.0,0.0,55,1,True,0,False,0,Typical mix
8.866666666666667,0.0,0.25,0.0,1.3333333333333333,1.4166666666666667,0.0833333333333333,37,2,True,8,False,0,Typical mix
9.0,0.0,0.1,0.0,0.0,0.0,0.0,85,2,False,5,False,0,Typical mix
5.266666666666667,5.75,0.0,0.0,2.0,2.0,0.0,37,2,False,4,False,2,Work-focused
8.0,11.0,0.8333333333333334,0.0,0.0,1.0,0.0,43,1,False,6,False,2,Work-focused
8.5,0.0,0.3333333333333333,0.0,0.0,3.783333333333333,0.0,85,2,True,9,False,0,Typical mix
7.0,0.0,1.5833333333333333,0.0,3.25,5.083333333333333,0.0,66,2,True,5,False,1,Social
12.0,0.0,0.0833333333333333,0.0,1.0,6.25,0.0,17,1,True,2,False,0,Typical mix
10.0,0.0,2.1666666666666665,0.0,0.5833333333333334,0.0,0.0,41,2,True,7,False,0,Typical mix
9.216666666666669,0.5,1.0,0.5,1.0,4.333333333333333,0.0,63,1,False,7,False,0,Typical mix
8.0,0.0,2.3333333333333335,0.0,1.25,4.833333333333333,0.0,63,2,True,9,False,0,Typical mix
6.583333333333333,6.583333333333333,0.5833333333333334,0.0,0.0,2.5,0.0,49,1,False,8,False,2,Work-focused
7.5,7.916666666666667,0.6666666666666666,0.0,0.0,1.3333333333333333,0.0,36,1,False,8,False,2,Work-focused
10.0,0.0,2.0,0.0,1.5,4.666666666666667,0.1666666666666666,70,1,False,8,False,0,Typical mix
5.583333333333333,0.0,0.4166666666666667,0.0,0.0,5.566666666666666,0.0,71,2,False,10,False,0,Typical mix
8.0,0.0,0.8333333333333334,1.6666666666666667,0.0,2.25,0.0,17,1,False,8,False,0,Typical mix
9.916666666666666,0.0,1.3333333333333333,0.0,0.0,1.25,0.0,69,1,True,10,False,0,Typical mix
9.75,0.0,1.3333333333333333,0.0,0.0,6.0,0.0,44,1,True,8,False,0,Typical mix
9.483333333333333,0.0,0.3,0.0,6.8,0.0,0.0,48,2,False,2,False,1,Social
7.5,4.9,0.5833333333333334,0.0,0.0,0.0,1.25,20,2,False,3,False,2,Work-focused
8.016666666666667,3.75,1.0833333333333333,0.0,0.0,3.1666666666666665,0.0,54,2,True,8,False,0,Typical mix
7.5,9.0,0.8333333333333334,0.0,0.0,3.25,0.0,57,1,False,6,False,2,Work-focused
15.0,0.0,0.5,0.0,0.0,2.3333333333333335,0.0,25,2,True,8,False,0,Typical mix
11.483333333333333,0.0,1.25,0.0,0.0,0.0,0.0,42,1,True,9,False,0,Typical mix
10.4,4.0,0.1666666666666666,0.5,0.8166666666666667,2.5,0.0,32,2,True,6,False,0,Typical mix
8.5,0.0,0.5,0.0,4.0,6.416666666666667,0.0,85,1,True,5,False,1,Social
11.583333333333334,0.0,0.4166666666666667,0.0,1.8333333333333333,0.0,0.0,44,2,True,3,False,0,Typical mix
7.0,8.25,0.5833333333333334,0.0,0.0,1.25,0.0,38,1,False,7,False,2,Work-focused
7.333333333333333,7.666666666666667,0.5,1.0,0.0,0.6666666666666666,0.0,36,1,False,8,False,2,Work-focused
9.5,1.0,2.5,1.0,0.0,3.0,0.0,39,1,True,7,False,0,Typical mix
10.5,0.0,1.0,0.0,0.0,6.0,1.5,52,1,True,8,False,0,Typical mix
7.666666666666667,0.0,1.0833333333333333,0.0,0.0,3.5,0.0,66,1,True,6,False,0,Typical mix
8.0,10.25,2.0,0.0,0.0,3.5833333333333335,0.0,48,1,True,9,False,2,Work-focused
8.216666666666667,7.75,0.4166666666666667,0.0,0.5,5.5,0.0,58,1,True,3,False,2,Work-focused
14.5,0.0,0.25,0.0,2.0,5.833333333333333,0.0,24,2,True,10,False,0,Typical mix
7.5,0.0,0.6666666666666666,0.0,1.6166666666666667,2.0,0.3333333333333333,34,2,False,8,False,0,Typical mix
10.25,0.0,0.8333333333333334,0.0,0.0,6.333333333333333,1.0,61,2,False,8,False,0,Typical mix
8.5,0.0,1.5,0.6666666666666666,0.0,1.0,0.0,59,2,True,7,False,0,Typical mix
9.416666666666666,6.833333333333333,0.5,0.0,0.1666666666666666,1.0,0.0,66,2,False,8,False,2,Work-focused
9.5,0.0,1.25,0.0,0.0,0.0,1.5,33,1,True,9,False,0,Typical mix
8.5,0.0,2.5833333333333335,1.0,0.15,0.75,0.0,16,2,False,10,False,0,Typical mix
10.416666666666666,0.0,0.5,0.0,2.4166666666666665,4.0,0.0,70,2,True,8,False,0,Typical mix
8.083333333333334,0.5833333333333334,1.0,0.0,5.25,5.016666666666667,0.0,64,1,True,7,False,1,Social
7.333333333333333,0.0,1.0333333333333334,0.0,0.0,8.05,0.0,53,1,True,7,False,0,Typical mix
10.666666666666666,5.0,0.4166666666666667,0.0,0.7,1.5,0.0,26,2,True,8,False,2,Work-focused
10.0,7.333333333333333,1.4166666666666667,0.0,0.0,0.6666666666666666,0.0,63,2,False,10,False,2,Work-focused
11.0,9.0,1.0,0.0,0.0,0.0,0.0,54,1,False,5,False,2,Work-focused
11.666666666666666,0.0,0.5,0.0,6.0,1.4166666666666667,0.0,39,2,False,2,False,1,Social
8.766666666666667,7.55,1.5833333333333333,0.0,0.0,1.8333333333333333,0.5,48,2,False,6,False,2,Work-focused
12.066666666666666,0.0,0.3333333333333333,0.0,1.0,1.0,0.0,54,2,True,5,False,0,Typical mix
7.083333333333333,0.0,7.25,0.0,0.0,3.0,0.0,23,1,True,3,False,0,Typical mix
9.5,0.0,1.0,0.0,7.166666666666667,1.75,0.0,21,1,True,5,False,1,Social
13.5,0.0,0.5,0.0,0.0,4.0,0.0,68,2,True,10,False,0,Typical mix
6.5,8.25,0.0,1.0,0.0,4.333333333333333,0.0,46,2,False,6,False,2,Work-focused
8.25,10.333333333333334,1.75,0.0,0.0,0.75,0.0,64,1,False,7,False,2,Work-focused
11.0,0.0,0.5,0.0,0.0,6.566666666666666,0.0,41,2,True,9,False,0,Typical mix
7.75,0.0,2.75,0.0,0.0833333333333333,1.6666666666666667,0.0,63,2,True,8,False,0,Typical mix
8.5,0.0,3.6666666666666665,0.0,0.0,4.916666666666667,2.5,59,1,False,3,False,4,Computer-leisure
5.5,0.0,0.0,0.0,0.0,16.25,2.0,65,1,True,3,False,0,Typical mix
7.5,1.0,0.5,0.5,1.0,1.1666666666666667,0.0,54,2,False,7,False,0,Typical mix
10.0,0.0,1.5166666666666666,0.0,0.0,4.0,0.0,71,2,False,9,False,0,Typical mix
7.416666666666667,6.333333333333333,0.25,0.0,2.0,0.75,0.0,51,2,False,7,False,2,Work-focused
6.5,12.666666666666666,0.5,0.0,0.5833333333333334,0.1666666666666666,0.0,28,2,False,5,False,2,Work-focused
6.0,7.75,2.6666666666666665,0.0,0.0,4.833333333333333,0.0,62,1,False,7,False,2,Work-focused
9.5,0.5,2.0,4.0,0.0,2.0,0.0,55,1,True,7,False,3,Active
11.066666666666666,0.0,1.5,0.0,0.0,3.25,0.0,32,2,True,2,False,0,Typical mix
7.25,5.916666666666667,1.3,0.0,1.2166666666666666,2.05,0.0,65,2,False,5,False,2,Work-focused
9.0,0.0,0.8333333333333334,0.0,0.0,7.916666666666667,0.0,76,2,False,5,False,0,Typical mix
13.25,0.0,2.0,0.0,0.0,0.0,0.0,50,1,False,7,False,0,Typical mix
10.5,0.0,0.3333333333333333,2.0,0.0,4.333333333333333,0.0,34,1,True,5,False,0,Typical mix
10.116666666666667,0.0,0.8666666666666667,0.0,0.0,7.583333333333333,0.0,67,2,True,5,False,0,Typical mix
8.5,0.0,0.4166666666666667,0.0,0.0,6.166666666666667,0.0,44,1,False,6,False,0,Typical mix
7.5,8.0,1.25,0.0,0.0,2.9166666666666665,0.0,66,1,False,9,False,2,Work-focused
8.0,0.0,0.0,0.0,3.8333333333333335,7.666666666666667,0.0,73,2,True,10,False,1,Social
11.0,0.0,0.8333333333333334,0.0,0.0,2.1666666666666665,0.0,85,2,True,10,False,0,Typical mix
13.5,0.0,1.0,0.0,3.0,1.3333333333333333,0.0,48,2,False,6,False,1,Social
8.166666666666666,2.5,0.6666666666666666,5.166666666666667,0.0,1.0,0.0,62,1,True,7,False,3,Active
9.5,0.0,1.0,0.0,0.0,3.1666666666666665,0.0,77,2,False,10,False,0,Typical mix
6.25,0.0,1.75,0.0,8.0,2.0,0.0,56,1,True,3,False,1,Social
7.5,0.0,0.5,0.5,0.0,2.0,0.0,44,2,True,5,False,0,Typical mix
6.5,10.166666666666666,1.0,0.0,0.0,0.0,0.0,40,1,False,8,False,2,Work-focused
7.0,0.0,2.25,0.0,1.6166666666666667,1.0,0.0,60,2,False,8,False,0,Typical mix
9.5,0.0,2.0,0.0,0.0,4.666666666666667,0.0,80,2,False,9,False,0,Typical mix
9.666666666666666,0.0,1.5,0.0,0.0,6.75,0.0,51,2,True,3,False,0,Typical mix
6.5,6.216666666666667,1.8333333333333333,0.5833333333333334,0.0,0.5,0.0,46,2,False,8,False,2,Work-focused
16.5,0.0,1.5,0.0,0.0,1.5,0.0,38,2,True,8,False,0,Typical mix
9.0,0.0,0.5833333333333334,0.0,6.55,2.5,0.0,35,2,True,9,False,1,Social
7.0,0.0,2.1666666666666665,0.0,7.333333333333333,4.0,0.0,77,2,True,10,False,1,Social
4.5,0.0,1.4666666666666666,0.75,2.4166666666666665,3.466666666666667,0.0,25,1,True,6,False,1,Social
11.0,0.0,1.0,0.0,0.0,6.25,0.0,21,2,False,10,False,0,Typical mix
4.0,0.0,0.5,1.5,0.0,14.833333333333334,0.0,65,2,True,10,False,0,Typical mix
8.75,5.416666666666667,1.0833333333333333,0.0,1.9166666666666667,2.9166666666666665,0.0,59,1,False,9,False,2,Work-focused
11.333333333333334,0.0,2.6666666666666665,0.0,0.0,4.5,0.0,85,1,True,10,False,0,Typical mix
6.75,7.333333333333333,0.8333333333333334,0.0,0.0,2.3333333333333335,0.0,80,1,False,5,False,2,Work-focused
9.333333333333334,0.0,0.3333333333333333,0.0,0.0,2.3333333333333335,0.0,15,1,False,9,False,0,Typical mix
6.0,10.25,1.4166666666666667,0.0,0.3333333333333333,4.416666666666667,0.25,28,1,True,7,False,2,Work-focused
10.633333333333333,1.15,2.0833333333333335,0.5,1.5,0.0,0.0,69,1,True,8,False,0,Typical mix
9.666666666666666,0.0,2.1666666666666665,0.0,4.166666666666667,0.0,0.0,47,2,True,8,False,1,Social
6.25,12.083333333333334,0.5833333333333334,1.0,1.6666666666666667,0.75,0.0,55,1,False,10,False,2,Work-focused
10.5,5.166666666666667,0.5,0.0,1.0,3.1333333333333333,0.0,31,2,True,5,False,0,Typical mix
8.166666666666666,9.666666666666666,0.75,0.0,1.5,1.1666666666666667,0.0,56,2,False,7,False,2,Work-focused
9.7,0.0,3.0833333333333335,0.0,0.4833333333333333,0.0,0.0,52,1,True,5,False,0,Typical mix
10.5,0.0,0.75,0.0,0.0,0.0,0.0,80,1,True,5,False,0,Typical mix
7.5,0.0,4.0,0.0,0.0,7.0,0.0,62,1,True,8,False,0,Typical mix
6.666666666666667,8.416666666666666,1.8333333333333333,0.0,0.0,1.5,0.0,49,2,False,10,False,2,Work-focused
7.833333333333333,8.066666666666666,1.6,0.0,0.5,3.75,0.0,57,2,False,10,False,2,Work-focused
7.833333333333333,6.5,0.5,0.0,3.0,2.6666666666666665,0.5,40,1,False,7,False,1,Social
7.5,8.666666666666666,0.6666666666666666,0.0,0.0,1.8333333333333333,0.0,56,2,True,5,False,2,Work-focused
7.5,9.666666666666666,2.0,1.0,0.0,1.6666666666666667,0.0,48,2,False,5,False,2,Work-focused
10.0,0.0,0.6666666666666666,0.0,0.0,4.25,0.0,24,1,True,8,False,0,Typical mix
9.666666666666666,0.0,0.6666666666666666,0.0,0.0,7.166666666666667,0.0,21,1,True,7,False,0,Typical mix
12.5,0.0,2.0,0.0,0.0,4.0,0.0,23,2,True,7,False,0,Typical mix
11.516666666666667,0.0,0.25,0.0,0.0,12.233333333333333,0.0,52,1,False,7,False,0,Typical mix
9.166666666666666,0.0,1.25,0.0,0.0,3.0,0.0,43,1,False,6,False,0,Typical mix
9.333333333333334,7.416666666666667,0.3333333333333333,0.0,0.0,0.5,0.0833333333333333,24,1,True,8,False,2,Work-focused
7.0,13.083333333333334,0.75,0.0,0.0,0.0,0.0,59,1,False,10,False,2,Work-focused
9.8,0.0,1.0,0.0,4.666666666666667,2.75,0.0,18,2,True,6,False,1,Social
10.0,0.0,0.5,0.0,0.0,13.5,0.0,59,1,True,8,False,0,Typical mix
9.0,0.0,0.1666666666666666,0.0,0.0,0.0,0.0,41,2,True,8,False,0,Typical mix
10.0,0.0,1.3333333333333333,0.0,1.0,1.0,0.0,47,2,False,10,False,0,Typical mix
9.333333333333334,10.5,0.5,0.0,0.0,1.5,0.0,18,2,True,4,False,2,Work-focused
8.0,0.0,3.3333333333333335,0.0,0.0,1.8333333333333333,0.0,56,2,True,6,False,0,Typical mix
6.5,8.583333333333334,1.75,0.0,0.0,5.0,0.0,48,1,False,9,False,2,Work-focused
4.833333333333333,7.666666666666667,0.75,0.0,1.25,1.0833333333333333,0.0,38,2,False,7,False,2,Work-focused
6.0,0.0,1.0,0.0,0.0,6.0,0.0,51,2,False,9,False,0,Typical mix
7.5,7.416666666666667,0.4166666666666667,0.0,0.25,0.8333333333333334,0.0,36,1,False,7,False,2,Work-focused
7.25,10.0,0.5,0.0,0.0,0.0,0.75,41,2,False,7,False,2,Work-focused
10.166666666666666,6.0,1.25,0.0,1.0,2.1666666666666665,0.5,52,2,False,6,False,2,Work-focused
10.5,0.0,3.3333333333333335,1.0,3.5833333333333335,1.5,0.0,41,1,True,5,False,1,Social
10.5,0.0,0.25,0.0,0.0,4.5,0.0,65,2,False,7,False,0,Typical mix
7.5,0.0,1.0833333333333333,4.0,2.6666666666666665,0.0,0.0,48,2,False,8,False,3,Active
7.0,7.5,0.8333333333333334,0.0,0.0,1.5833333333333333,0.0,44,2,True,6,False,2,Work-focused
9.0,0.0,1.8833333333333333,0.0,0.7333333333333333,1.25,0.0,36,2,True,8,False,0,Typical mix
8.0,9.0,0.3333333333333333,0.0,0.0,1.0,0.0,49,2,True,5,False,2,Work-focused
9.0,0.0,0.6666666666666666,0.0,3.9166666666666665,3.0,0.0,41,1,True,7,False,1,Social
10.5,0.0,2.4166666666666665,0.0,0.5,2.3333333333333335,0.0,57,1,True,6,False,0,Typical mix
9.0,0.0,3.0,0.0,3.0,2.3333333333333335,0.0,52,1,False,5,False,1,Social
5.5,0.0,1.0,0.0,0.3333333333333333,3.9166666666666665,0.0,29,1,False,8,False,0,Typical mix
8.0,12.0,2.0,0.0,0.0,1.0,0.0,60,1,True,9,False,2,Work-focused
6.35,9.0,2.5,0.0,0.25,0.0,0.0,55,2,True,10,False,2,Work-focused
11.0,0.0,0.8333333333333334,0.0,0.0,4.5,0.0,51,1,True,8,False,0,Typical mix
9.0,0.0,0.5,0.0,0.0,12.416666666666666,0.0,51,1,False,10,False,0,Typical mix
15.566666666666666,0.0,0.6666666666666666,0.0,0.0,0.0,0.0,48,2,True,10,False,0,Typical mix
8.0,0.0,0.25,0.0,0.8333333333333334,1.0,0.0,31,2,False,10,False,0,Typical mix
10.75,0.0,2.0,0.0,0.0,3.0,0.0,41,2,True,8,False,0,Typical mix
8.75,9.75,0.75,0.0,0.0,0.0,0.0,52,1,False,6,False,2,Work-focused
12.5,0.0,0.5,0.0,0.0,5.25,0.0,32,2,True,4,False,0,Typical mix
7.75,3.9166666666666665,1.0,1.0,0.0,0.0,0.0,18,1,False,6,False,2,Work-focused
10.666666666666666,0.0,2.25,0.3333333333333333,0.0,0.0,0.0,80,1,False,3,False,0,Typical mix
7.5,0.0,1.4833333333333334,0.0,0.0,2.5,0.0,42,2,False,10,False,0,Typical mix
7.5,4.0,0.3333333333333333,0.0,0.0,10.166666666666666,0.0,39,2,True,10,False,0,Typical mix
8.75,8.25,1.0,0.0,0.0,0.0,0.0,33,2,True,5,False,2,Work-focused
7.083333333333333,9.0,1.1666666666666667,0.0,0.0,1.0,0.0,32,1,False,10,False,2,Work-focused
11.0,0.0,0.3333333333333333,0.0,5.233333333333333,0.4833333333333333,0.0,62,2,True,7,False,1,Social
10.833333333333334,0.0,2.1666666666666665,0.0,0.0,1.0,0.0,18,2,True,10,False,0,Typical mix
11.5,0.0,3.0,0.0,4.333333333333333,0.0,0.0,35,2,True,9,False,1,Social
9.916666666666666,0.0,0.5,0.0,0.0,5.916666666666667,0.0,48,1,True,5,False,0,Typical mix
7.0,9.75,0.5,0.0,0.0,0.75,1.0,45,1,False,8,False,2,Work-focused
5.0,0.0,2.0,0.0,2.0,9.0,0.0,60,2,True,10,False,0,Typical mix
14.566666666666666,0.0,0.6666666666666666,0.0,0.0,4.566666666666666,1.0,39,1,True,6,False,0,Typical mix
11.133333333333333,2.966666666666667,1.5,0.0,0.0,4.0,2.0,29,1,True,10,False,0,Typical mix
5.25,11.516666666666667,1.75,0.0,0.0,2.466666666666667,0.0,65,1,True,10,False,2,Work-focused
6.25,7.133333333333334,2.1666666666666665,0.0,0.5,1.1666666666666667,0.0,47,2,False,9,False,2,Work-focused
7.0,7.666666666666667,0.5,0.0,0.0,0.0,1.0,63,2,False,8,False,2,Work-focused
8.316666666666666,8.166666666666666,0.1666666666666666,0.0,0.0,0.0,0.0,42,1,False,10,False,2,Work-focused
10.666666666666666,0.0,1.6666666666666667,0.0,2.5,4.183333333333334,0.0,30,1,True,8,False,0,Typical mix
8.683333333333334,0.0,2.05,0.0,1.2,0.5,0.0,31,1,True,8,False,0,Typical mix
10.5,0.0,1.0,0.0,0.0,0.5,4.083333333333333,34,1,True,6,False,4,Computer-leisure
8.883333333333333,5.05,0.5,0.0,0.5833333333333334,2.0,0.0,48,2,False,9,False,2,Work-focused
4.833333333333333,0.0,1.25,11.833333333333334,0.0,1.9166666666666667,0.0,43,1,True,8,False,3,Active
7.566666666666666,9.0,1.3333333333333333,0.0,1.0,0.0,0.0,54,2,False,8,False,2,Work-focused
6.583333333333333,13.25,1.5,0.0,0.0,0.0,0.0,49,1,False,5,False,2,Work-focused
6.833333333333333,8.666666666666666,1.6666666666666667,2.5,0.0,0.0,0.0,33,2,False,8,False,2,Work-focused
11.0,0.0,1.3333333333333333,0.0,2.0,3.1666666666666665,0.0,55,2,False,5,False,0,Typical mix
8.1,0.0,0.8833333333333333,0.0,0.1833333333333333,0.0,0.0,54,2,False,7,False,0,Typical mix
6.083333333333333,7.666666666666667,1.5,0.0,0.0,1.0,0.0,53,2,True,8,False,2,Work-focused
9.0,0.0,10.0,0.0,0.0,1.0,0.0,26,2,True,5,False,0,Typical mix
10.25,0.0,0.0,0.0,0.0,0.0,0.0,21,2,True,9,False,0,Typical mix
9.5,0.0,3.0,0.0,5.0,0.0,0.0,80,2,True,10,False,1,Social
9.966666666666669,7.55,0.8333333333333334,0.0,0.25,2.0,0.0,50,1,False,6,False,2,Work-focused
7.333333333333333,9.666666666666666,1.25,0.0,0.0,1.8333333333333333,0.0,61,1,False,7,False,2,Work-focused
9.05,0.0,0.4166666666666667,1.65,0.0833333333333333,2.4166666666666665,0.0,40,1,True,6,False,0,Typical mix
13.0,0.0,0.5,4.0,0.0,4.0,0.0,16,1,True,2,False,3,Active
4.0,0.0,1.0,1.5,2.0,6.55,0.0,35,2,True,8,False,0,Typical mix
12.333333333333334,0.0,0.5,0.0,0.75,2.0,0.0,46,2,True,10,False,0,Typical mix
9.383333333333333,0.0,0.2,0.0,0.5,4.083333333333333,1.9166666666666667,64,1,False,5,False,0,Typical mix
8.3,7.933333333333334,1.0,0.0,0.0,0.0,0.0,45,2,False,5,False,2,Work-focused
7.5,4.783333333333333,1.3333333333333333,0.0,2.0,1.75,0.0,50,2,False,7,False,2,Work-focused
7.083333333333333,0.0,1.0,0.0,5.0,4.333333333333333,0.0,52,2,False,8,False,1,Social
10.416666666666666,0.0,0.25,0.0,0.3333333333333333,3.5833333333333335,0.0,33,2,True,7,False,0,Typical mix
11.166666666666666,0.0,0.1333333333333333,0.0,0.0,6.45,0.0,50,2,False,6,False,0,Typical mix
7.0,7.633333333333334,1.75,0.0,0.0,4.75,0.0,37,1,True,8,False,2,Work-focused
10.75,4.0,1.0,0.0,0.0,3.5,0.0,21,2,False,5,False,0,Typical mix
6.166666666666667,10.0,1.0,0.0,2.0,1.3333333333333333,0.0,34,1,False,10,False,2,Work-focused
11.0,0.0,0.3333333333333333,0.0,0.0,11.666666666666666,0.0,85,2,False,10,False,0,Typical mix
10.5,0.0,0.0,0.0,3.0,6.666666666666667,0.0,21,2,False,9,False,1,Social
6.25,0.0,0.5833333333333334,0.0,0.0,0.0,0.0,80,2,False,10,False,0,Typical mix
11.5,0.0,1.0,0.0,0.0,1.5,0.0,38,2,True,5,False,0,Typical mix
7.5,0.0,1.25,0.0,2.8333333333333335,11.083333333333334,0.0,57,2,False,10,False,0,Typical mix
11.183333333333334,0.0,0.0833333333333333,0.0,5.8,0.0,1.0,39,2,False,3,False,1,Social
6.25,0.0,0.1666666666666666,4.0,2.8333333333333335,1.6666666666666667,0.0,17,2,False,6,False,3,Active
7.0,0.0,1.5,3.0,0.0,6.0,0.0,61,1,False,3,False,3,Active
8.366666666666667,4.0,0.1666666666666666,3.0,0.0,2.0,0.0,25,1,False,5,False,3,Active
8.5,0.0,1.0,0.5,0.75,0.0,0.3333333333333333,35,2,False,8,False,0,Typical mix
5.25,0.0,0.5,0.0,0.0,4.0,0.75,58,2,True,6,False,0,Typical mix
8.0,0.0,0.0166666666666666,0.0,0.0,7.4,3.0,18,1,False,9,False,4,Computer-leisure
8.5,0.0,1.5,0.0,0.0,1.5,0.0,25,2,True,7,False,0,Typical mix
11.5,0.0,1.6666666666666667,0.0,0.0,2.5,0.0,29,2,False,4,False,0,Typical mix
6.833333333333333,7.916666666666667,0.25,2.5833333333333335,0.0,3.25,0.0,63,2,False,9,False,2,Work-focused
6.0,0.0,1.0,0.0,0.0,10.5,0.0,54,2,False,6,False,0,Typical mix
11.75,0.0,1.5,0.0,0.0,7.666666666666667,0.0,61,1,False,4,False,0,Typical mix
5.0,12.0,0.25,0.0,0.0,1.75,0.0,60,2,False,10,False,2,Work-focused
6.0,9.25,2.0,0.0,0.0,0.0,0.0,32,1,False,9,False,2,Work-focused
9.0,0.0,1.1666666666666667,0.0,0.25,0.5,0.0,18,1,False,10,False,0,Typical mix
8.5,5.416666666666667,0.3333333333333333,0.0,1.25,1.0,0.0,21,2,False,7,False,2,Work-focused
8.666666666666666,8.333333333333334,2.0833333333333335,2.0,0.6666666666666666,1.0,0.0,40,1,False,8,False,2,Work-focused
12.5,0.0,1.0,0.0,0.0,3.5,0.0,85,2,True,8,False,0,Typical mix
6.0,8.5,2.0,0.0,0.6666666666666666,1.6666666666666667,0.0,65,1,False,7,False,2,Work-focused
6.916666666666667,0.0,0.0,3.5,2.283333333333333,0.65,0.0,25,1,True,9,False,3,Active
6.0,0.0,1.1333333333333333,0.0,2.25,1.0,0.0,46,2,True,8,False,1,Social
9.5,0.0,1.1666666666666667,0.0,0.8333333333333334,6.083333333333333,0.0,34,1,False,1,False,0,Typical mix
6.0,10.166666666666666,0.5,0.0,0.0,2.75,0.0,56,1,False,5,False,2,Work-focused
6.0,8.0,0.25,0.0,0.0833333333333333,2.5,1.5,44,1,False,7,False,2,Work-focused
14.666666666666666,0.0,0.25,0.0,0.0,8.583333333333334,0.0,15,2,True,8,False,0,Typical mix
15.666666666666666,0.0,1.0,1.0,0.0,2.0,0.0,17,2,True,10,False,0,Typical mix
8.0,0.0,0.75,0.0,0.0,9.15,0.0,43,1,True,8,False,0,Typical mix
11.5,0.0,1.0,0.0,0.1666666666666666,0.0,0.0,65,1,False,6,False,0,Typical mix
8.083333333333334,2.45,1.9166666666666667,0.75,0.0,1.75,0.0,62,2,False,8,False,0,Typical mix
7.5,10.666666666666666,1.75,0.0,0.3333333333333333,0.0,0.0,43,2,False,5,False,2,Work-focused
11.0,3.65,1.5833333333333333,0.0,0.0,2.0833333333333335,0.0,52,2,False,7,False,0,Typical mix
11.0,0.0,4.5,0.0,0.0,1.5,0.0,23,1,True,6,False,0,Typical mix
8.0,10.5,1.25,0.0,0.0,0.0,0.0,61,1,False,9,False,2,Work-focused
11.166666666666666,0.0,0.5,0.0,0.0,0.0,0.0,30,2,False,5,False,0,Typical mix
8.416666666666666,0.0,0.3333333333333333,0.0,0.0,0.0,0.0,16,1,False,7,False,0,Typical mix
8.833333333333334,7.5,1.25,0.0,0.1666666666666666,1.0833333333333333,0.75,56,2,False,8,False,2,Work-focused
8.0,0.0,0.75,0.0,1.8333333333333333,4.25,0.0,69,2,True,5,False,0,Typical mix
10.833333333333334,0.0,2.5,0.0,0.0,3.5,1.0,28,2,True,7,False,0,Typical mix
12.0,0.0,0.5,0.0,0.0,10.5,0.0,61,1,True,5,False,0,Typical mix
10.0,0.0,0.75,1.0,2.75,3.75,0.0,21,2,True,10,False,1,Social
9.15,0.0,1.5833333333333333,2.5,1.1666666666666667,2.8333333333333335,0.0,77,1,True,6,False,3,Active
8.166666666666666,8.3,1.1,0.0,0.25,2.2333333333333334,1.0,43,1,False,5,False,2,Work-focused
10.5,0.0,1.0,4.0,0.0,2.0,0.0,18,1,False,7,False,3,Active
10.25,0.0,1.5,0.0,1.0,1.0,0.0,69,2,False,6,False,0,Typical mix
11.0,0.0,0.8333333333333334,0.0,3.0,3.1666666666666665,0.0,34,1,True,4,False,1,Social
8.5,0.0,1.4166666666666667,0.0,0.0,0.5,0.0,47,1,True,6,False,0,Typical mix
6.0,0.0,1.0,0.75,2.0833333333333335,4.416666666666667,0.0,76,1,True,9,False,0,Typical mix
9.0,0.0,1.75,0.0,0.0,3.75,0.0,80,2,False,7,False,0,Typical mix
9.0,10.5,0.5,0.0,0.0,2.0,0.0,40,1,True,7,False,2,Work-focused
10.433333333333334,0.0,0.5833333333333334,1.5,1.0,1.0,0.0,65,2,False,9,False,0,Typical mix
10.0,0.0,0.8333333333333334,0.0,0.0,8.25,0.0,57,1,False,5,False,0,Typical mix
6.333333333333333,0.0,1.25,0.0,0.0,1.5,0.0,33,2,False,5,False,0,Typical mix
10.083333333333334,2.0,1.0,1.0,2.0,0.0,0.0,36,2,False,6,False,0,Typical mix
7.416666666666667,12.833333333333334,0.4166666666666667,0.7333333333333333,0.0,0.2333333333333333,0.3333333333333333,42,1,False,8,False,2,Work-focused
8.083333333333334,8.333333333333334,1.0,0.0,0.0,0.0,0.0,30,2,False,7,False,2,Work-focused
8.166666666666666,8.25,1.25,0.0,0.0,0.0,0.0,32,1,False,7,False,2,Work-focused
11.0,0.0,2.0,0.0,1.0,2.8333333333333335,0.0,74,2,True,8,False,0,Typical mix
10.916666666666666,4.25,0.1666666666666666,0.0,1.3333333333333333,2.8,0.0,31,2,False,8,False,0,Typical mix
7.083333333333333,7.333333333333333,1.25,0.0,0.8333333333333334,0.0,0.0,38,2,False,8,False,2,Work-focused
9.5,0.0,0.5,0.0,1.0,1.25,0.0,58,2,True,5,False,0,Typical mix
11.066666666666666,0.0,0.75,0.0,2.8,1.0,0.0,17,1,True,4,False,1,Social
8.833333333333334,5.95,0.9166666666666666,0.5,0.45,0.0,0.0,52,2,True,8,False,2,Work-focused
4.0,7.666666666666667,1.9166666666666667,0.0,0.0,2.466666666666667,0.0,31,2,False,7,False,2,Work-focused
8.75,0.0,0.8333333333333334,0.0,0.8333333333333334,1.0,0.0,36,2,True,8,False,0,Typical mix
11.5,8.0,0.4166666666666667,0.0,0.0,1.75,2.0,48,1,False,9,False,2,Work-focused
10.5,0.0,1.6666666666666667,0.0,0.0,6.6,0.0,68,1,False,10,False,0,Typical mix
9.5,0.0,1.75,0.0,2.4,1.0,0.0,62,2,False,8,False,1,Social
6.5,9.333333333333334,0.5833333333333334,3.0,0.0,2.6333333333333333,0.0,62,2,False,8,False,3,Active
7.5,1.9166666666666667,1.75,3.0,0.0,4.416666666666667,0.0,55,2,True,6,False,3,Active
15.5,0.0,1.0,0.0,0.0,2.0,0.0,61,2,False,7,False,0,Typical mix
8.0,0.0,0.6666666666666666,0.0,0.5833333333333334,5.516666666666667,0.0,69,2,True,8,False,0,Typical mix
7.5,0.0,1.0833333333333333,0.0,0.0,6.666666666666667,0.0,22,1,True,3,False,0,Typical mix
13.0,0.0,0.0833333333333333,0.0,0.0,9.916666666666666,0.0,60,2,True,5,False,0,Typical mix
7.0,12.083333333333334,1.0,1.0,0.0,1.75,0.5,28,1,False,8,False,2,Work-focused
13.0,0.0,0.5,0.0,0.0,7.583333333333333,0.0,32,1,True,5,False,0,Typical mix
8.75,0.0,2.25,0.0,0.0,0.0,6.25,58,2,True,8,False,4,Computer-leisure
10.0,0.0,0.3333333333333333,0.0,5.25,2.3333333333333335,0.0,40,2,True,5,False,1,Social
6.75,8.933333333333334,1.0,0.0,0.0,2.25,0.0,36,2,False,8,False,2,Work-focused
10.466666666666669,0.0,0.0,0.0,0.0,5.083333333333333,0.0,40,1,True,9,False,0,Typical mix
7.5,0.6666666666666666,2.25,0.0,4.5,0.0,0.0,55,1,True,5,False,1,Social
9.0,0.0,1.5,0.0,2.0,3.216666666666667,0.0,53,2,True,5,False,0,Typical mix
7.1,0.0,0.5833333333333334,0.0,0.0,2.0,0.0,64,2,False,10,False,0,Typical mix
6.5,12.716666666666669,0.6666666666666666,0.0,0.0,0.0,0.0,35,1,False,7,False,2,Work-focused
7.5,0.0,0.0,0.0,0.0,5.4,0.0,38,1,True,5,False,0,Typical mix
8.5,6.25,0.5,0.0,0.0,4.083333333333333,0.0,50,1,False,8,False,2,Work-focused
6.5,1.0,1.5,0.0,7.0,0.0,0.0,63,1,True,9,False,1,Social
8.0,0.0,0.75,0.0,0.0,3.0,0.0,66,2,True,7,False,0,Typical mix
6.333333333333333,0.0,0.5,0.0,0.0,9.75,0.5,23,2,False,6,False,0,Typical mix
8.5,0.0,1.0,0.0,1.5,6.25,0.0,50,2,True,4,False,0,Typical mix
7.0,0.0,2.25,1.8333333333333333,1.0,2.25,0.0,85,2,False,10,False,0,Typical mix
10.0,0.0,0.3333333333333333,0.0,3.5,5.916666666666667,0.0,85,2,False,8,False,1,Social
6.666666666666667,8.583333333333334,1.75,0.25,1.5,1.8166666666666669,0.0,59,2,False,9,False,2,Work-focused
7.5,0.0,1.0,0.0,0.5,3.3333333333333335,2.5,54,2,False,1,False,4,Computer-leisure
9.5,0.0,0.5,0.0,0.0,4.216666666666667,0.8333333333333334,17,2,False,5,False,0,Typical mix
9.5,5.766666666666667,0.5833333333333334,0.0,0.0,2.3333333333333335,1.5,56,2,True,8,False,2,Work-focused
8.5,0.0,1.3333333333333333,0.0,2.5833333333333335,5.716666666666667,0.0,78,1,False,5,False,0,Typical mix
9.0,0.0,2.25,0.0,0.25,2.5,0.0,51,2,True,7,False,0,Typical mix
7.616666666666666,1.0,1.0,0.0,0.5,0.5,0.0,39,1,True,10,False,0,Typical mix
7.0,0.0,1.4166666666666667,1.5,0.0,0.9166666666666666,0.3333333333333333,31,2,False,3,False,0,Typical mix
7.0,4.0,1.75,0.0,0.0,4.5,0.0,32,1,True,7,False,0,Typical mix
12.833333333333334,0.0,1.5,2.6666666666666665,0.5,0.0,0.75,16,2,True,10,False,3,Active
6.916666666666667,14.0,0.0,0.0,0.0,0.5,0.0,27,2,True,5,False,2,Work-focused
9.0,7.683333333333334,0.25,0.0,0.25,1.0,3.75,46,2,False,10,False,4,Computer-leisure
8.0,0.0,0.5,0.0,0.0,8.916666666666666,0.0,28,1,False,5,False,0,Typical mix
5.5,8.75,1.6666666666666667,0.0,2.5833333333333335,0.0,0.0,41,2,False,6,False,2,Work-focused
10.0,0.0,0.3333333333333333,0.0,0.0,8.083333333333334,0.0,75,2,False,4,False,0,Typical mix
8.0,7.75,0.0,0.0,2.75,0.0,0.0,55,1,False,8,False,2,Work-focused
6.5,0.0,1.4166666666666667,0.0,0.5,4.333333333333333,0.0,70,2,False,8,False,0,Typical mix
6.0,7.5,0.1666666666666666,0.0,3.6666666666666665,0.0,0.5,19,2,True,8,False,1,Social
7.25,9.666666666666666,1.0,0.0,0.0,2.8333333333333335,0.0,39,2,True,6,False,2,Work-focused
5.35,9.75,1.5,0.0,1.4166666666666667,0.0,0.0,46,1,False,4,False,2,Work-focused
7.166666666666667,8.966666666666667,1.0,0.0,0.0,0.0,0.0,31,2,False,5,False,2,Work-focused
7.25,0.0,2.5,0.0,0.0,2.4166666666666665,0.0,15,2,False,8,False,0,Typical mix
6.75,0.0,0.3333333333333333,0.0,0.1666666666666666,3.3333333333333335,0.0,44,2,True,10,False,0,Typical mix
7.25,6.666666666666667,0.8333333333333334,0.0,0.0,1.1666666666666667,1.3333333333333333,58,1,False,4,False,2,Work-focused
7.0,6.75,2.0,1.25,0.0,0.0,0.0,37,2,False,8,False,2,Work-focused
7.333333333333333,0.0,1.0833333333333333,0.0,0.0,3.4166666666666665,0.0,58,1,False,9,False,0,Typical mix
0.0,0.0,0.0166666666666666,0.0,0.0,11.983333333333333,0.0,24,1,True,0,False,0,Typical mix
11.0,0.0,0.5,0.0,0.0,3.5,0.0,57,1,False,5,False,0,Typical mix
7.5,8.166666666666666,0.5833333333333334,0.0,0.0,0.0,0.0,39,2,False,6,False,2,Work-focused
8.5,11.5,0.0,0.0,0.0,0.0,0.0,49,1,True,8,False,2,Work-focused
10.0,0.0,2.25,0.0,0.0,0.0,0.0,25,2,True,5,False,0,Typical mix
6.5,9.0,1.5,0.0,0.0,3.5,0.0,40,1,False,7,False,2,Work-focused
13.583333333333334,0.0,0.9166666666666666,0.0,0.0,0.0,0.0,15,1,True,7,False,0,Typical mix
7.25,0.0,2.0833333333333335,0.0,0.0,1.9166666666666667,0.0,34,2,False,8,False,0,Typical mix
11.5,0.0,0.3333333333333333,0.0,0.0,5.0,0.0,55,2,True,3,False,0,Typical mix
7.0,0.0,1.0,0.0,0.0,3.75,0.0,32,2,False,8,False,0,Typical mix
9.166666666666666,0.0,1.6666666666666667,0.0,1.5,3.933333333333333,0.5,56,1,True,7,False,0,Typical mix
9.5,0.0,0.3333333333333333,1.6666666666666667,2.4166666666666665,6.583333333333333,0.0,80,1,False,5,False,0,Typical mix
8.5,5.833333333333333,0.5,1.0,0.8333333333333334,0.75,0.0,40,2,False,8,False,2,Work-focused
9.0,0.0,1.0,0.0,0.0,5.0,0.0,65,1,True,9,False,0,Typical mix
10.0,0.0,1.5,0.0,0.0,4.833333333333333,0.0,68,1,True,7,False,0,Typical mix
12.833333333333334,0.0,0.5,0.0,0.0,2.0,0.0,58,2,True,10,False,0,Typical mix
7.0,0.0,0.5833333333333334,0.0,1.4166666666666667,1.9166666666666667,0.0,15,2,False,7,False,0,Typical mix
7.25,0.0,1.25,0.0,0.0,2.0,0.0,47,1,True,10,False,0,Typical mix
8.0,0.0,1.5833333333333333,0.0,0.0,2.966666666666667,0.0,29,2,False,6,False,0,Typical mix
12.0,0.0,0.25,0.0,0.0,11.666666666666666,0.0,71,2,True,10,False,0,Typical mix
8.5,0.0,1.9166666666666667,0.0,0.0,0.0,1.75,56,2,True,10,False,0,Typical mix
7.5,2.5833333333333335,1.5,0.0,0.0,2.5,0.0,36,1,True,8,False,0,Typical mix
8.2,0.0,2.0833333333333335,0.5,0.0,0.0,0.0,58,2,False,9,False,0,Typical mix
10.166666666666666,0.0,1.1666666666666667,1.5,0.0,4.0,0.0,16,1,True,8,False,0,Typical mix
13.0,0.0,1.0,0.0,0.0,1.8333333333333333,0.0,18,2,True,7,False,0,Typical mix
4.166666666666667,7.666666666666667,1.0833333333333333,0.0,2.0833333333333335,2.4166666666666665,0.0,27,1,True,8,False,2,Work-focused
6.916666666666667,0.0,2.683333333333333,1.0,0.0,2.0,0.0,61,2,False,10,False,0,Typical mix
5.5,8.583333333333334,2.1666666666666665,0.0,0.5,4.166666666666667,0.0,32,1,False,4,False,2,Work-focused
10.716666666666669,0.0,1.3333333333333333,5.25,0.0,0.75,1.0,18,1,False,7,False,3,Active
11.0,0.0,0.75,0.0,0.0,4.166666666666667,0.0,75,2,True,8,False,0,Typical mix
6.516666666666667,0.0,1.0,1.0,2.9166666666666665,8.95,0.0,79,1,False,10,False,1,Social
11.5,1.0,1.6666666666666667,0.0,0.0,5.333333333333333,0.0,47,1,True,10,False,0,Typical mix
13.75,0.0,0.25,0.0,0.0,5.5,0.0,73,2,False,5,False,0,Typical mix
7.133333333333334,7.916666666666667,1.0,0.0,0.0,3.0,0.0,62,2,False,10,False,2,Work-focused
6.833333333333333,10.5,1.6666666666666667,0.0,2.75,0.3333333333333333,0.0,53,1,False,7,False,2,Work-focused
7.0,8.066666666666666,0.2,0.0,0.0,2.466666666666667,0.0,36,2,False,6,False,2,Work-focused
7.25,8.033333333333333,2.1666666666666665,0.0,0.6166666666666667,1.0,0.0,32,1,False,5,False,2,Work-focused
8.0,0.0,0.5,1.1666666666666667,0.0,0.0,0.0,37,2,False,9,False,0,Typical mix
8.333333333333334,0.0,1.1666666666666667,0.0,0.0,3.5,0.0,42,1,False,7,False,0,Typical mix
7.916666666666667,0.0,1.25,0.0,0.3333333333333333,3.5166666666666666,0.0,37,2,True,8,False,0,Typical mix
7.5,12.983333333333333,0.0,0.0,0.0,2.0833333333333335,0.0,57,1,False,10,False,2,Work-focused
7.0,8.5,0.5,0.0,0.0,1.5,0.0,57,2,False,8,False,2,Work-focused
7.5,0.0,0.25,0.0,0.0,4.833333333333333,0.0,29,2,False,8,False,0,Typical mix
11.5,0.0,0.75,0.0,1.1333333333333333,2.6666666666666665,0.0,16,2,False,8,False,0,Typical mix
9.0,0.0,1.1666666666666667,0.0,3.25,8.416666666666666,0.0,44,1,False,5,False,1,Social
5.5,7.666666666666667,0.5,0.0,0.0,0.0,0.0,58,2,False,5,False,2,Work-focused
6.5,8.916666666666666,0.75,0.6666666666666666,0.0,3.0,0.0,62,1,False,8,False,2,Work-focused
7.0,0.0,1.3333333333333333,0.0,0.0,7.666666666666667,0.0,70,2,False,5,False,0,Typical mix
6.75,0.0,1.25,0.0,4.3,0.0,0.0,48,1,True,8,False,1,Social
6.5,0.0,0.0,0.0,0.0,15.583333333333334,0.0,42,2,True,6,False,0,Typical mix
9.0,6.0,0.25,0.0,1.0,2.0,0.0,42,1,False,10,False,2,Work-focused
10.0,0.0,0.25,0.0,0.0,2.75,0.0,19,1,True,5,False,0,Typical mix
9.333333333333334,0.0,1.75,0.0,3.0833333333333335,0.0,0.0,28,2,True,7,False,1,Social
9.5,0.0,1.75,0.0,0.0,3.816666666666667,0.25,27,2,True,7,False,0,Typical mix
13.25,0.0,1.1666666666666667,0.0,1.0,6.25,0.0,85,2,False,7,False,0,Typical mix
8.75,0.0,0.9166666666666666,0.0,0.0,8.583333333333334,0.0,85,2,True,8,False,0,Typical mix
8.316666666666666,0.0,1.25,0.5,1.1666666666666667,7.416666666666667,0.0,71,2,True,5,False,0,Typical mix
8.5,9.0,0.3333333333333333,0.0,0.0,0.0,0.0,27,2,True,8,False,2,Work-focused
7.333333333333333,0.0,0.5,0.0,1.5,9.333333333333334,0.0,70,1,False,7,False,0,Typical mix
9.0,7.25,1.5,0.0,0.5,0.1666666666666666,0.0,55,1,False,9,False,2,Work-focused
5.5,9.833333333333334,0.6666666666666666,0.0,0.0,2.6666666666666665,0.0,58,1,False,10,False,2,Work-focused
13.083333333333334,2.0,1.0,0.0,0.1666666666666666,4.0,0.0,60,1,True,8,False,0,Typical mix
10.5,0.0,0.75,0.0,0.0,5.75,0.0,75,2,False,2,False,0,Typical mix
9.366666666666667,0.0,2.8333333333333335,0.0,0.8333333333333334,4.25,0.0,65,2,True,7,False,0,Typical mix
6.583333333333333,8.916666666666666,0.8333333333333334,0.0,0.0,0.5,0.0,41,2,True,6,False,2,Work-focused
8.166666666666666,7.8,1.5833333333333333,0.5833333333333334,0.0,0.55,0.0,21,1,False,7,False,2,Work-focused
8.75,0.0,1.3333333333333333,0.0,0.0,6.0,1.0,15,1,True,7,False,0,Typical mix
8.5,6.55,1.2166666666666666,0.75,0.25,1.6333333333333333,0.0,26,1,False,8,False,2,Work-focused
7.5,0.0,1.0,0.0,1.0,5.5,0.0,74,1,True,8,False,0,Typical mix
10.833333333333334,7.25,1.0,0.0,1.25,2.783333333333333,0.0,62,1,True,10,False,2,Work-focused
6.333333333333333,0.0,1.25,0.0,0.6666666666666666,1.9166666666666667,0.0,69,2,True,8,False,0,Typical mix
6.5,13.916666666666666,1.25,0.0,1.0,0.0,0.0,34,1,True,9,False,2,Work-focused
9.5,0.0,1.3333333333333333,0.0,0.0,2.5,0.0,39,2,True,6,False,0,Typical mix
6.75,8.166666666666666,0.5,0.5,0.0,0.0,0.0,39,2,False,8,False,2,Work-focused
10.5,0.0,1.75,0.0,0.5,3.6666666666666665,0.0,58,2,True,9,False,0,Typical mix
10.0,0.0,1.0,0.0,10.333333333333334,0.0,0.0,20,2,False,8,False,1,Social
6.5,11.0,0.9166666666666666,0.5,1.0,0.5,0.5,42,1,False,8,False,2,Work-focused
8.75,0.0,1.0,2.0,0.0,3.75,0.0,66,2,False,0,False,0,Typical mix
8.5,0.0,2.5,0.0,2.5,0.0,0.0,24,2,True,10,False,1,Social
13.0,0.0,0.5,0.0,4.366666666666666,1.4666666666666666,0.0,50,1,True,5,False,1,Social
9.5,5.75,1.25,0.0,0.0,1.25,1.0,40,2,False,8,False,2,Work-focused
8.966666666666667,9.25,0.5833333333333334,0.0,0.0,0.8833333333333333,0.0,36,1,False,8,False,2,Work-focused
10.5,0.0,0.25,0.0,2.9166666666666665,2.0,1.5,35,1,True,4,False,1,Social
7.75,0.0,1.6666666666666667,0.0,3.0,6.0,0.0,55,2,False,7,False,1,Social
9.5,0.0,0.1666666666666666,0.0,0.0,0.0,0.0,85,2,False,8,False,0,Typical mix
8.0,0.0,1.5833333333333333,0.0,0.0,4.0,0.0,63,1,False,8,False,0,Typical mix
10.5,0.0,0.5,0.0,3.5833333333333335,1.6666666666666667,0.0,33,1,True,4,False,1,Social
9.25,12.75,0.25,0.0,0.0,0.0,0.0,33,1,True,7,False,2,Work-focused
11.166666666666666,0.0,1.0,0.0,0.0,5.083333333333333,0.0,50,1,False,8,False,0,Typical mix
9.0,0.0,2.0,2.0,0.0,8.0,0.0,60,1,True,8,False,0,Typical mix
11.25,0.0,1.0833333333333333,0.3333333333333333,0.0,3.0,0.0,80,2,False,10,False,0,Typical mix
6.333333333333333,0.0,1.3333333333333333,0.0,0.0,7.0,0.0,85,1,False,7,False,0,Typical mix
7.75,4.666666666666667,1.0,0.0,0.0,0.0,1.0,43,2,True,5,False,2,Work-focused
7.0,9.583333333333334,1.25,0.0,0.0,2.8333333333333335,0.0,58,1,False,7,False,2,Work-focused
11.916666666666666,0.0,0.0,1.9166666666666667,0.0,1.0,0.0,26,2,True,5,False,0,Typical mix
8.0,8.083333333333334,0.4166666666666667,0.0,0.0,2.6666666666666665,0.0,28,1,False,9,False,2,Work-focused
9.5,0.0,0.75,0.5,7.416666666666667,3.0,0.0,15,2,True,8,False,1,Social
9.25,4.0,0.5,0.0,1.0,3.4166666666666665,0.25,31,2,True,6,False,0,Typical mix
10.0,0.0,0.5,0.0,0.0,6.583333333333333,0.0,25,2,True,6,False,0,Typical mix
12.5,0.0,0.1666666666666666,1.5,2.0,2.25,0.0,15,1,True,8,False,0,Typical mix
7.5,10.0,1.25,0.0,0.25,0.25,0.0,52,2,False,7,False,2,Work-focused
8.75,0.0,1.9166666666666667,0.0,0.0,0.0,0.1666666666666666,29,2,True,9,False,0,Typical mix
9.133333333333333,0.0,0.25,0.0,0.0,7.416666666666667,0.0,26,2,True,8,False,0,Typical mix
13.5,0.0,0.8333333333333334,0.0,2.5,2.0,0.0,53,1,True,7,False,0,Typical mix
9.5,8.0,1.1666666666666667,0.0,1.0,3.0,0.0,49,1,False,7,False,2,Work-focused
13.5,0.0,0.25,5.85,0.3333333333333333,0.5,0.0,18,1,False,10,False,3,Active
6.483333333333333,9.25,0.0,0.0,3.35,0.0,0.0,27,2,False,8,False,2,Work-focused
10.333333333333334,0.0,1.1666666666666667,0.0,0.9833333333333332,0.0,0.0,46,2,False,8,False,0,Typical mix
8.0,0.0,0.75,1.5,0.95,1.9666666666666663,0.0,16,2,False,8,False,0,Typical mix
7.5,8.716666666666667,0.3333333333333333,0.0,0.0,3.25,0.0,63,1,True,9,False,2,Work-focused
8.533333333333333,8.0,1.3333333333333333,0.0,0.0,0.25,0.0,28,2,False,7,False,2,Work-focused
12.666666666666666,0.0,1.75,0.0,1.4166666666666667,2.5,0.0,85,2,False,10,False,0,Typical mix
7.666666666666667,7.416666666666667,0.25,0.0,3.0833333333333335,0.0,0.0,42,2,False,8,False,2,Work-focused
12.0,0.0,0.0,0.0,6.0,0.0,0.0,36,1,True,9,False,1,Social
7.0,5.0,2.1666666666666665,0.0,0.0,1.8333333333333333,0.0,59,1,True,7,False,2,Work-focused
11.0,0.0,0.75,0.75,0.0,0.3333333333333333,0.0,26,2,False,9,False,0,Typical mix
9.5,8.35,0.6666666666666666,0.0,0.0,0.9166666666666666,0.0333333333333333,28,1,False,7,False,2,Work-focused
6.5,9.083333333333334,0.0,0.0,0.0,4.25,0.0,40,1,True,8,False,2,Work-focused
9.816666666666666,0.0,1.5,0.0,1.0,0.0,0.0,85,1,False,5,False,0,Typical mix
8.083333333333334,0.0,1.25,6.5,0.0,2.0,0.0,32,1,True,8,False,3,Active
6.25,7.75,1.5,0.0,0.0,0.3333333333333333,1.5,39,1,False,9,False,2,Work-focused
9.5,4.433333333333334,1.5,0.0,4.233333333333333,3.0,0.0,24,2,True,6,False,1,Social
5.333333333333333,8.5,1.25,0.0,0.0,0.0,0.0,40,1,False,8,False,2,Work-focused
8.666666666666666,9.5,1.0,0.0,0.0,3.05,0.0,32,1,False,7,False,2,Work-focused
9.5,0.0,0.5,0.0,0.0,0.0,0.0,41,2,True,6,False,0,Typical mix
10.0,5.666666666666667,1.5,0.0,0.0,3.6666666666666665,0.0,69,2,False,10,False,0,Typical mix
10.583333333333334,0.0,1.4166666666666667,0.0,0.0,6.416666666666667,0.0,25,1,True,5,False,0,Typical mix
9.0,4.0,0.25,0.0,0.0,0.0,4.5,63,2,True,3,False,4,Computer-leisure
7.583333333333333,5.916666666666667,0.75,0.0,0.3833333333333333,0.0,0.5,37,2,False,6,False,2,Work-focused
8.75,0.0,2.0,0.0,0.0,4.0,0.0,69,1,False,4,False,0,Typical mix
7.0,0.0,0.0833333333333333,0.6666666666666666,0.0,10.133333333333333,2.0,49,2,False,4,False,0,Typical mix
10.25,0.0,0.4166666666666667,0.0,0.0,1.5,0.0,62,2,False,7,False,0,Typical mix
10.0,0.0,0.3333333333333333,0.0,0.0,6.25,0.0,62,2,True,10,False,0,Typical mix
7.25,8.166666666666666,1.5,0.0,4.083333333333333,0.0,1.0,31,1,False,7,False,1,Social
10.75,0.0,1.0,0.0,0.0,1.0,0.0,77,2,True,2,False,0,Typical mix
9.166666666666666,0.25,1.0,0.0,12.416666666666666,0.0,0.0,28,1,True,9,False,1,Social
6.083333333333333,10.316666666666666,1.1666666666666667,0.0,1.0,0.0,0.0,28,1,True,8,False,2,Work-focused
4.75,5.083333333333333,0.9166666666666666,0.0,0.0,2.5,0.0,56,2,False,8,False,2,Work-focused
7.666666666666667,7.416666666666667,0.3333333333333333,0.0,0.0,2.4166666666666665,0.0,47,2,False,6,False,2,Work-focused
6.0,0.0,0.5,1.0,0.0,15.333333333333334,0.0,73,1,True,10,False,0,Typical mix
8.833333333333334,0.0,1.0833333333333333,0.0,0.0,0.0,0.0,55,1,False,4,False,0,Typical mix
8.75,7.5,0.5,1.0,0.0,0.0,0.0,25,2,False,7,False,2,Work-focused
12.5,0.0,1.0,0.0,1.1666666666666667,1.75,0.0,41,2,False,4,False,0,Typical mix
8.75,0.0,1.25,0.0,3.0,0.0,0.0,19,2,False,5,False,1,Social
9.75,0.0,2.0,1.0,0.0,3.0,0.0,41,2,True,10,False,0,Typical mix
8.5,0.0,1.0,0.0,1.5,3.0,0.0,55,1,True,7,False,0,Typical mix
9.583333333333334,8.416666666666666,1.3333333333333333,0.0,0.0,0.0,0.0,50,1,False,3,False,2,Work-focused
9.0,0.0,2.1666666666666665,0.0,0.0,1.5,0.0,71,2,True,10,False,0,Typical mix
7.5,0.0833333333333333,1.5,1.0,1.0833333333333333,2.1666666666666665,0.0,79,2,False,10,False,0,Typical mix
9.583333333333334,0.0,1.6666666666666667,0.0,0.0,7.083333333333333,0.0,32,1,True,8,False,0,Typical mix
7.0,7.55,1.15,0.0,0.0,0.0,0.0,42,2,False,8,False,2,Work-focused
7.233333333333333,5.75,0.0,0.0,0.0,0.0,0.0,37,2,False,4,False,2,Work-focused
8.5,0.0,1.0,0.0833333333333333,0.0,0.0,0.0,34,2,True,5,False,0,Typical mix
10.5,0.0,2.5,0.0,0.0,0.0,0.0,39,2,True,8,False,0,Typical mix
9.0,0.0,1.0,0.0,6.583333333333333,0.0,0.0,56,1,True,7,False,1,Social
7.5,0.0,0.75,0.0,0.0,4.75,0.0,80,1,True,9,False,0,Typical mix
8.5,0.0,1.1666666666666667,0.0,0.0,4.916666666666667,0.0,65,1,False,3,False,0,Typical mix
13.666666666666666,0.0,2.6666666666666665,0.75,0.0,0.0,0.0,80,2,False,4,False,0,Typical mix
10.0,7.25,2.25,0.0,0.0,1.75,0.0,41,2,False,5,False,2,Work-focused
7.0,4.5,0.5,0.0,6.233333333333333,0.0,0.0,58,2,True,8,False,1,Social
8.5,7.5,0.5,0.0,0.0,0.5166666666666667,0.0,43,2,False,7,False,2,Work-focused
7.5,0.0,1.5833333333333333,0.0,0.0,5.0,0.0,80,2,False,9,False,0,Typical mix
7.0,8.0,1.4166666666666667,0.0,1.25,1.75,0.0,49,2,False,8,False,2,Work-focused
4.5,0.0,1.5833333333333333,0.0,0.0,1.5,0.0,53,2,False,3,False,0,Typical mix
9.75,8.583333333333334,0.5833333333333334,0.0,0.9166666666666666,0.5,0.0,43,1,False,5,False,2,Work-focused
8.5,0.0,1.3333333333333333,0.0,3.1666666666666665,5.0,0.0,53,1,True,5,False,1,Social
6.416666666666667,12.166666666666666,0.25,0.0,0.0,1.75,0.0,25,2,False,6,False,2,Work-focused
5.5,11.166666666666666,1.3333333333333333,0.0,0.0,1.5,0.0,38,1,False,8,False,2,Work-focused
10.666666666666666,1.5,0.3333333333333333,0.0,0.0,5.5,0.0,62,1,True,4,False,0,Typical mix
6.833333333333333,9.25,0.5833333333333334,0.0,0.0,1.2833333333333334,0.0,32,1,False,10,False,2,Work-focused
8.116666666666667,8.666666666666666,0.25,0.0,0.0,2.0,0.0,27,2,False,8,False,2,Work-focused
7.5,8.166666666666666,1.0,0.0,2.3333333333333335,1.3333333333333333,0.0,53,1,False,5,False,2,Work-focused
7.5,6.833333333333333,1.0,0.0,0.0,1.5,0.0,42,1,False,7,False,2,Work-focused
9.766666666666667,0.0,0.5833333333333334,0.0,2.75,2.75,0.0,24,2,True,7,False,1,Social
7.0,3.5166666666666666,0.5,0.0,0.5,2.3833333333333333,0.0,39,2,False,7,False,2,Work-focused
10.0,0.0,0.3333333333333333,0.0,1.0,8.2,0.0,16,2,True,5,False,0,Typical mix
9.5,0.0,1.1666666666666667,1.0,0.3333333333333333,1.5,0.0,46,1,True,8,False,0,Typical mix
8.5,0.0,1.1666666666666667,0.0,4.0,3.1666666666666665,0.0,49,1,True,5,False,1,Social
7.5,0.0,1.5833333333333333,0.0,0.3333333333333333,3.316666666666667,0.0,41,2,False,8,False,0,Typical mix
9.416666666666666,0.0,0.8333333333333334,0.0,1.1666666666666667,0.0,0.5,37,2,False,8,False,0,Typical mix
10.5,0.0,1.0,1.0,0.0,5.0,0.0,54,1,False,6,False,0,Typical mix
8.0,0.0,3.5,0.0,1.8333333333333333,0.0,0.0,29,2,False,7,False,0,Typical mix
11.833333333333334,0.0,1.0,0.0,2.0,7.5,0.0,56,2,True,4,False,0,Typical mix
7.25,7.5,1.1666666666666667,0.0,0.3666666666666666,3.15,0.25,47,2,False,5,False,2,Work-focused
7.083333333333333,11.2,0.3333333333333333,0.0,0.0,1.5,0.0,31,1,False,4,False,2,Work-focused
8.5,0.0,0.1666666666666666,0.6666666666666666,1.5833333333333333,2.75,0.0,61,2,False,7,False,0,Typical mix
5.75,9.083333333333334,1.5,0.75,0.0,3.0,0.0,18,2,False,7,False,2,Work-focused
9.75,5.5,1.25,0.0,0.5833333333333334,1.0,0.0,21,2,True,10,False,2,Work-focused
10.25,0.0,0.75,0.0,0.0,8.5,0.0,80,2,False,6,False,0,Typical mix
6.35,0.0,2.9166666666666665,0.0,3.0,2.8333333333333335,0.0,36,2,False,10,False,1,Social
7.25,8.083333333333334,1.5,0.0,0.0,0.6666666666666666,0.0,36,2,False,7,False,2,Work-focused
6.8,6.5,0.5,0.5,0.0,0.0,0.0,61,2,False,8,False,2,Work-focused
9.416666666666666,0.7,0.5,0.0,0.2166666666666666,7.166666666666667,0.0,50,2,False,8,False,0,Typical mix
8.0,0.0,3.0,1.5,4.0,3.25,0.0,63,1,False,8,False,1,Social
10.0,0.0,0.0,0.0,0.0,5.333333333333333,0.0,36,1,True,8,False,0,Typical mix
9.0,8.583333333333334,0.5,0.0,0.0,1.5,0.0,37,2,False,8,False,2,Work-focused
8.5,0.0,0.75,0.0,0.0,0.0,0.0,35,1,False,6,False,0,Typical mix
7.0,0.0,0.5,0.0,0.0,4.25,0.0,80,2,True,7,False,0,Typical mix
7.0,0.0,0.5833333333333334,0.0,0.0,14.25,0.0,44,2,True,8,False,0,Typical mix
7.5,8.916666666666666,0.8333333333333334,0.0,0.25,0.0,0.0,36,2,False,8,False,2,Work-focused
9.0,0.0,0.1666666666666666,0.0,3.75,2.4166666666666665,0.0,19,1,True,6,False,1,Social
6.5,8.25,0.5,0.5,0.0,0.75,0.0,54,1,False,8,False,2,Work-focused
10.083333333333334,7.75,0.5,0.0,0.0,4.0,0.0,45,1,False,10,False,2,Work-focused
7.5,0.0,0.9166666666666666,0.0,1.0,4.583333333333333,0.0,65,2,True,6,False,0,Typical mix
8.0,0.0,0.5,0.0,0.0,13.0,0.0,55,2,True,5,False,0,Typical mix
12.0,0.0,1.0,0.0,0.0,5.75,0.0,63,2,True,5,False,0,Typical mix
6.5,0.0,1.25,0.0,0.0,8.683333333333334,0.0,72,2,False,4,False,0,Typical mix
8.333333333333334,7.833333333333333,1.1666666666666667,0.0,0.0,0.0,0.0,60,2,True,6,False,2,Work-focused
7.666666666666667,0.5833333333333334,2.4166666666666665,0.0,0.0,0.0,0.0,47,1,True,7,False,0,Typical mix
8.0,7.5,0.9166666666666666,0.0,0.6666666666666666,3.0833333333333335,0.5,31,2,False,5,False,2,Work-focused
8.0,0.0,0.25,0.0,2.0,6.0,0.0,56,1,False,6,False,0,Typical mix
8.5,9.583333333333334,0.75,2.5,0.0,0.0,0.0,44,1,False,7,False,2,Work-focused
8.25,0.0,0.5,0.0,1.0,3.0,0.0,44,2,True,8,False,0,Typical mix
10.416666666666666,0.0,0.75,0.0,0.0,1.0,0.0,23,2,False,6,False,0,Typical mix
7.083333333333333,9.333333333333334,0.8333333333333334,0.0,0.0,3.0,0.1666666666666666,50,1,False,10,False,2,Work-focused
8.516666666666667,0.0,1.5,1.0,0.0,1.25,0.0,53,1,True,8,False,0,Typical mix
6.666666666666667,3.066666666666667,1.1666666666666667,0.0,0.0,2.4166666666666665,1.0,75,2,False,10,False,2,Work-focused
7.583333333333333,0.0,1.0,0.0,7.333333333333333,1.5,0.0,37,2,True,6,False,1,Social
5.0,7.416666666666667,1.0,0.0,0.0,5.916666666666667,0.0,41,2,False,8,False,2,Work-focused
7.0,0.0,1.0,0.0,0.0,0.0,0.0,43,1,True,5,False,0,Typical mix
8.166666666666666,0.1666666666666666,3.716666666666667,1.0,0.25,0.5,2.0,69,2,True,10,False,0,Typical mix
7.333333333333333,2.9166666666666665,3.5,0.0,1.0,6.383333333333334,0.0,61,1,True,7,False,0,Typical mix
8.916666666666666,0.0,0.5,3.5,0.0,3.0,0.0,27,2,False,7,False,3,Active
10.5,0.0,0.4166666666666667,1.0,0.0,2.0,0.0,18,1,False,3,False,0,Typical mix
10.083333333333334,0.0,1.3333333333333333,0.0,0.0,4.0,0.0,48,2,True,5,False,0,Typical mix
7.75,9.25,0.4166666666666667,0.0,0.0,0.0,0.0,30,2,False,8,False,2,Work-focused
8.0,0.0,0.75,0.0,0.0,0.0,0.0,52,2,False,10,False,0,Typical mix
9.166666666666666,4.5,0.1666666666666666,0.0,5.0,2.0,0.0,47,1,False,8,False,1,Social
6.166666666666667,10.25,1.5833333333333333,0.75,0.0,1.0,0.0,30,1,False,7,False,2,Work-focused
8.0,9.916666666666666,0.8333333333333334,0.0,0.0,0.0,1.0,35,1,False,6,False,2,Work-focused
9.666666666666666,0.0,0.9166666666666666,1.0,2.0,3.0,0.5,59,2,False,7,False,0,Typical mix
6.5,8.066666666666666,1.7,0.0,0.0,3.816666666666667,0.0,54,2,False,10,False,2,Work-focused
8.5,0.0,2.1666666666666665,0.0,1.0,4.0,0.0,53,1,True,7,False,0,Typical mix
10.333333333333334,0.0,0.5,0.0,3.0,7.75,0.0,49,1,True,8,False,1,Social
9.333333333333334,0.0,0.9166666666666666,0.0,1.1666666666666667,3.0833333333333335,0.0,17,2,True,8,False,0,Typical mix
8.0,9.666666666666666,0.3333333333333333,0.0,0.0,3.1666666666666665,0.0,32,1,True,6,False,2,Work-focused
11.583333333333334,0.0,0.9166666666666666,0.0,2.0,3.0,0.0,26,1,False,7,False,0,Typical mix
7.75,0.0,0.6666666666666666,0.0,0.0,9.15,0.9166666666666666,64,1,False,6,False,0,Typical mix
7.75,8.25,0.75,0.0,0.0,4.666666666666667,0.0,51,1,False,5,False,2,Work-focused
9.0,0.0,2.1666666666666665,0.0,2.6666666666666665,1.0,0.0,41,1,True,9,False,1,Social
10.25,1.25,1.0,0.0,0.0,0.0,0.75,47,1,True,9,False,0,Typical mix
6.0,10.166666666666666,0.5,0.0,1.75,0.0,0.0,36,2,False,8,False,2,Work-focused
5.766666666666667,7.3,0.1666666666666666,0.0,0.0,2.55,0.0,49,2,False,5,False,2,Work-focused
7.5,0.0,0.5,1.0,0.0,13.933333333333334,0.0,31,1,True,7,False,0,Typical mix
7.916666666666667,7.983333333333333,1.15,0.0,0.0166666666666666,3.3833333333333333,0.0,55,1,False,10,False,2,Work-focused
7.25,0.0,1.0,9.0,0.0,2.0,0.0,23,1,False,4,False,3,Active
7.916666666666667,2.6333333333333333,4.25,0.0,0.25,1.0,0.0,72,1,False,9,False,0,Typical mix
9.0,0.0,0.5,0.0,0.0,3.5,0.0,85,1,False,6,False,0,Typical mix
9.25,0.0,0.6666666666666666,1.6666666666666667,0.0,2.1666666666666665,0.0,36,2,True,7,False,0,Typical mix
10.0,0.0,2.5,0.0,0.0,3.5,0.0,67,2,False,8,False,0,Typical mix
9.0,7.416666666666667,0.8833333333333333,0.0,1.8666666666666667,1.5,0.0,52,1,False,7,False,2,Work-focused
7.0,6.75,1.5,0.0,0.3333333333333333,2.3333333333333335,0.0,43,1,False,8,False,2,Work-focused
9.583333333333334,0.0,1.9166666666666667,0.0,1.5,1.0,0.0,25,2,True,7,False,0,Typical mix
9.5,0.0,0.75,0.0,1.0,5.466666666666667,0.0,59,2,True,6,False,0,Typical mix
9.416666666666666,0.0,2.0,0.25,5.4,0.0,0.0833333333333333,37,2,True,7,False,1,Social
10.0,0.0,0.6666666666666666,0.0,1.0,1.0,1.0,49,2,True,8,False,0,Typical mix
6.5,9.75,2.0,0.0,0.0,2.0833333333333335,0.0,48,1,False,7,False,2,Work-focused
10.0,0.0,1.25,3.0,0.0,4.25,0.0,31,1,True,7,False,3,Active
10.0,0.0,1.5,0.0,0.0,1.5,0.0,37,1,True,5,False,0,Typical mix
8.0,0.0,1.0,0.0,1.3333333333333333,1.0,0.0,29,2,True,10,False,0,Typical mix
13.0,0.5,0.75,0.0,0.5,0.0,0.0,41,2,True,7,False,0,Typical mix
9.5,0.0,0.6666666666666666,0.0,0.0,4.0,0.0,30,1,True,5,False,0,Typical mix
8.25,0.0,0.6666666666666666,0.0,0.0,5.733333333333333,0.5,44,2,True,7,False,0,Typical mix
9.0,8.5,2.5,0.0,0.0,1.0,0.0,46,1,False,8,False,2,Work-focused
8.0,0.0,0.8333333333333334,0.0,0.0,3.0,0.0,38,1,True,5,False,0,Typical mix
9.666666666666666,0.0,0.3333333333333333,0.0,1.0833333333333333,0.0,0.0,56,2,True,8,False,0,Typical mix
9.5,1.0,2.25,0.0,0.0,3.5,0.0,51,2,True,10,False,0,Typical mix
8.5,7.5,0.5833333333333334,0.25,0.0,2.25,0.0,35,1,False,7,False,2,Work-focused
11.0,0.0,1.0,0.0,4.5,2.5,0.0,72,2,True,6,False,1,Social
9.916666666666666,0.0,1.9166666666666667,0.0,0.0,0.1666666666666666,0.0,80,2,False,7,False,0,Typical mix
9.5,0.0,1.3333333333333333,0.0,0.0,7.666666666666667,0.0,45,2,False,10,False,0,Typical mix
7.0,7.166666666666667,0.1666666666666666,0.0,1.6666666666666667,0.5,0.0,61,1,True,7,False,2,Work-focused
8.5,8.583333333333334,0.9166666666666666,0.0,1.0,2.3333333333333335,0.0,79,1,False,10,False,2,Work-focused
8.466666666666667,0.0,1.4166666666666667,0.0,0.0,1.5,0.0,70,2,True,10,False,0,Typical mix
3.65,8.0,0.5,1.0,0.0,0.0,0.0,38,2,False,10,False,2,Work-focused
4.0,0.0,1.6666666666666667,1.0,0.4166666666666667,0.9166666666666666,0.0,65,2,False,8,False,0,Typical mix
2.0,0.0,1.5,0.0,0.75,4.5,0.0,43,2,True,3,False,0,Typical mix
6.583333333333333,11.366666666666667,1.0,0.0,0.0,2.0,0.0,39,1,False,8,False,2,Work-focused
9.25,0.0,2.5,1.0,2.5,0.0,0.0,78,1,True,7,False,1,Social
8.666666666666666,5.166666666666667,0.5,0.0,0.0,3.283333333333333,0.0,35,1,False,5,False,2,Work-focused
10.916666666666666,0.25,1.5,0.0,0.0,6.216666666666667,0.1666666666666666,43,2,True,8,False,0,Typical mix
7.666666666666667,0.0,2.033333333333333,0.0,0.0,2.0,0.0,60,2,True,4,False,0,Typical mix
8.0,0.0,0.6666666666666666,0.0,1.0833333333333333,5.25,1.5,51,1,True,7,False,0,Typical mix
7.416666666666667,0.0,1.3333333333333333,0.0,0.0,4.283333333333333,1.5,63,2,True,6,False,0,Typical mix
9.45,0.0,1.4166666666666667,0.0,0.0,2.5833333333333335,0.0,80,2,False,8,False,0,Typical mix
6.5,7.916666666666667,0.8333333333333334,0.0,0.0,2.9166666666666665,0.0,41,1,False,8,False,2,Work-focused
7.0,0.0833333333333333,0.5,0.0,0.0,8.5,6.916666666666667,31,1,True,6,False,4,Computer-leisure
12.25,0.0,0.5,0.0,0.0,0.8833333333333333,0.0,17,2,True,9,False,0,Typical mix
9.0,0.0,2.0833333333333335,1.0,0.0,7.916666666666667,0.0,18,1,True,9,False,0,Typical mix
7.5,0.0,1.0,0.75,0.0,6.166666666666667,4.0,50,1,False,8,False,4,Computer-leisure
8.75,0.0,0.5,2.6666666666666665,2.0,4.0,0.0,78,1,False,8,False,3,Active
8.166666666666666,7.75,0.6666666666666666,0.0,1.0,2.0,0.0,39,2,True,8,False,2,Work-focused
8.25,0.0,0.0,0.0,4.0,2.0,0.0,28,1,True,6,False,1,Social
6.0,0.0,0.5,0.0,0.0,11.75,0.0,65,2,True,10,False,0,Typical mix
7.5,0.0,1.0,0.5,0.3333333333333333,3.1666666666666665,0.0,66,1,True,8,False,0,Typical mix
9.5,0.0,4.0,0.0,0.0,1.5,0.0,63,1,True,8,False,0,Typical mix
7.5,9.583333333333334,1.25,0.0,0.0,1.5,0.0,19,2,False,7,False,2,Work-focused
7.5,0.0,0.3333333333333333,0.0,0.0,11.0,0.0,51,1,False,8,False,0,Typical mix
7.5,7.833333333333333,1.8333333333333333,0.25,1.5,2.3333333333333335,0.0,42,1,False,6,False,2,Work-focused
8.25,6.666666666666667,0.75,0.0,0.0,0.0,0.0,45,2,False,5,False,2,Work-focused
7.5,0.0,1.25,0.0,0.0,3.0,0.0,59,2,False,5,False,0,Typical mix
9.75,0.0,1.6666666666666667,0.5,0.3333333333333333,3.25,0.0,73,2,False,5,False,0,Typical mix
5.75,7.666666666666667,1.0,0.0,0.0,1.0,0.0,48,1,False,6,False,2,Work-focused
7.416666666666667,9.5,0.5833333333333334,0.0,0.0,0.5,0.0,35,1,False,8,False,2,Work-focused
8.333333333333334,8.483333333333333,0.4166666666666667,0.0,0.0,3.8333333333333335,0.0,39,2,False,7,False,2,Work-focused
10.583333333333334,0.0,1.5,0.0,0.0,2.5,0.0,85,1,True,4,False,0,Typical mix
8.5,8.5,0.5,0.0,0.0,2.566666666666667,0.0,39,2,False,5,False,2,Work-focused
9.833333333333334,0.0,0.5,0.0,0.5,3.6666666666666665,0.0,61,2,False,7,False,0,Typical mix
8.5,0.0,0.25,0.0,0.0,5.25,1.0,64,2,False,5,False,0,Typical mix
8.0,13.416666666666666,0.25,0.0,0.0,1.3333333333333333,0.0,28,1,False,7,False,2,Work-focused
12.0,10.25,1.0,0.0,0.0,0.0,0.0,29,1,True,7,False,2,Work-focused
5.833333333333333,6.666666666666667,0.5,0.0,0.0,9.0,0.0,68,2,False,9,False,2,Work-focused
6.833333333333333,0.0,0.5,0.9166666666666666,4.116666666666666,0.0,0.0,45,2,True,8,False,1,Social
7.0,5.333333333333333,0.5,0.3333333333333333,0.0,3.0,0.0,34,1,False,8,False,2,Work-focused
7.75,8.5,1.1666666666666667,0.0,0.0,1.4166666666666667,0.0,26,2,False,8,False,2,Work-focused
5.75,3.5,0.3333333333333333,0.0,1.0,0.0,0.0,30,2,False,7,False,2,Work-focused
5.916666666666667,6.083333333333333,0.25,0.0,0.0,2.1666666666666665,0.0,51,2,True,5,False,2,Work-focused
8.583333333333334,0.0,1.5,0.0,0.0,2.45,0.0,43,2,False,7,False,0,Typical mix
9.666666666666666,5.5,0.75,0.25,0.75,1.1666666666666667,0.0,56,2,True,8,False,2,Work-focused
8.5,8.0,0.6666666666666666,0.0,0.0833333333333333,1.0,0.25,23,2,False,8,False,2,Work-focused
7.916666666666667,0.0,1.5,0.0,2.1666666666666665,3.0,0.0,75,2,False,8,False,0,Typical mix
9.0,0.0,2.5,0.0,0.0,2.5833333333333335,0.5,52,1,True,5,False,0,Typical mix
10.466666666666669,0.0,1.1666666666666667,0.3333333333333333,0.4166666666666667,0.5,0.0,15,1,False,7,False,0,Typical mix
9.416666666666666,8.25,1.1666666666666667,0.0,0.0,0.1666666666666666,0.0,45,1,False,10,False,2,Work-focused
9.416666666666666,0.0,0.3333333333333333,0.0,0.0,0.75,0.0,15,2,False,9,False,0,Typical mix
10.166666666666666,0.0,1.0,0.0,0.5,3.0,0.0,40,1,False,7,False,0,Typical mix
10.5,0.0,1.0,1.0,0.0,4.25,0.0,57,2,False,5,False,0,Typical mix
6.5,6.75,0.4166666666666667,1.0833333333333333,0.0,2.0,1.5,69,1,False,8,False,2,Work-focused
7.166666666666667,7.5,1.75,0.0,0.0,4.25,0.0,56,1,False,4,False,2,Work-focused
8.5,0.0,2.0,0.0,2.4166666666666665,0.0,0.0,72,2,True,6,False,1,Social
7.783333333333333,5.916666666666667,0.25,0.0,1.0,0.5,0.0,34,2,False,5,False,2,Work-focused
9.583333333333334,5.166666666666667,0.8333333333333334,0.0,0.0,0.8333333333333334,0.0,41,1,True,6,False,2,Work-focused
8.0,3.6666666666666665,1.5,0.0,6.333333333333333,0.0,0.0,24,2,False,6,False,1,Social
7.666666666666667,9.833333333333334,1.0,0.0,0.3333333333333333,1.3333333333333333,0.0,45,1,False,5,False,2,Work-focused
9.5,0.0,2.1666666666666665,0.0,0.3333333333333333,0.3333333333333333,0.5,39,2,True,8,False,0,Typical mix
7.0,0.0,0.0,0.0,3.0,3.75,0.0,50,1,True,10,False,1,Social
13.0,0.0,0.8333333333333334,0.0,0.0,4.166666666666667,0.0,16,2,False,7,False,0,Typical mix
7.5,8.166666666666666,1.9166666666666667,0.0,0.0,3.25,0.0,53,1,False,8,False,2,Work-focused
9.0,0.0,2.5,0.0,3.5,5.166666666666667,0.0,59,1,True,8,False,1,Social
6.0,0.0,0.9166666666666666,0.0,6.866666666666666,7.933333333333334,0.0,33,2,True,4,False,1,Social
4.5,6.416666666666667,0.1666666666666666,0.0,0.0,1.5833333333333333,0.0,47,1,True,5,False,2,Work-focused
9.0,0.0,0.1666666666666666,2.0,0.0,1.8333333333333333,3.0,23,1,True,4,False,4,Computer-leisure
9.5,0.0,1.5,0.0,3.25,5.0,0.0,75,2,False,9,False,1,Social
12.5,0.0,0.5833333333333334,0.0,2.0,3.1666666666666665,0.0,60,2,False,5,False,0,Typical mix
12.9,0.0,0.6666666666666666,0.0,0.0,8.166666666666666,0.0,79,2,False,9,False,0,Typical mix
7.0,8.083333333333334,0.9166666666666666,0.75,0.0,2.05,2.6666666666666665,29,1,False,6,False,4,Computer-leisure
7.0,9.0,1.0,0.0,0.0,0.0,0.0,61,2,False,10,False,2,Work-focused
8.0,8.416666666666666,1.5,0.0,0.0,0.0,0.0,31,2,False,6,False,2,Work-focused
11.25,0.0,1.5,0.0,0.0,4.0,0.0,78,2,True,5,False,0,Typical mix
9.916666666666666,0.0,0.5,0.0,0.0,7.416666666666667,0.0,70,2,False,10,False,0,Typical mix
7.25,5.583333333333333,0.25,0.0,0.0,5.5,0.0,45,1,False,3,False,2,Work-focused
8.916666666666666,0.0,3.4166666666666665,0.0,0.9166666666666666,0.0,1.0,68,1,False,8,False,0,Typical mix
8.916666666666666,0.0,0.3333333333333333,0.0,0.0,8.116666666666667,0.0,68,2,False,5,False,0,Typical mix
8.0,9.633333333333333,1.8666666666666667,0.0,0.0,0.0,0.0,75,1,False,10,False,2,Work-focused
10.083333333333334,0.0,2.5,0.0,0.3333333333333333,5.166666666666667,0.0,65,1,False,2,False,0,Typical mix
8.5,8.583333333333334,1.8333333333333333,0.0,0.0,1.0,0.0,57,1,False,4,False,2,Work-focused
4.0,7.0,0.5833333333333334,1.0,1.9666666666666663,0.0,0.0,31,2,False,7,False,2,Work-focused
12.583333333333334,0.0,1.5,0.0,3.0,0.0,0.0,36,2,True,5,False,1,Social
9.666666666666666,0.0,0.75,0.0,3.0,2.5833333333333335,0.0,73,2,True,6,False,1,Social
11.5,0.0,0.5,0.0,0.0,0.4166666666666667,0.0,37,2,True,8,False,0,Typical mix
7.5,0.0,1.5,0.0,2.1666666666666665,4.066666666666666,0.0,31,1,True,7,False,0,Typical mix
18.5,0.0,0.25,0.0,0.0,3.6666666666666665,0.0,50,1,True,5,False,0,Typical mix
9.5,1.8333333333333333,0.5,1.0,3.25,1.3333333333333333,1.8333333333333333,62,1,True,5,False,1,Social
9.0,0.0,1.0,0.0,2.5833333333333335,4.833333333333333,0.0,61,1,False,10,False,1,Social
6.5,3.25,2.0,0.0,0.0,2.0,0.5,62,2,False,8,False,2,Work-focused
7.5,8.25,0.25,1.0,0.7166666666666667,0.0,0.0,33,2,False,9,False,2,Work-focused
15.916666666666666,1.5,0.3333333333333333,0.0,0.0,0.0,0.0,68,2,True,8,False,0,Typical mix
9.0,0.0,1.75,0.0,0.0,0.0,0.0,80,2,True,4,False,0,Typical mix
8.0,0.0,2.0,0.0,0.0,14.0,0.0,52,1,False,3,False,0,Typical mix
6.916666666666667,8.266666666666667,0.9166666666666666,0.5,0.4166666666666667,0.9166666666666666,0.0,46,2,False,5,False,2,Work-focused
7.15,0.0,1.0833333333333333,0.0,2.0,2.0,1.0,15,1,False,7,False,0,Typical mix
8.0,0.0,1.3333333333333333,0.0,0.0,2.2,0.0,65,2,False,10,False,0,Typical mix
10.0,0.0,1.25,0.0,3.0,1.0,0.0,85,2,True,8,False,1,Social
8.5,0.0,2.0,0.0,0.0,0.0,0.0,67,2,False,8,False,0,Typical mix
9.2,0.0,1.25,0.0,0.0,0.0,0.0,30,1,True,7,False,0,Typical mix
9.2,8.25,1.0833333333333333,0.5,0.0,2.3333333333333335,0.0,41,2,False,8,False,2,Work-focused
9.0,0.0,1.0333333333333334,0.0,0.0,0.0,1.45,18,2,False,8,False,0,Typical mix
8.883333333333333,6.666666666666667,0.4166666666666667,1.5,0.0,0.0,0.5,30,2,False,8,False,2,Work-focused
7.75,0.0,1.25,1.5,0.0,0.5,0.0,33,2,False,8,False,0,Typical mix
8.916666666666666,0.0,0.5,0.0,0.8333333333333334,2.0,2.1666666666666665,66,2,False,5,False,4,Computer-leisure
6.75,4.583333333333333,0.6666666666666666,0.0,0.1666666666666666,2.6166666666666667,0.0,43,2,True,7,False,2,Work-focused
11.25,0.0,0.5,0.0,3.75,2.0,0.0,27,2,True,5,False,1,Social
8.25,0.0,1.0833333333333333,0.0,0.3333333333333333,0.5,0.4166666666666667,40,2,False,5,False,0,Typical mix
9.166666666666666,0.0,0.6666666666666666,0.0,0.0,2.0,0.0,26,2,False,8,False,0,Typical mix
7.333333333333333,8.0,0.5,0.0,0.0,0.25,0.0,62,2,False,8,False,2,Work-focused
12.333333333333334,0.0,0.75,4.0,0.5,1.5,0.0,15,1,True,9,False,3,Active
6.833333333333333,0.0,0.6666666666666666,0.0,0.25,0.0,0.0,40,2,True,8,False,0,Typical mix
11.0,0.0,0.5,0.0,0.0,12.5,0.0,52,1,True,5,False,0,Typical mix
9.0,8.1,1.25,0.0,1.2166666666666666,0.0,0.0,25,2,False,5,False,2,Work-focused
5.5,9.0,0.25,0.0,0.0,2.0,0.0,66,2,False,8,False,2,Work-focused
8.333333333333334,0.0,4.5,0.0,0.0,0.0,0.0,23,1,False,8,False,0,Typical mix
8.5,0.0,0.25,0.0,0.0,2.75,0.0,43,2,False,3,False,0,Typical mix
8.0,0.0,0.4333333333333333,2.066666666666667,2.1666666666666665,1.4166666666666667,0.3333333333333333,55,2,False,9,False,1,Social
9.75,0.0,4.166666666666667,0.0,4.716666666666667,1.75,0.0,29,2,True,9,False,1,Social
10.833333333333334,2.0,0.75,4.166666666666667,0.0,1.0,0.0,16,2,True,7,False,3,Active
10.0,0.0,1.1666666666666667,0.0,0.0,0.0,0.0,85,2,True,6,False,0,Typical mix
8.5,8.833333333333334,1.0,0.0,0.0,0.0,0.0,59,1,True,7,False,2,Work-focused
10.0,0.0,1.0,0.0,0.0,6.5,0.0,71,1,True,8,False,0,Typical mix
12.0,0.0,0.0,0.0,0.0,5.083333333333333,0.0,43,1,True,5,False,0,Typical mix
7.666666666666667,0.0,1.6166666666666667,0.0,3.5,3.0,0.0,80,2,False,8,False,1,Social
9.666666666666666,2.0,1.75,0.0,1.8666666666666667,0.0,0.0,44,1,True,9,False,0,Typical mix
11.25,0.0,0.25,0.0,0.0,0.0,4.5,42,2,True,5,False,4,Computer-leisure
8.0,0.0,1.0,0.0,0.0,7.25,0.0,78,1,True,8,False,0,Typical mix
8.666666666666666,0.0,1.0,0.0,0.5,0.5,0.5,16,2,False,7,False,0,Typical mix
6.5,8.5,1.5,0.0,1.3666666666666667,0.0,0.0,33,1,False,8,False,2,Work-focused
9.0,4.45,0.0,0.0,0.0,0.3333333333333333,0.0,32,2,False,8,False,2,Work-focused
9.25,0.0,0.5,0.0,2.6333333333333333,1.8333333333333333,1.6666666666666667,42,1,False,7,False,1,Social
5.5,3.5,1.5,0.0,1.75,0.0,0.0,29,1,True,8,False,2,Work-focused
8.416666666666666,8.0,1.3333333333333333,0.0,0.0,1.5,0.0,34,2,False,7,False,2,Work-focused
8.05,0.8333333333333334,4.25,1.3333333333333333,0.0,0.8333333333333334,0.0,46,1,True,8,False,0,Typical mix
8.416666666666666,6.25,0.75,0.0,0.5,3.9166666666666665,0.5,24,2,False,7,False,2,Work-focused
8.75,0.0,0.5,0.0,0.0,8.416666666666666,0.0,42,1,True,10,False,0,Typical mix
11.0,0.0,3.5,0.25,0.0,0.0,8.9,15,1,True,9,False,4,Computer-leisure
12.0,5.0,2.0,0.0,2.0,1.0,0.0,60,2,True,10,False,0,Typical mix
10.166666666666666,7.166666666666667,1.0,0.0,0.0,0.0,0.0,52,1,False,7,False,2,Work-focused
8.0,0.0,1.25,1.0,2.5,1.1666666666666667,0.0,64,2,True,9,False,1,Social
10.083333333333334,7.65,1.0833333333333333,0.6666666666666666,0.25,0.0,0.0,24,2,False,7,False,2,Work-focused
7.25,3.5,0.8333333333333334,0.75,0.7833333333333333,3.0,0.0,39,1,True,8,False,2,Work-focused
9.216666666666669,0.0,1.0,0.0,3.5833333333333335,4.95,0.0,67,2,False,5,False,1,Social
8.0,0.0,2.75,0.0,2.25,1.0,0.0,34,1,True,10,False,1,Social
8.0,7.75,0.5,0.75,0.0,0.0,0.0,33,2,False,7,False,2,Work-focused
10.0,0.0,0.6666666666666666,1.0,0.0,9.5,0.0,74,1,True,6,False,0,Typical mix
10.5,0.0,0.0,0.0,0.0,5.0,0.0,63,1,False,5,False,0,Typical mix
9.833333333333334,0.0,1.5,0.0,3.0,0.0,0.0,25,2,True,8,False,1,Social
10.5,0.0,2.5,0.5,2.8333333333333335,0.0,0.0,42,2,False,9,False,1,Social
9.0,0.0,1.5,0.0,0.0,1.0,0.0,46,2,False,6,False,0,Typical mix
7.5,7.75,1.75,0.0,0.0,2.25,0.0,42,1,False,7,False,2,Work-focused
7.75,0.0,2.1666666666666665,0.0,0.5,1.0,0.0,32,2,True,7,False,0,Typical mix
8.333333333333334,0.0,0.4166666666666667,1.0,2.0166666666666666,2.5,0.0,57,2,False,10,False,0,Typical mix
9.5,0.0,1.1666666666666667,0.0,0.0,0.0,1.0,24,2,True,5,False,0,Typical mix
7.666666666666667,6.333333333333333,1.0833333333333333,0.0,0.0,1.3333333333333333,0.0,47,2,False,10,False,2,Work-focused
8.0,0.0,1.0,0.0,0.0,3.0,0.0,51,1,False,5,False,0,Typical mix
7.666666666666667,0.0,0.5,0.0,0.2833333333333333,1.8333333333333333,0.5,60,1,True,6,False,0,Typical mix
6.583333333333333,0.0,0.5,0.0,1.1333333333333333,8.766666666666667,0.0,66,1,True,9,False,0,Typical mix
7.25,9.666666666666666,0.5,0.0,0.0,0.5,0.0,28,2,False,8,False,2,Work-focused
0.0,19.25,0.5,0.0,0.0,0.0,0.0,28,2,False,6,False,2,Work-focused
8.416666666666666,0.0,2.5,0.0,0.75,1.0,1.0,36,2,False,6,False,0,Typical mix
4.25,3.0,1.75,0.0,1.9166666666666667,0.5,0.0,32,1,False,7,False,2,Work-focused
5.516666666666667,8.083333333333334,0.6666666666666666,3.0,0.0166666666666666,0.0,0.0,29,1,False,7,False,3,Active
8.75,0.0,1.25,0.0,0.0,0.9166666666666666,0.0,71,1,False,7,False,0,Typical mix
8.033333333333333,7.633333333333334,0.8333333333333334,0.0,1.5,2.1166666666666667,0.0,56,1,False,10,False,2,Work-focused
16.25,0.0,2.0,0.0,0.0,3.5,0.0,54,2,False,8,False,0,Typical mix
11.416666666666666,0.0,1.1666666666666667,0.3333333333333333,0.25,2.4166666666666665,0.0,65,1,False,8,False,0,Typical mix
10.666666666666666,5.25,0.5833333333333334,0.0,0.5,2.0,0.0,28,2,False,6,False,2,Work-focused
9.5,0.0,1.1666666666666667,0.0,0.0,3.8333333333333335,0.0,65,2,False,7,False,0,Typical mix
9.116666666666667,0.0,1.5,0.5,0.0,0.0,0.0,68,2,False,9,False,0,Typical mix
5.333333333333333,10.0,0.3333333333333333,0.0,0.5,0.0,0.0,53,2,False,5,False,2,Work-focused
8.416666666666666,0.0,1.3333333333333333,0.0,0.5,0.0,0.0,47,2,False,8,False,0,Typical mix
9.5,0.0,1.0833333333333333,0.0,0.0,8.583333333333334,0.0,80,1,False,10,False,0,Typical mix
7.833333333333333,10.35,2.35,0.0,0.0,1.0,0.0,36,1,False,7,False,2,Work-focused
11.75,0.0,0.9166666666666666,0.0,0.3166666666666666,5.9,0.0,18,2,False,7,False,0,Typical mix
7.5,0.0,0.5833333333333334,0.0,0.0,8.95,0.0,64,1,False,7,False,0,Typical mix
9.0,5.566666666666666,1.25,0.0,0.0,0.0,0.0,38,1,False,10,False,2,Work-focused
9.0,0.0,1.5,0.0,0.0,11.0,0.0,68,1,False,9,False,0,Typical mix
12.75,0.0,0.3333333333333333,0.0,1.5,0.0,0.0,48,2,False,10,False,0,Typical mix
8.333333333333334,0.0,0.5,0.0,1.1666666666666667,3.5,0.0,32,2,False,9,False,0,Typical mix
7.75,9.166666666666666,0.5,0.0,0.0,0.0,1.0,56,2,False,5,False,2,Work-focused
8.75,0.0,0.25,0.0,3.0,6.666666666666667,0.0,68,2,False,5,False,1,Social
11.5,0.0,1.0,0.0,0.0,1.8333333333333333,0.0,31,2,False,6,False,0,Typical mix
9.0,4.0,0.5,0.0,0.0,2.5,0.0,57,2,False,0,False,0,Typical mix
11.666666666666666,0.0,1.1666666666666667,0.0,0.0,9.666666666666666,0.0,85,2,False,5,False,0,Typical mix
3.0,0.0,0.0,0.0,0.0,0.0,0.0,77,2,False,5,False,2,Work-focused
9.0,2.0,0.8333333333333334,0.0,0.0,7.166666666666667,3.0,20,1,False,9,False,4,Computer-leisure
9.5,0.0,2.0833333333333335,0.0,0.75,1.8,0.0,58,2,False,10,False,0,Typical mix
8.25,13.333333333333334,1.25,0.0,0.1666666666666666,0.0,0.0,30,1,False,9,False,2,Work-focused
7.25,0.0,0.0833333333333333,0.0,1.0,3.25,0.0,59,1,False,10,False,0,Typical mix
12.333333333333334,0.0,0.6666666666666666,0.0,7.5,0.0,0.0,15,1,False,6,False,1,Social
9.466666666666669,8.916666666666666,0.75,2.6166666666666667,0.0,0.75,0.0,45,1,False,10,False,2,Work-focused
9.983333333333333,0.0,1.1666666666666667,1.1666666666666667,0.5,3.3333333333333335,0.0,31,2,False,7,False,0,Typical mix
8.5,7.083333333333333,1.5,0.0,0.0,2.4166666666666665,0.0,44,2,False,6,False,2,Work-focused
12.0,0.0,3.0,0.0,0.0,6.983333333333333,0.0,54,2,False,6,False,0,Typical mix
8.166666666666666,8.666666666666666,1.8333333333333333,0.0,0.0,0.0,0.0,36,1,False,10,False,2,Work-focused
6.666666666666667,8.416666666666666,4.0,0.0,0.0,0.5,1.6666666666666667,53,1,False,8,False,2,Work-focused
5.133333333333334,0.0,1.1666666666666667,0.0,0.5,0.9666666666666668,0.0,30,2,False,8,False,0,Typical mix
8.4,0.0,1.75,0.0,0.0,2.0,0.0,37,1,False,6,False,0,Typical mix
9.666666666666666,4.25,0.5,0.0,0.0,1.0,0.0,31,2,False,8,False,2,Work-focused
7.0,9.0,1.5,0.5,0.0,0.5,2.0,51,1,False,8,False,2,Work-focused
8.533333333333333,0.0,1.5833333333333333,0.0,1.5,0.0,0.0,39,2,False,10,False,0,Typical mix
9.0,0.0,1.4166666666666667,0.0,8.0,0.5,0.0,65,2,False,5,False,1,Social
8.833333333333334,0.0,2.0,0.5,1.6666666666666667,1.0,0.0,66,2,False,8,False,0,Typical mix
11.0,0.0,1.5,0.0,0.0,1.8333333333333333,0.0,56,1,False,6,False,0,Typical mix
11.25,0.0,1.5,0.0,0.0,10.5,0.75,15,2,False,10,False,0,Typical mix
9.5,11.3,0.5,0.0,0.0,0.0,0.0,41,1,False,4,False,2,Work-focused
8.5,0.0,3.0,0.0,0.0,12.333333333333334,0.0,57,1,False,10,False,0,Typical mix
10.0,0.0,2.5833333333333335,0.5,0.0,5.066666666666666,0.0,36,1,False,8,False,0,Typical mix
7.166666666666667,10.166666666666666,0.3333333333333333,0.0,0.0,2.9166666666666665,0.0,39,2,False,10,False,2,Work-focused
8.0,0.0,0.5,0.0,2.45,0.0,0.0,55,2,False,10,False,1,Social
7.333333333333333,0.0,1.0,0.0,0.0,5.083333333333333,0.0,71,2,False,8,False,0,Typical mix
7.416666666666667,8.833333333333334,0.6666666666666666,0.0,0.4166666666666667,1.0,0.0,77,1,False,6,False,2,Work-focused
14.916666666666666,0.0166666666666666,0.9166666666666666,0.3333333333333333,0.0,2.4166666666666665,0.0,32,1,False,6,False,0,Typical mix
6.5,10.0,1.25,0.0,0.0,3.5833333333333335,0.0,62,1,False,7,False,2,Work-focused
6.75,8.166666666666666,1.3333333333333333,0.75,1.5,2.5833333333333335,0.0,55,2,False,9,False,2,Work-focused
7.75,0.0,2.0,0.0,0.0,2.5,0.0,44,1,False,10,False,0,Typical mix
8.933333333333334,0.0,1.25,0.4166666666666667,1.0,3.25,0.0,80,1,False,6,False,0,Typical mix
10.0,0.0,0.0,0.5,0.0,10.666666666666666,2.0,80,2,False,10,False,0,Typical mix
6.75,10.916666666666666,0.5,0.0,0.0,2.25,0.0,50,1,False,8,False,2,Work-focused
7.0,4.75,1.4166666666666667,0.0,0.75,4.733333333333333,2.0,28,1,False,8,False,2,Work-focused
9.15,0.0,0.0,0.0,0.0,0.0,0.0,25,2,False,6,False,0,Typical mix
8.833333333333334,0.0,2.0,3.0,0.0,0.0,0.0,27,1,True,7,False,3,Active
7.833333333333333,0.0,0.5,0.0,0.0,10.433333333333334,0.0,56,1,False,8,False,0,Typical mix
9.2,0.0,1.0,0.0,1.65,1.9666666666666663,0.0,58,2,True,6,False,0,Typical mix
8.0,0.0,0.3333333333333333,2.0,0.0,9.833333333333334,0.0,50,1,True,7,False,0,Typical mix
7.083333333333333,0.0,1.5,0.5,0.15,0.0,0.0,85,2,True,4,False,0,Typical mix
7.5,0.0,1.5,2.5,0.0,0.0,0.0,20,2,True,7,False,3,Active
7.416666666666667,0.4166666666666667,0.6666666666666666,0.0,5.75,1.25,0.0,46,2,True,7,False,1,Social
4.0,0.0,1.0,1.0,0.0,0.0,0.0,46,2,True,9,False,2,Work-focused
7.833333333333333,9.566666666666666,0.6666666666666666,0.6666666666666666,0.0,3.0833333333333335,0.0,80,1,False,5,False,2,Work-focused
8.0,1.0,0.5,0.0,1.5,0.0,0.0,53,2,False,7,False,0,Typical mix
7.5,8.55,0.5,0.0,0.0,0.5,0.0,27,2,False,7,False,2,Work-focused
6.5,8.75,0.6666666666666666,2.6666666666666665,0.0,0.0,0.0,49,2,False,6,False,2,Work-focused
10.0,0.75,0.25,0.0,0.0,6.583333333333333,4.0,58,2,True,8,False,4,Computer-leisure
10.966666666666669,0.0,1.5,0.0,0.0,0.25,0.0,69,1,True,0,False,0,Typical mix
8.0,0.0,1.5,3.2333333333333334,0.0,3.0833333333333335,0.0,26,2,True,7,False,3,Active
9.983333333333333,0.0,1.0,0.0,0.0,2.5,0.0,55,2,True,4,False,0,Typical mix
6.5,8.583333333333334,0.75,0.0,0.0,3.0,0.0,54,2,False,8,False,2,Work-focused
7.0,0.1666666666666666,2.8333333333333335,0.0,2.1666666666666665,0.1666666666666666,0.0,42,1,True,8,False,1,Social
5.75,1.5,1.0,0.0,0.0,7.416666666666667,0.0,34,2,False,6,False,0,Typical mix
11.416666666666666,0.0,0.8333333333333334,0.0,3.0,2.0,0.0,23,2,True,6,False,1,Social
10.833333333333334,0.1666666666666666,0.5,0.3333333333333333,0.0,1.0,0.0,54,1,False,5,False,0,Typical mix
8.983333333333333,0.0,0.1666666666666666,0.0,6.0,1.5,0.0,52,2,True,6,False,1,Social
6.0,5.666666666666667,0.1666666666666666,2.0,0.0,4.3,2.0,48,1,True,7,False,2,Work-focused
9.433333333333334,0.0,0.25,0.0,0.0,1.0,3.3333333333333335,49,1,True,7,False,4,Computer-leisure
6.0,0.0,0.0,0.0,0.0,2.0,0.0,51,2,True,8,False,0,Typical mix
6.75,0.0,0.5,0.0,6.25,0.0,0.0,39,1,True,9,False,1,Social
11.5,0.0,0.75,0.0,0.3333333333333333,9.0,0.0,54,1,True,2,False,0,Typical mix
9.083333333333334,0.0,2.0833333333333335,0.75,0.0,3.3333333333333335,0.0,32,2,True,8,False,0,Typical mix
9.75,0.0,0.8333333333333334,0.0,3.75,0.0,0.0,31,2,True,5,False,1,Social
11.5,0.0,0.5,0.0,0.0,3.0,0.0,46,2,True,6,False,0,Typical mix
6.583333333333333,0.0,1.75,0.0,3.4166666666666665,0.0,0.0,37,2,True,9,False,1,Social
12.0,0.0,0.1666666666666666,0.0,0.0,9.633333333333333,0.0,49,1,True,4,False,0,Typical mix
6.5,13.083333333333334,2.0,0.0,0.0,0.0,0.0,66,1,False,5,False,2,Work-focused
8.0,0.0,2.0,0.0,0.0,2.0,0.0,61,1,True,8,False,0,Typical mix
7.0,7.783333333333333,1.25,0.0,0.0,3.5833333333333335,0.0,58,2,False,7,False,2,Work-focused
10.833333333333334,0.0,1.9166666666666667,0.0,0.0,2.3333333333333335,0.0,23,2,True,8,False,0,Typical mix
9.5,0.0,0.9166666666666666,0.0,0.0,8.0,0.0,53,2,True,10,False,0,Typical mix
7.0,4.666666666666667,0.3333333333333333,0.0,0.0,0.5,0.0,19,2,True,6,False,2,Work-focused
9.0,8.333333333333334,1.5,0.0,3.3333333333333335,0.0,0.0,57,1,True,8,False,1,Social
9.0,0.0,0.5,0.0,0.5,5.5,0.0,39,2,True,10,False,0,Typical mix
5.75,0.0,1.5,0.0,0.0,3.5,0.0,20,2,True,7,False,0,Typical mix
4.25,8.316666666666666,0.6666666666666666,0.0,4.166666666666667,2.4,1.8,62,1,True,6,False,1,Social
12.833333333333334,3.0,0.1666666666666666,0.0,3.0,0.0,0.1666666666666666,47,2,True,7,False,1,Social
9.5,0.0,1.5,0.75,5.166666666666667,0.0,0.0,36,2,True,7,False,1,Social
9.0,0.0,1.5,0.0,0.0,7.666666666666667,2.0,64,1,True,8,False,0,Typical mix
9.333333333333334,10.166666666666666,1.0,0.0,0.0,1.0,0.0,70,2,False,10,False,2,Work-focused
12.5,0.0,1.3333333333333333,0.0,0.0,0.0,0.0,67,2,True,10,False,0,Typical mix
12.666666666666666,0.0,0.0,0.0,2.0,0.0,0.0,46,2,True,9,False,0,Typical mix
14.0,0.0,0.25,0.0,0.0,9.083333333333334,0.0,28,2,True,8,False,0,Typical mix
8.25,0.0,1.6666666666666667,0.0,0.25,3.0833333333333335,0.0,33,2,False,8,False,0,Typical mix
10.083333333333334,0.0,0.3333333333333333,0.0,2.25,0.0,0.0,33,2,False,3,False,1,Social
15.0,0.0,1.0,0.0,0.0,1.5,0.0,15,2,False,9,False,0,Typical mix
3.95,9.916666666666666,0.5,0.1666666666666666,2.0,1.0,0.0,62,1,False,7,False,2,Work-focused
7.316666666666666,0.0,1.0,0.0,0.0,0.0,0.0,32,1,True,7,False,0,Typical mix
4.0,7.666666666666667,1.3333333333333333,0.0,0.0,0.0,0.0,53,1,True,7,False,2,Work-focused
11.966666666666669,0.0,0.6166666666666667,1.0,0.0,4.333333333333333,0.0,15,2,False,6,False,0,Typical mix
9.8,6.366666666666666,0.5,0.0,0.0,2.0,0.6666666666666666,54,2,False,8,False,2,Work-focused
9.916666666666666,0.0,1.5,0.0,0.0,0.8333333333333334,0.0,63,2,False,10,False,0,Typical mix
7.583333333333333,3.0,1.4166666666666667,0.0,0.8333333333333334,2.0,0.0,50,1,True,10,False,0,Typical mix
10.266666666666667,0.0,1.5,0.0,5.0,3.0,0.0,45,2,True,9,False,1,Social
7.0,0.0,0.5,0.0,0.0,14.166666666666666,0.0,76,2,True,10,False,0,Typical mix
5.0,0.0,0.0,3.0,13.0,0.0,0.0,20,1,True,10,False,1,Social
15.666666666666666,0.0,1.0,0.0,0.0,4.0,0.0,36,1,True,3,False,0,Typical mix
14.0,0.0,0.1666666666666666,0.0,0.0,6.833333333333333,0.0,23,1,True,5,False,0,Typical mix
15.333333333333334,0.0,0.0,0.0,0.0,5.0,0.0,47,2,True,7,False,0,Typical mix
16.833333333333332,0.0,2.0,0.0,0.0,1.0,0.0,31,1,True,8,False,0,Typical mix
8.083333333333334,0.0,1.25,0.3333333333333333,1.0833333333333333,0.0,0.0,58,2,True,7,False,0,Typical mix
9.0,0.0,1.5,0.0,3.5,6.816666666666666,0.0,46,2,True,7,False,1,Social
7.5,0.0,1.0,0.0,0.0,4.25,1.0,59,2,True,10,False,0,Typical mix
7.25,5.25,1.0,0.0,0.0,2.5,0.0,42,1,False,6,False,2,Work-focused
9.5,0.0,1.5,0.0,1.5,3.0,0.0,73,2,True,10,False,0,Typical mix
8.5,7.833333333333333,0.25,1.5,0.0,0.0,0.0,31,1,False,8,False,2,Work-focused
6.25,7.5,0.5,0.0,0.0,3.6666666666666665,0.0,47,2,False,6,False,2,Work-focused
7.666666666666667,0.0,0.6666666666666666,0.0,0.0,0.6666666666666666,0.0,34,1,True,8,False,0,Typical mix
8.0,0.9166666666666666,0.3333333333333333,0.0,0.0,1.5833333333333333,0.0,62,1,True,6,False,0,Typical mix
4.75,8.0,1.6666666666666667,1.0,2.0,1.9166666666666667,0.25,19,1,False,7,False,2,Work-focused
9.0,0.0,0.75,0.75,5.416666666666667,3.3333333333333335,0.0,33,2,True,7,False,1,Social
9.5,0.0,1.5,1.5,0.0,1.75,0.0,28,2,True,8,False,0,Typical mix
10.0,0.0,1.0833333333333333,0.0,6.0,0.0,0.0,80,2,True,5,False,1,Social
7.916666666666667,0.0,1.25,0.0,0.0,1.3333333333333333,0.0,51,1,True,5,False,0,Typical mix
8.416666666666666,0.0,2.0,0.0,0.0,4.5,0.0,68,2,True,10,False,0,Typical mix
10.5,0.0,4.0,0.0,0.0,4.0,0.0,30,2,True,6,False,0,Typical mix
9.416666666666666,0.0,0.0,0.0,0.0,3.0,0.0,85,2,False,7,False,0,Typical mix
10.5,0.0,1.3333333333333333,0.0,1.3666666666666667,2.1666666666666665,0.0,32,2,True,7,False,0,Typical mix
7.5,0.0,0.5833333333333334,0.0,0.0,7.333333333333333,0.0,65,1,False,7,False,0,Typical mix
8.5,9.25,0.75,0.0,0.0,0.0,0.0,33,1,False,6,False,2,Work-focused
10.166666666666666,0.25,2.0,0.0,0.0,1.9166666666666667,0.0,29,1,True,6,False,0,Typical mix
9.75,0.0,2.6666666666666665,0.0,0.0,1.25,0.0,44,1,True,7,False,0,Typical mix
8.0,0.0,0.0,1.6666666666666667,0.0,2.0,0.0,57,1,True,5,False,0,Typical mix
7.166666666666667,8.25,0.8,0.0,0.0,2.25,0.0,50,2,False,9,False,2,Work-focused
9.75,0.0,1.25,0.0,0.0,0.0,0.0,27,1,True,3,False,0,Typical mix
5.75,0.0,1.2833333333333334,1.0,5.083333333333333,0.8333333333333334,0.0,36,2,True,7,False,1,Social
6.25,12.166666666666666,1.0,0.0,0.0,0.0,0.0,29,2,False,9,False,2,Work-focused
10.25,0.0,1.0,0.0,3.0,3.9166666666666665,0.0,49,1,True,6,False,1,Social
6.25,0.0,1.5,5.5,0.1666666666666666,2.8333333333333335,0.0,77,1,True,3,False,3,Active
8.0,0.0,0.25,0.0,0.0,6.583333333333333,0.0,50,2,False,6,False,0,Typical mix
8.5,0.0,2.0,0.0,0.0,0.0,0.0,24,2,True,5,False,0,Typical mix
11.0,0.0,1.5,0.0,0.0,0.5,0.0,35,1,True,10,False,0,Typical mix
5.816666666666666,0.0,1.5,0.0,2.0,0.5,0.0,47,2,True,9,False,1,Social
11.5,0.0,1.75,0.5,0.0,2.683333333333333,0.0,80,1,True,8,False,0,Typical mix
8.0,7.0,2.5,0.0,0.0,2.0,0.8333333333333334,25,2,False,7,False,2,Work-focused
10.75,1.0,1.25,2.0,1.0,0.5166666666666667,0.0,51,2,True,7,False,0,Typical mix
5.5,0.0,0.5,0.0,0.0,0.0,0.0,44,1,True,8,False,0,Typical mix
7.916666666666667,8.166666666666666,0.5,0.0,0.0,2.683333333333333,0.0,59,2,True,7,False,2,Work-focused
8.0,0.0,0.5,0.0,0.0,2.0,0.0,31,1,True,9,False,0,Typical mix
5.75,9.0,0.8333333333333334,0.0,0.0,1.0,0.0,44,1,False,7,False,2,Work-focused
8.5,7.583333333333333,0.75,1.0,1.9,0.0,0.0,18,1,False,8,False,2,Work-focused
9.0,0.0,1.5,0.0,0.0,4.75,0.0,60,2,True,2,False,0,Typical mix
4.5,0.0,2.0,0.0,0.0,6.133333333333334,0.0,73,2,True,8,False,0,Typical mix
8.0,0.0,0.5833333333333334,0.0,0.0,4.0,0.0,35,2,True,10,False,0,Typical mix
8.716666666666667,0.0,0.3333333333333333,0.0,0.0,0.0,0.0,32,2,True,8,False,0,Typical mix
7.466666666666667,0.0,0.3333333333333333,0.0,0.0,5.2,0.0,26,2,False,7,False,0,Typical mix
8.0,0.0,1.1666666666666667,0.0,3.5,0.8333333333333334,0.0,80,1,False,8,False,1,Social
5.0,16.166666666666668,0.3333333333333333,0.0,0.0,0.0,0.0,59,2,False,5,False,2,Work-focused
9.5,0.0,0.8333333333333334,0.0,0.0,8.416666666666666,0.0,73,1,True,9,False,0,Typical mix
8.25,7.833333333333333,1.75,1.0,0.75,0.0,0.0,45,1,False,8,False,2,Work-focused
13.0,3.9166666666666665,0.6666666666666666,0.0,0.0,2.5833333333333335,1.0,20,2,False,6,False,0,Typical mix
14.0,0.0,1.25,0.0,0.0,3.316666666666667,0.5,45,2,True,5,False,0,Typical mix
8.383333333333333,6.9,0.3333333333333333,0.0,0.5,2.0,0.0,55,2,False,7,False,2,Work-focused
7.0,9.25,1.5,0.0,0.5,2.5,0.0,49,2,False,8,False,2,Work-focused
8.333333333333334,0.0,0.25,0.0,5.583333333333333,0.0,0.0,45,2,True,3,False,1,Social
8.5,0.0,0.5,1.0,0.0,6.333333333333333,0.0,22,1,True,8,False,0,Typical mix
13.75,0.0,1.0833333333333333,0.0,4.166666666666667,0.0,0.0,41,1,True,2,False,1,Social
8.25,0.0,1.6666666666666667,0.0,1.3333333333333333,2.066666666666667,0.0,30,1,True,9,False,0,Typical mix
15.0,0.0,0.25,7.5,0.0,0.0,0.0,18,1,True,7,False,3,Active
8.0,0.0,0.5,2.0,0.0,3.0,0.0,46,2,False,10,False,0,Typical mix
9.0,0.0,0.9166666666666666,1.0,0.0,10.666666666666666,0.0,58,1,False,4,False,0,Typical mix
10.666666666666666,0.0,1.5,0.0,1.0,2.5,0.0,60,2,True,5,False,0,Typical mix
9.3,0.0,2.0,0.0,4.166666666666667,0.8666666666666667,0.0,67,1,True,10,False,1,Social
4.0,0.0,0.4166666666666667,1.0,3.95,3.5833333333333335,3.0,42,1,True,5,False,4,Computer-leisure
10.75,0.0,1.0,0.0,0.0,1.0,0.0,37,2,True,8,False,0,Typical mix
7.5,0.0,1.25,0.0,0.0,4.783333333333333,0.0,26,2,True,2,False,0,Typical mix
10.666666666666666,0.0,0.1666666666666666,0.5,0.0,9.666666666666666,0.0,56,2,False,3,False,0,Typical mix
2.5,0.0,2.6666666666666665,0.0,0.0,2.6666666666666665,0.0,22,2,False,9,False,0,Typical mix
12.416666666666666,0.0,0.0,0.0,1.0,2.0,0.0,48,1,True,10,False,0,Typical mix
7.0,2.0,1.45,1.4,0.0,0.3333333333333333,0.0,29,2,False,7,False,0,Typical mix
5.833333333333333,4.0,1.25,0.0,0.0,1.25,0.0,61,2,True,10,False,2,Work-focused
6.0,0.0,0.5,0.0,1.75,6.833333333333333,0.0,69,1,True,2,False,0,Typical mix
5.75,0.0,2.0,0.0,0.0,1.2333333333333334,0.0,47,2,True,10,False,0,Typical mix
6.5,7.25,0.5833333333333334,0.0,0.0,4.5,0.0,32,1,False,3,False,2,Work-focused
9.0,0.0,1.1166666666666667,0.0,0.0,3.8833333333333337,0.0,47,2,False,0,False,0,Typical mix
8.5,0.0,2.0,1.0,0.0,4.0,0.0,58,2,False,10,False,0,Typical mix
10.416666666666666,0.0,0.3333333333333333,0.0,1.0833333333333333,3.75,0.0,74,2,True,7,False,0,Typical mix
6.5,0.0,0.75,0.0,0.0,13.05,0.0,45,2,True,3,False,0,Typical mix
8.5,0.0,0.75,1.0,3.0,5.066666666666666,0.0,65,2,True,7,False,1,Social
6.0,0.0,0.0833333333333333,0.0,1.5,5.916666666666667,0.0,37,1,True,10,False,0,Typical mix
4.833333333333333,5.783333333333333,0.25,0.0,0.75,1.1,0.0,53,2,False,9,False,2,Work-focused
10.166666666666666,0.0,0.3333333333333333,0.0,0.0,4.0,0.0,21,2,False,3,False,0,Typical mix
13.5,0.0,0.3333333333333333,0.0,0.0,0.0,0.0,35,2,True,5,False,0,Typical mix
11.0,0.0,0.5,0.0,1.1666666666666667,10.283333333333331,0.0,48,2,True,3,False,0,Typical mix
11.5,0.0,0.5833333333333334,0.0,0.8333333333333334,5.75,0.0,73,2,True,8,False,0,Typical mix
8.5,0.0,1.0,0.0,0.75,3.9166666666666665,0.0,27,2,True,6,False,0,Typical mix
8.7,0.0,0.8333333333333334,0.0,3.0,4.166666666666667,0.0,49,2,True,5,False,1,Social
4.916666666666667,0.75,2.0,0.5,0.4166666666666667,5.416666666666667,0.0,35,1,False,8,False,0,Typical mix
11.0,0.0,1.0,0.0,0.0,4.483333333333333,0.0,66,2,False,5,False,0,Typical mix
12.0,0.0,3.5,0.0,2.0,0.0,0.0,54,2,True,4,False,0,Typical mix
11.0,1.5,1.0,4.0,0.0,0.0,0.0,15,1,True,7,False,3,Active
9.5,8.083333333333334,0.3333333333333333,0.0,0.0,2.0,0.0,34,2,False,0,False,2,Work-focused
8.583333333333334,8.25,1.25,0.0,0.0,0.4166666666666667,0.0,46,1,False,8,False,2,Work-focused
9.5,0.0,0.75,0.6666666666666666,0.5,0.5,0.0,66,2,False,8,False,0,Typical mix
10.5,0.0,1.25,0.0,0.0,2.0,0.0,54,2,False,6,False,0,Typical mix
8.5,0.0,0.25,0.0,0.0,3.5833333333333335,1.0,52,1,True,8,False,0,Typical mix
8.5,0.0,0.5,0.0,1.0,0.0,0.0,37,1,True,7,False,0,Typical mix
5.0,0.0,0.25,3.0,0.0,8.916666666666666,0.0,85,2,False,10,False,3,Active
9.0,0.0,2.6666666666666665,1.25,0.0,4.25,0.0,66,1,False,4,False,0,Typical mix
8.333333333333334,10.0,0.5,0.0,0.0,0.0,0.0,41,2,True,8,False,2,Work-focused
6.0,6.966666666666667,2.1,0.75,0.0,2.8333333333333335,0.0,50,2,False,6,False,2,Work-focused
6.5,9.75,2.5,0.0,0.0,0.0,0.0,43,1,False,8,False,2,Work-focused
8.033333333333333,0.0,0.5,0.25,1.0,0.0,1.5,47,2,False,4,False,0,Typical mix
6.0,0.0,0.5,0.0,0.5,3.8333333333333335,0.0,69,1,False,10,False,0,Typical mix
9.5,0.0,0.9166666666666666,0.5833333333333334,0.0,0.0,0.0,73,2,False,8,False,0,Typical mix
10.333333333333334,0.0,1.0833333333333333,0.0,0.0,4.833333333333333,0.0,34,2,False,3,False,0,Typical mix
7.5,0.0,0.5833333333333334,0.0,0.0,15.55,0.0,69,1,False,8,False,0,Typical mix
11.5,0.1666666666666666,0.5,0.0,0.0,1.0,0.0,47,1,True,5,False,0,Typical mix
6.5,8.233333333333333,0.9166666666666666,0.0,1.0,0.0,1.0,54,2,False,8,False,2,Work-focused
8.95,0.0,1.5,0.0,0.0,0.0,0.0,28,2,True,9,False,0,Typical mix
8.0,0.0,2.0,0.0,2.25,1.5,0.0,80,2,True,8,False,1,Social
10.0,0.0,0.5,0.0,0.0,3.0,0.0,35,2,True,7,False,0,Typical mix
11.0,0.0,1.5,2.0,0.0,0.0,0.0,34,1,True,8,False,0,Typical mix
8.5,0.0,2.0,0.0,0.0,7.0,0.0,61,1,False,7,False,0,Typical mix
8.5,0.0,1.75,0.0,0.0,5.75,0.0,74,1,True,8,False,0,Typical mix
9.0,0.0,0.1666666666666666,0.25,0.0833333333333333,3.75,0.0,27,1,False,7,False,0,Typical mix
10.75,0.0,1.25,0.0,0.0,4.0,0.0,75,2,True,6,False,0,Typical mix
6.166666666666667,7.916666666666667,1.1666666666666667,0.0,0.0,5.083333333333333,0.0,43,1,False,7,False,2,Work-focused
9.5,0.0,2.25,0.0,1.4666666666666666,1.0833333333333333,2.3333333333333335,77,2,True,7,False,4,Computer-leisure
8.166666666666666,6.75,1.5,0.0,0.0,4.916666666666667,0.0,42,2,False,10,False,2,Work-focused
12.666666666666666,0.0,1.5,0.0,0.0,0.0,0.0,34,2,True,10,False,0,Typical mix
7.25,0.0,1.0,2.5,0.0,6.5,3.6666666666666665,65,1,False,7,False,4,Computer-leisure
10.0,0.0,1.0,0.0,0.0,8.75,0.0,85,2,False,8,False,0,Typical mix
9.133333333333333,9.05,0.8333333333333334,0.0,0.0,1.6666666666666667,0.0,30,2,True,7,False,2,Work-focused
11.5,0.0,2.3333333333333335,0.0,0.75,1.0,0.0,22,2,True,4,False,0,Typical mix
10.416666666666666,0.0,0.6666666666666666,0.0,0.0,0.25,0.0,85,1,False,8,False,0,Typical mix
9.9,0.0,0.4166666666666667,0.0,0.0,0.3333333333333333,1.0,30,2,True,6,False,0,Typical mix
9.5,0.0,0.9166666666666666,0.0,2.0,3.55,3.966666666666667,29,1,False,10,False,4,Computer-leisure
6.583333333333333,0.0,1.25,0.0,1.5,1.75,0.0,17,1,False,7,False,0,Typical mix
9.35,4.633333333333334,1.5,0.0,0.5,0.5,2.0,66,1,True,8,False,2,Work-focused
8.5,5.5,0.5,0.0,0.0,3.5,0.0,50,2,False,8,False,2,Work-focused
9.0,0.0,0.25,0.0,9.75,0.0,0.0,18,1,True,5,False,1,Social
6.416666666666667,14.083333333333334,1.0833333333333333,0.0,0.0,0.0,0.0,32,1,False,8,False,2,Work-focused
11.5,0.0,1.0,0.0,1.0,5.0,0.0,32,2,True,5,False,0,Typical mix
9.25,0.0,1.75,0.0,0.25,1.45,0.0,46,2,True,4,False,0,Typical mix
7.5,9.0,1.5,0.5833333333333334,1.0,0.0,0.0,53,1,False,0,False,2,Work-focused
6.433333333333334,12.833333333333334,1.0,0.0,0.0,0.0,0.0,40,1,False,7,False,2,Work-focused
6.5,0.0,2.25,1.0,0.0,2.15,0.0,69,1,False,5,False,0,Typical mix
5.666666666666667,0.0,1.9166666666666667,0.5,2.1666666666666665,3.5,0.0,85,2,True,0,False,1,Social
10.0,0.0,0.3333333333333333,0.8333333333333334,0.0,1.8333333333333333,0.0,59,2,True,7,False,0,Typical mix
9.0,1.0,0.8333333333333334,1.5,0.0,1.5,0.0,43,2,True,7,False,0,Typical mix
9.416666666666666,7.25,1.4166666666666667,1.25,0.0,0.25,0.0,27,1,False,6,False,2,Work-focused
10.416666666666666,0.0,1.0,0.0,0.0,0.0,0.0,31,2,False,4,False,0,Typical mix
10.0,0.0,0.5,0.0,0.0,7.666666666666667,0.0,51,2,False,5,False,0,Typical mix
16.75,0.0,0.25,0.0,0.0,4.0,0.0,85,2,False,10,False,0,Typical mix
8.0,0.0,2.5166666666666666,0.0,1.5,2.0,0.0,71,1,False,10,False,0,Typical mix
10.0,0.0,1.6666666666666667,4.833333333333333,0.0,5.5,0.0,40,2,True,10,False,3,Active
10.666666666666666,0.0,0.5833333333333334,0.0,2.5,3.0,2.7333333333333334,25,1,True,6,False,4,Computer-leisure
11.5,0.0,2.5,7.0,0.0,1.5,0.0,21,1,True,7,False,3,Active
6.633333333333334,10.983333333333333,0.0166666666666666,0.75,0.0,0.0,0.0,51,2,False,8,False,2,Work-focused
7.0,8.816666666666666,1.4166666666666667,0.0,0.0,0.75,0.0,51,2,False,6,False,2,Work-focused
5.666666666666667,0.0,1.0,0.0,0.0,6.566666666666666,0.0,80,1,True,8,False,0,Typical mix
8.0,0.0,0.5,0.0,0.0,5.0,0.0,65,1,True,8,False,0,Typical mix
9.25,7.25,0.4166666666666667,0.0,0.0,0.0,3.55,29,2,True,5,False,4,Computer-leisure
8.216666666666667,8.05,1.95,1.2833333333333334,0.0,2.1333333333333333,0.0,27,1,False,10,False,2,Work-focused
8.0,0.0,0.5833333333333334,1.3333333333333333,1.0,3.8333333333333335,0.0,43,2,True,8,False,0,Typical mix
13.5,0.0,0.5,0.0,0.0,1.0,0.0,33,1,True,5,False,0,Typical mix
6.416666666666667,8.0,3.3,2.55,0.8333333333333334,0.0,0.0,25,2,False,10,False,3,Active
10.75,0.0,0.5833333333333334,0.0,0.0,8.0,0.0,78,2,False,10,False,0,Typical mix
8.983333333333333,0.0,0.3333333333333333,0.0,3.2333333333333334,3.216666666666667,0.0,71,2,True,7,False,1,Social
8.833333333333334,11.0,1.0,0.0,0.0,1.0,0.0,45,1,True,6,False,2,Work-focused
10.25,8.333333333333334,0.75,0.0,0.0,1.5833333333333333,0.0,56,2,True,8,False,2,Work-focused
8.083333333333334,9.083333333333334,1.6666666666666667,1.5,0.0,0.5,0.0,53,1,False,8,False,2,Work-focused
12.0,0.0,1.0,0.0,0.0,4.833333333333333,0.0,27,2,True,4,False,0,Typical mix
7.25,6.266666666666667,1.1666666666666667,0.5,0.5,2.933333333333333,0.6666666666666666,35,1,False,7,False,2,Work-focused
11.0,7.666666666666667,0.5,0.0,0.0,1.8833333333333333,0.0,29,2,True,8,False,2,Work-focused
1.0,13.583333333333334,1.0,0.0,5.75,0.0,0.0,40,2,True,8,False,2,Work-focused
10.0,0.0,0.5,0.0,0.0,2.0,0.0,20,1,True,10,False,0,Typical mix
12.75,0.0,1.25,0.0,0.0,6.0,0.0,51,2,True,8,False,0,Typical mix
11.416666666666666,0.0,0.75,2.0,0.0,5.25,0.0,35,2,True,7,False,0,Typical mix
10.5,0.0,1.0,0.0,1.5,4.0,0.0,80,2,False,6,False,0,Typical mix
12.816666666666666,0.0,0.3333333333333333,0.0,3.0,0.0,0.3333333333333333,69,1,True,5,False,1,Social
10.0,0.0,5.5,0.0,0.0,1.5,0.0,75,1,True,7,False,0,Typical mix
11.0,0.0,1.9166666666666667,0.0,0.0,0.0,0.0,58,2,True,5,False,0,Typical mix
7.5,0.0,1.5,1.25,0.75,4.583333333333333,1.5,76,1,False,6,False,0,Typical mix
12.5,0.0,0.5,0.25,0.0,0.0,0.0,64,2,True,8,False,0,Typical mix
12.0,0.1666666666666666,1.3333333333333333,0.0,2.4166666666666665,0.4166666666666667,0.0,33,2,True,8,False,1,Social
6.5,0.0,4.416666666666667,0.0,1.0,0.5,0.0,58,2,False,8,False,0,Typical mix
10.0,0.0,0.5,0.0,0.0,1.9166666666666667,0.0,29,2,True,6,False,0,Typical mix
6.5,8.416666666666666,0.8333333333333334,0.0,0.75,0.0,0.0,43,2,False,5,False,2,Work-focused
6.5,9.45,1.05,0.0,0.0,3.0,0.0,49,1,False,9,False,2,Work-focused
13.666666666666666,9.25,0.0,0.0,0.0,0.0,0.0,19,2,True,6,False,2,Work-focused
9.5,0.0,1.0,0.0,3.5,1.5,0.0,45,1,False,8,False,1,Social
8.0,1.0,1.0,1.0,0.0,0.0,0.0,49,1,True,6,False,0,Typical mix
7.0,11.75,0.8333333333333334,1.0,0.0,0.75,0.5,38,1,False,7,False,2,Work-focused
8.0,0.0,1.5,0.0,0.0,8.416666666666666,5.5,59,2,False,5,False,4,Computer-leisure
13.333333333333334,0.0,0.0,0.0,0.0,0.0,0.0,52,2,True,5,False,0,Typical mix
8.75,0.0,1.5,0.0,4.583333333333333,2.0,0.0,71,1,True,10,False,1,Social
13.083333333333334,0.0,0.5,0.0,0.0,3.0,0.0,80,1,False,7,False,0,Typical mix
8.0,0.0,0.4166666666666667,0.0,0.0,8.75,0.0,76,2,False,8,False,0,Typical mix
9.0,0.0,0.75,0.0,0.0,5.5,0.0,65,2,False,3,False,0,Typical mix
8.916666666666666,0.0,0.3333333333333333,0.0,3.5833333333333335,2.9166666666666665,0.0,49,2,True,8,False,1,Social
9.966666666666669,5.5,0.5,0.0,0.0,2.1666666666666665,0.0,39,2,False,5,False,2,Work-focused
7.5,0.0,1.1666666666666667,1.0,0.0,2.0,0.0,39,2,True,8,False,0,Typical mix
6.25,3.0,2.5,1.5,4.5,0.0,0.0,50,1,True,9,False,1,Social
9.483333333333333,0.0,0.1666666666666666,0.3333333333333333,2.25,4.5,0.0,34,2,False,10,False,0,Typical mix
0.0,9.083333333333334,0.6666666666666666,0.0,0.0,11.0,0.0,25,2,False,7,False,2,Work-focused
8.733333333333333,0.0,1.0,0.0,1.0,2.6166666666666667,0.0,54,2,True,10,False,0,Typical mix
6.633333333333334,0.0,1.0,0.0,7.883333333333334,5.0,0.0,17,2,True,8,False,1,Social
10.5,0.0,0.3333333333333333,0.0,1.0,0.0,0.0,39,2,False,8,False,0,Typical mix
11.0,0.0,0.0,1.5,4.7,2.0,0.0,70,1,True,9,False,1,Social
11.5,0.0,1.5,0.0,4.483333333333333,5.116666666666666,0.0,40,1,True,4,False,1,Social
11.75,0.0,1.3333333333333333,0.0,0.0,1.9166666666666667,0.0,32,2,True,8,False,0,Typical mix
15.833333333333334,0.0,0.25,0.0,0.0,0.0,0.0,80,1,True,1,False,0,Typical mix
13.75,0.0,0.5,0.0,0.0,3.0,0.0,48,1,True,8,False,0,Typical mix
6.5,8.583333333333334,0.25,1.75,0.0,0.0,0.0,30,2,False,1,False,2,Work-focused
8.216666666666667,0.0,1.5,1.5,2.6666666666666665,4.466666666666667,0.0,32,2,False,10,False,1,Social
10.0,0.0,0.6666666666666666,0.25,0.0,3.5,0.0,85,2,True,5,False,0,Typical mix
6.0,7.416666666666667,1.5,0.0,0.0,3.316666666666667,0.0,68,2,True,5,False,2,Work-focused
10.166666666666666,0.0,3.0,0.0,0.0,5.0,0.0,80,1,False,9,False,0,Typical mix
8.25,0.0,0.25,0.0,2.283333333333333,2.9833333333333334,0.5,42,2,False,6,False,1,Social
6.866666666666666,5.316666666666666,0.3333333333333333,0.0,2.0166666666666666,0.0,0.0,19,1,True,7,False,2,Work-focused
9.25,0.0,0.75,0.0,0.0,1.0,0.0,68,2,False,9,False,0,Typical mix
10.083333333333334,0.0,1.0833333333333333,0.0,1.0,0.0,0.0,38,2,True,9,False,0,Typical mix
7.416666666666667,10.75,0.25,0.0,0.5,0.0,0.0,55,1,False,7,False,2,Work-focused
13.5,9.0,1.5,0.0,0.0,0.0,0.0,32,1,False,5,False,2,Work-focused
10.333333333333334,0.0,0.5,0.0,0.0,0.25,0.0,37,2,False,7,False,0,Typical mix
13.866666666666667,0.0,3.5,0.0,0.0,1.75,0.0,51,1,True,6,False,0,Typical mix
9.25,9.5,1.1666666666666667,1.1666666666666667,0.0,0.0,0.0,49,1,False,7,False,2,Work-focused
7.916666666666667,0.0,1.0,0.0,2.5,5.25,0.0,68,1,True,2,False,1,Social
8.5,8.883333333333333,1.9166666666666667,0.0,0.0,3.6333333333333337,0.0,40,1,False,8,False,2,Work-focused
8.25,0.0,1.25,1.0,0.0,2.0,0.0,30,2,True,9,False,0,Typical mix
10.5,0.0,1.0,0.0,0.0,11.25,0.0,63,1,True,8,False,0,Typical mix
5.5,12.083333333333334,1.75,0.0,0.0,0.0,0.0,59,2,False,7,False,2,Work-focused
2.5833333333333335,0.0,3.1666666666666665,4.75,1.0,2.1666666666666665,0.0,26,2,True,8,False,3,Active
8.0,7.833333333333333,1.4166666666666667,0.0,0.0,0.0,0.0,52,2,False,9,False,2,Work-focused
7.0,0.0,0.8333333333333334,0.0,1.6666666666666667,0.5,0.0,45,2,True,8,False,0,Typical mix
11.0,0.0,0.3666666666666666,0.0,0.0,6.383333333333334,0.0,47,1,True,10,False,0,Typical mix
10.5,0.0,0.25,0.0,6.916666666666667,3.6666666666666665,0.0,33,1,True,8,False,1,Social
8.0,0.0,1.0833333333333333,0.6666666666666666,1.6666666666666667,3.4166666666666665,0.0,74,2,True,5,False,0,Typical mix
6.35,9.466666666666669,0.5,0.0,0.0,5.5,0.0,42,2,False,5,False,2,Work-focused
11.416666666666666,0.0,1.75,0.0,1.0,0.0,0.0,47,2,False,6,False,0,Typical mix
3.5,0.0,0.5,0.0,0.0,0.0,0.0,49,2,False,7,False,2,Work-focused
11.25,0.0,0.75,0.0,0.0,7.666666666666667,0.0,58,2,False,4,False,0,Typical mix
8.0,0.0,0.9166666666666666,0.0,0.0,12.75,0.0,79,1,True,8,False,0,Typical mix
8.0,0.0,2.5,0.0,2.0,3.0,0.0,52,1,True,10,False,0,Typical mix
9.066666666666666,0.0,0.5833333333333334,3.0,0.0,1.9666666666666663,0.0,19,1,True,7,False,3,Active
7.5,2.5,1.0,0.0,0.0,0.5,0.0,45,2,True,8,False,2,Work-focused
7.5,7.916666666666667,0.6666666666666666,1.1666666666666667,0.0,2.5833333333333335,0.3333333333333333,39,2,False,7,False,2,Work-focused
9.0,0.0,0.75,0.0,0.0,5.233333333333333,0.0,58,2,True,5,False,0,Typical mix
9.5,0.0,0.6666666666666666,0.0,0.0,4.166666666666667,0.0,75,2,False,7,False,0,Typical mix
11.5,0.0,1.0,0.0,2.3333333333333335,2.8333333333333335,0.0,65,1,True,10,False,0,Typical mix
6.5,0.0,3.25,0.0,0.0,1.5,0.0,56,1,True,4,False,0,Typical mix
9.916666666666666,0.0,1.5,0.0,1.0,0.0,0.0,57,2,True,9,False,0,Typical mix
9.0,2.1666666666666665,1.3333333333333333,0.75,0.5,2.8333333333333335,0.0,52,2,True,10,False,0,Typical mix
9.0,0.0,0.0,0.0,0.0,0.0,0.0,28,2,True,7,False,0,Typical mix
9.5,0.0,2.5,4.0,1.5,0.5,0.0,48,2,True,9,False,3,Active
8.833333333333334,7.033333333333333,1.4166666666666667,0.3333333333333333,0.9166666666666666,1.5,0.0,30,2,False,10,False,2,Work-focused
6.8,0.0,1.4166666666666667,0.0,0.0,7.25,0.0,67,1,True,8,False,0,Typical mix
4.75,0.0,2.25,0.0,0.0,14.25,0.0,73,2,False,8,False,0,Typical mix
13.0,0.0,1.5,0.0,0.0,3.5833333333333335,0.0,15,1,True,9,False,0,Typical mix
10.316666666666666,0.0,2.8833333333333333,0.0,1.6666666666666667,1.8333333333333333,0.0,85,1,False,8,False,0,Typical mix
10.166666666666666,0.0,2.1666666666666665,0.0,0.0,0.0,0.0,56,2,True,8,False,0,Typical mix
8.0,0.0,0.75,0.0,0.0,5.25,0.0,62,2,True,6,False,0,Typical mix
6.5,9.0,2.0,0.0,0.0,3.0,0.0,43,1,False,7,False,2,Work-focused
11.0,0.0,2.7333333333333334,0.0,0.75,0.0,0.0,57,2,True,8,False,0,Typical mix
14.416666666666666,0.0,0.5,0.0,0.6666666666666666,2.0,0.0,29,2,True,7,False,0,Typical mix
8.6,0.0,0.9166666666666666,0.0,3.1666666666666665,5.666666666666667,0.0,72,2,True,10,False,1,Social
7.983333333333333,0.0,0.5,6.233333333333333,3.0,0.0,0.0,21,1,True,7,False,3,Active
10.383333333333333,0.0,1.5,3.6666666666666665,0.0,5.5,0.0,16,1,False,7,False,3,Active
8.166666666666666,0.0,1.0,0.0,0.5,2.6666666666666665,0.0,45,2,True,8,False,0,Typical mix
8.883333333333333,0.0,0.5,0.0,0.0,2.5,0.0,37,2,False,8,False,0,Typical mix
7.833333333333333,0.0,1.0833333333333333,0.0,1.0,5.25,0.0,85,2,False,8,False,0,Typical mix
4.916666666666667,0.0,1.4666666666666666,1.5,0.3333333333333333,5.783333333333333,0.0,35,1,False,7,False,0,Typical mix
5.5,0.0,2.0,0.0,1.25,2.5,0.0,55,2,False,5,False,0,Typical mix
8.333333333333334,0.0,0.25,0.0,0.0,1.0,0.0,65,2,True,8,False,0,Typical mix
6.5,7.0,0.3333333333333333,0.0,0.0,1.5,0.0,65,2,False,8,False,2,Work-focused
6.75,4.833333333333333,0.5,0.0,1.6666666666666667,0.5,0.0,64,2,False,8,False,2,Work-focused
7.25,0.0,2.25,0.0,0.9166666666666666,0.75,0.0,80,2,False,10,False,0,Typical mix
6.5,8.0,2.3333333333333335,0.0,0.0,0.0,0.0,59,2,False,8,False,2,Work-focused
9.0,0.0,0.6666666666666666,0.0,1.5,9.25,0.3333333333333333,64,1,True,8,False,0,Typical mix
11.916666666666666,0.0,2.0,0.0,0.0,2.3333333333333335,0.0,56,2,True,6,False,0,Typical mix
11.5,0.0,1.5,0.0,0.0,0.0,0.0,76,2,True,10,False,0,Typical mix
8.916666666666666,0.0,1.75,0.0,1.5833333333333333,2.216666666666667,0.0,74,2,False,8,False,0,Typical mix
9.25,0.0,2.5,0.0,0.4166666666666667,4.083333333333333,0.0,65,2,True,5,False,0,Typical mix
9.0,0.0,2.5,0.0,0.0,4.25,0.0,69,2,False,5,False,0,Typical mix
9.5,0.0,0.0,0.0,0.0,10.0,0.0,27,1,True,5,False,0,Typical mix
13.666666666666666,5.833333333333333,0.0833333333333333,0.0,0.0,0.1666666666666666,1.0,19,1,True,6,False,0,Typical mix
8.25,0.0,0.75,0.1666666666666666,0.0,13.833333333333334,0.0,55,1,True,8,False,0,Typical mix
5.916666666666667,9.416666666666666,0.3333333333333333,0.0,0.0,0.0,0.0,37,2,False,8,False,2,Work-focused
8.5,0.5,3.0,0.0,0.0,1.5,0.0,62,1,True,3,False,0,Typical mix
9.0,9.0,1.25,0.0,0.0,2.8333333333333335,0.0,34,2,False,8,False,2,Work-focused
7.0,0.0,1.5,0.0,0.0,3.6666666666666665,0.0,32,1,True,7,False,0,Typical mix
7.916666666666667,0.0,0.3333333333333333,0.0,0.1666666666666666,7.816666666666666,0.0,69,1,True,8,False,0,Typical mix
5.883333333333334,0.0,0.25,10.616666666666667,0.8333333333333334,0.0,1.1,28,1,True,8,False,3,Active
8.75,0.0,0.5,0.0,0.5,6.033333333333333,0.25,61,1,True,7,False,0,Typical mix
12.0,0.0,1.5833333333333333,0.0,0.0,1.3333333333333333,0.0,30,1,True,8,False,0,Typical mix
8.0,0.0,2.75,1.0,1.0833333333333333,4.0,0.0,36,1,True,4,False,0,Typical mix
9.5,0.0,2.5,0.5,1.75,2.0,0.5,43,2,True,7,False,0,Typical mix
4.25,10.0,1.5,0.0,0.0,2.0,0.0,59,1,True,7,False,2,Work-focused
8.266666666666667,0.0,1.25,0.5,2.75,2.0,0.0,49,2,True,8,False,1,Social
7.25,0.0,3.0,0.0,0.0,8.5,0.0,85,2,True,8,False,0,Typical mix
8.0,7.75,1.5,2.75,0.0,1.9166666666666667,0.0,35,1,False,7,False,3,Active
6.0,0.0,2.25,0.0,0.3333333333333333,4.95,0.0,68,2,True,9,False,0,Typical mix
8.916666666666666,0.0,1.7166666666666666,0.0,0.0,1.75,0.0,80,2,True,8,False,0,Typical mix
8.5,0.0,2.25,0.0,3.0,3.4166666666666665,0.3333333333333333,63,2,True,9,False,1,Social
11.0,0.0,2.5,0.0,1.0,1.5833333333333333,0.0,29,2,True,5,False,0,Typical mix
9.966666666666669,0.0,0.25,0.0,0.0,4.966666666666667,0.0,72,1,False,6,False,0,Typical mix
5.0,7.916666666666667,1.0,0.0,0.25,1.0,0.0,50,2,False,4,False,2,Work-focused
7.5,0.0,2.0833333333333335,0.0,2.566666666666667,0.0,0.0,58,2,True,10,False,1,Social
8.0,0.0,0.3333333333333333,0.0,0.0,3.0,0.0,30,1,True,5,False,0,Typical mix
12.25,0.0,1.5833333333333333,0.0,0.9166666666666666,3.5833333333333335,0.0,32,1,True,8,False,0,Typical mix
8.75,11.5,0.5,0.0,0.5,0.0,0.0,48,1,False,8,False,2,Work-focused
10.85,0.0,0.4166666666666667,0.0,0.0,3.0833333333333335,0.0,80,2,True,10,False,0,Typical mix
8.966666666666667,0.5,1.75,2.0,0.0,4.5,0.0,56,1,True,5,False,0,Typical mix
7.55,0.0,1.75,0.0,5.416666666666667,0.75,0.0,37,2,True,8,False,1,Social
7.5,0.0,1.8333333333333333,2.25,0.25,3.8,0.0,53,1,True,10,False,0,Typical mix
11.75,0.0,1.6666666666666667,0.0,0.0,4.666666666666667,1.0,80,2,False,7,False,0,Typical mix
11.5,0.0,0.0,0.0,11.5,0.0,0.0,53,1,True,8,False,1,Social
10.833333333333334,0.0,1.6666666666666667,0.0,0.0,1.5,0.0,66,2,False,5,False,0,Typical mix
6.5,0.0,1.0,0.0,0.0,1.5833333333333333,0.0,74,2,False,8,False,0,Typical mix
9.0,0.0,0.9166666666666666,0.0,0.0,3.6666666666666665,0.0,78,2,True,10,False,0,Typical mix
8.5,0.0,0.5833333333333334,0.0,0.0,11.9,0.0,59,1,True,9,False,0,Typical mix
7.883333333333334,9.7,2.0,0.0,0.0,0.5,0.0,56,1,False,9,False,2,Work-focused
10.0,0.0,0.75,0.0,3.0,4.5,0.0,73,2,True,5,False,1,Social
3.5,0.0,1.0,0.0,0.0,0.0,0.0,49,2,True,9,False,2,Work-focused
7.45,0.0,1.5833333333333333,0.0,3.1666666666666665,1.5,0.0,27,2,True,7,False,1,Social
6.216666666666667,8.7,1.8666666666666667,0.0,0.8333333333333334,0.0,0.0,67,1,False,8,False,2,Work-focused
8.0,0.0,0.25,0.0,6.0,4.5,0.0,23,1,True,10,False,1,Social
7.666666666666667,0.0,0.9166666666666666,0.0,0.75,6.566666666666666,1.0,74,2,True,10,False,0,Typical mix
9.5,0.0,0.0,0.0,1.3333333333333333,0.0,0.0,38,2,False,8,False,0,Typical mix
11.0,0.0,1.1666666666666667,2.75,0.0,3.25,1.0,27,2,True,8,False,3,Active
5.0,8.583333333333334,1.3833333333333333,0.0,0.25,6.5,0.0,57,2,False,10,False,2,Work-focused
8.25,7.833333333333333,1.8333333333333333,1.5,0.0,1.5333333333333334,0.0,61,1,False,8,False,2,Work-focused
7.166666666666667,0.0,0.3666666666666666,0.0,0.0,4.933333333333334,2.0,45,1,True,7,False,0,Typical mix
6.0,0.0,0.5,0.0,2.5833333333333335,5.5,0.0,72,2,True,9,False,1,Social
7.0,10.916666666666666,0.3333333333333333,0.0,0.0,2.75,0.0,37,1,False,6,False,2,Work-focused
7.0,0.0,1.3333333333333333,0.0,1.05,3.6,0.0,67,2,True,5,False,0,Typical mix
8.25,0.0,1.0,0.5,1.95,0.0,0.0,35,2,False,10,False,1,Social
6.0,0.0,0.75,0.0,3.8333333333333335,1.0,0.1666666666666666,69,2,True,5,False,1,Social
6.833333333333333,0.0,1.75,0.6666666666666666,3.0833333333333335,2.5833333333333335,0.0,20,2,True,9,False,1,Social
11.866666666666667,0.0,0.6666666666666666,0.0,0.0,4.883333333333334,0.0,19,1,True,3,False,0,Typical mix
10.0,5.233333333333333,0.3333333333333333,0.0,0.0,4.416666666666667,0.0,58,2,False,5,False,0,Typical mix
6.5,0.0,2.0,0.0,0.0,4.666666666666667,0.0,36,2,False,8,False,0,Typical mix
10.0,0.0,3.9166666666666665,2.75,0.0,0.0,0.0,39,2,False,10,False,3,Active
7.5,0.0,1.5833333333333333,0.0,0.3333333333333333,2.1666666666666665,0.0,67,2,True,8,False,0,Typical mix
9.583333333333334,0.0,2.5,0.0,0.0,0.0,0.0,80,1,True,0,False,0,Typical mix
9.5,3.6666666666666665,1.8333333333333333,0.0,0.0,2.75,0.0,69,1,False,7,False,0,Typical mix
14.0,0.0,1.25,0.0,0.0,0.5,0.0,80,1,False,3,False,0,Typical mix
8.5,0.0,1.5,0.0,4.0,0.0,0.0,30,2,False,9,False,1,Social
8.75,8.0,1.0,0.0,0.0,2.2,0.5833333333333334,59,2,False,8,False,2,Work-focused
11.25,0.0,1.3333333333333333,5.5,0.25,2.55,0.0,23,1,True,5,False,3,Active
8.75,8.0,0.4166666666666667,0.0,0.0,5.583333333333333,0.0,25,1,False,7,False,2,Work-focused
10.5,0.0,0.3333333333333333,0.0,0.0,4.666666666666667,0.0,17,2,True,10,False,0,Typical mix
9.5,8.0,0.5,0.0,0.0,2.683333333333333,0.0,53,2,False,9,False,2,Work-focused
6.5,8.166666666666666,1.7333333333333334,0.0,0.0,3.1666666666666665,0.0,53,1,False,7,False,2,Work-focused
7.333333333333333,0.0,2.5,4.333333333333333,0.0,0.0,0.0,39,1,True,1,False,3,Active
9.25,2.5,0.5833333333333334,0.4166666666666667,0.1666666666666666,2.0,1.8333333333333333,47,2,True,8,False,0,Typical mix
10.0,0.0,1.25,0.0,0.0,7.5,0.0,79,1,True,6,False,0,Typical mix
9.083333333333334,1.0,2.0,0.0,1.75,1.25,0.0,57,1,True,8,False,0,Typical mix
11.416666666666666,0.0,1.0833333333333333,0.0,0.0,2.5,0.0,31,2,True,10,False,0,Typical mix
10.5,0.0,1.0,1.0833333333333333,5.333333333333333,0.0,0.0,32,2,True,7,False,1,Social
8.866666666666667,0.0,1.0,0.0,4.9,0.0,0.0,39,2,True,6,False,1,Social
9.25,9.25,0.0,0.0,0.0,0.0,0.0,55,2,True,8,False,2,Work-focused
7.25,8.583333333333334,0.3333333333333333,0.0,0.0,2.5833333333333335,0.0,61,1,False,6,False,2,Work-focused
5.25,12.666666666666666,1.5,0.0,0.0,1.9166666666666667,0.0,40,1,False,9,False,2,Work-focused
7.583333333333333,7.3,0.5833333333333334,0.0,0.0,2.0,0.0,48,2,False,6,False,2,Work-focused
9.75,0.0,1.5,0.0,0.5,3.0,0.6666666666666666,18,2,False,8,False,0,Typical mix
8.0,0.0,0.3333333333333333,0.0,0.0,9.666666666666666,0.0,59,2,False,5,False,0,Typical mix
12.416666666666666,0.0,0.4166666666666667,0.0,1.9166666666666667,0.0,0.0,28,1,True,6,False,0,Typical mix
8.5,0.0,2.25,0.75,0.0,1.9166666666666667,0.0,53,1,False,2,False,0,Typical mix
8.0,0.0,0.0,0.0,11.0,3.0,0.0,70,1,False,10,False,1,Social
7.416666666666667,11.216666666666669,0.5,3.3,0.0,0.0,0.0,27,1,False,5,False,3,Active
8.0,9.5,0.5,0.0,0.0,1.9166666666666667,0.0,39,1,False,5,False,2,Work-focused
4.516666666666667,6.0,1.7,0.0,0.6333333333333333,1.3333333333333333,1.0,46,1,True,7,False,2,Work-focused
12.75,7.75,1.0,0.0,0.0,0.0,0.0,25,1,False,3,False,2,Work-focused
9.25,0.0,2.5,0.0,0.0,1.3333333333333333,0.5833333333333334,38,2,False,8,False,0,Typical mix
7.5,0.0833333333333333,0.1666666666666666,0.0,0.0,4.566666666666666,0.0,29,2,True,8,False,0,Typical mix
9.916666666666666,0.0,2.0,0.0,0.1666666666666666,1.75,0.0,37,2,True,7,False,0,Typical mix
12.816666666666666,0.0,0.1666666666666666,0.0,0.0,5.0,0.0,20,2,True,5,False,0,Typical mix
8.583333333333334,0.0,1.5833333333333333,0.0,0.0,5.916666666666667,0.0,43,2,True,7,False,0,Typical mix
7.0,9.166666666666666,0.5,0.0,0.5,2.75,0.0,28,1,False,8,False,2,Work-focused
3.0,12.5,0.6666666666666666,1.0,0.0,2.4,0.5,52,2,False,4,False,2,Work-focused
9.166666666666666,11.5,1.1666666666666667,0.0,0.0,0.0,0.0,50,1,True,6,False,2,Work-focused
6.666666666666667,11.666666666666666,1.25,0.0,0.0,2.5,0.0,18,1,False,8,False,2,Work-focused
12.5,0.0,0.5,0.0,0.0,5.5,0.0,57,1,False,6,False,0,Typical mix
8.5,7.5,1.5,0.0,0.5,0.0,0.25,17,2,False,9,False,2,Work-focused
9.666666666666666,0.0,2.75,0.0,1.8333333333333333,2.1666666666666665,0.0,36,1,True,8,False,0,Typical mix
6.0,0.0,0.25,0.0,0.5,2.75,0.0,54,2,False,9,False,0,Typical mix
9.833333333333334,0.0,0.5833333333333334,1.1666666666666667,0.0,4.5,0.5,85,1,True,3,False,0,Typical mix
13.816666666666666,5.75,1.5,0.0,0.0833333333333333,0.0,0.0,17,2,True,8,False,0,Typical mix
10.5,0.0,1.3333333333333333,3.0,0.0,0.0,0.0,37,2,False,10,False,3,Active
8.0,0.0,1.25,0.0,1.0,4.583333333333333,0.0,67,2,True,6,False,0,Typical mix
8.0,10.75,0.25,0.0,0.0,2.0,0.0,54,2,True,7,False,2,Work-focused
6.833333333333333,6.75,1.0,0.0,0.3333333333333333,0.5,0.0,63,1,False,9,False,2,Work-focused
9.0,0.0,1.25,0.0,0.0,2.6666666666666665,0.0,72,1,False,10,False,0,Typical mix
7.916666666666667,8.766666666666667,0.0,0.0,1.7166666666666666,0.0,0.0,61,1,False,10,False,2,Work-focused
10.0,0.0,1.25,0.0,0.0,5.0,0.0,65,2,True,5,False,0,Typical mix
8.0,0.0,2.0,0.0,1.0,0.0,0.0,43,2,True,7,False,0,Typical mix
10.583333333333334,0.0,0.0,0.0,0.0,0.0,6.0,41,1,True,6,False,4,Computer-leisure
8.5,0.0,0.8333333333333334,0.5,0.0,11.333333333333334,0.0,73,1,False,8,False,0,Typical mix
6.0,10.0,0.6666666666666666,0.0,0.1666666666666666,3.5,1.1666666666666667,47,1,False,3,False,2,Work-focused
10.0,0.0,0.75,0.0,0.0,5.666666666666667,0.0,43,2,False,3,False,0,Typical mix
6.833333333333333,0.0,0.75,0.0,0.5,3.0,0.0,53,2,True,7,False,0,Typical mix
1.0,0.0,0.3333333333333333,0.0,0.0,0.0,0.0,29,2,True,4,False,2,Work-focused
8.75,0.0,1.0,0.0,0.0,0.0,0.5,63,2,True,5,False,0,Typical mix
4.783333333333333,8.5,0.0833333333333333,2.4166666666666665,0.0,4.1,0.0,53,1,False,9,False,2,Work-focused
3.4166666666666665,0.0,1.5,0.0,0.0,0.0,0.0,30,1,True,8,False,2,Work-focused
9.0,0.0,2.0,6.0,0.0,3.0,2.0,47,2,True,10,False,3,Active
12.5,0.0,0.25,0.0,0.0,0.4166666666666667,0.0,33,2,True,0,False,0,Typical mix
7.65,4.0,3.0,0.5,4.316666666666666,0.0,0.0,53,1,True,8,False,1,Social
15.4,0.0,0.0,0.0,0.5,0.0,0.0,22,2,True,8,False,0,Typical mix
9.5,0.0,1.6333333333333333,2.0,0.0,1.0,0.0,15,2,False,7,False,0,Typical mix
7.0,0.0,0.5,2.0,0.0,2.0,0.0,56,1,True,5,False,0,Typical mix
12.166666666666666,0.0,1.5,0.0,0.0,5.416666666666667,0.0,80,1,True,3,False,0,Typical mix
11.0,0.0,2.0,0.0,0.0,4.666666666666667,0.0,74,2,True,8,False,0,Typical mix
7.833333333333333,12.35,2.0,0.0,0.0,0.0,0.0,40,1,False,8,False,2,Work-focused
7.25,0.0,2.8333333333333335,7.5,0.0,3.6666666666666665,0.0,67,1,True,8,False,3,Active
8.833333333333334,0.0,2.3333333333333335,0.0,0.0,4.333333333333333,0.0,57,2,True,8,False,0,Typical mix
7.666666666666667,7.833333333333333,0.5,0.0,1.6666666666666667,0.0,0.0,47,2,True,8,False,2,Work-focused
13.5,0.0,1.1666666666666667,0.0,1.6666666666666667,1.3333333333333333,2.5,44,2,True,8,False,4,Computer-leisure
8.5,0.0,0.8333333333333334,0.0,1.0,4.116666666666666,0.5,18,2,False,7,False,0,Typical mix
7.916666666666667,0.0,0.5833333333333334,0.0,1.0,4.5,0.0,77,2,True,9,False,0,Typical mix
6.0,9.833333333333334,1.0833333333333333,0.0,0.5,0.0,0.0,46,2,False,8,False,2,Work-focused
6.833333333333333,9.083333333333334,0.5,0.0,0.0,3.0,0.0,37,2,False,7,False,2,Work-focused
5.75,12.666666666666666,0.8333333333333334,0.0,2.75,0.0,0.0,37,1,False,9,False,2,Work-focused
11.25,0.0,0.0,0.75,0.0,5.083333333333333,0.0,31,2,True,8,False,0,Typical mix
8.5,0.0,1.0,0.0,0.0,4.166666666666667,0.0,67,2,True,7,False,0,Typical mix
7.0,0.0,1.0,0.0,0.0,14.0,0.0,64,1,True,5,False,0,Typical mix
9.75,0.0,1.3333333333333333,0.0,1.0,4.0,1.25,52,1,True,7,False,0,Typical mix
8.0,11.333333333333334,0.25,0.0,0.0,2.3333333333333335,0.0,31,1,False,6,False,2,Work-focused
10.0,10.416666666666666,0.0,0.0,0.0,1.6666666666666667,0.0,32,2,False,10,False,2,Work-focused
13.5,0.0,0.0833333333333333,0.0,0.0,6.416666666666667,0.0,58,1,True,5,False,0,Typical mix
8.5,0.0,1.5,0.0,0.0,7.5,1.0,77,2,False,8,False,0,Typical mix
7.5,0.0,2.0,0.0,0.0,2.0,0.0,63,2,False,8,False,0,Typical mix
9.5,0.0,0.25,0.0,0.0,8.916666666666666,0.0,65,1,False,8,False,0,Typical mix
12.5,0.0,1.5,0.0,0.0,0.0,0.0,47,1,False,10,False,0,Typical mix
11.0,0.0,0.75,0.0,0.0,6.25,0.0,36,1,True,4,False,0,Typical mix
7.75,11.333333333333334,1.25,0.0,0.0,0.0,0.0,57,1,True,8,False,2,Work-focused
8.5,6.083333333333333,0.8333333333333334,0.0,0.0,5.75,0.0,63,1,True,6,False,2,Work-focused
7.0,12.083333333333334,1.0,0.0,0.0,1.25,0.0,45,2,False,6,False,2,Work-focused
9.5,0.0,0.5,0.0,2.0,6.0,0.0,77,2,False,8,False,0,Typical mix
8.116666666666667,7.8,0.8333333333333334,0.0,0.0,3.0,0.0,43,2,False,6,False,2,Work-focused
7.75,0.0,1.5833333333333333,0.0,1.0,3.716666666666667,0.0,53,1,False,9,False,0,Typical mix
7.916666666666667,8.116666666666667,1.8,0.0,0.0,2.5,0.0,52,2,False,6,False,2,Work-focused
10.0,0.0,1.1666666666666667,0.0,1.3333333333333333,0.5,0.0,78,2,False,0,False,0,Typical mix
14.166666666666666,0.0,1.5,0.0,0.0,5.166666666666667,0.0,80,1,True,7,False,0,Typical mix
8.0,0.0,0.0,0.0,0.0,12.416666666666666,0.0,61,1,False,2,False,0,Typical mix
8.25,7.0,0.75,0.0,0.0,2.0,0.0,34,1,False,6,False,2,Work-focused
11.0,0.0,1.5,0.5,0.9166666666666666,0.8333333333333334,0.0,71,2,False,8,False,0,Typical mix
9.5,0.0,1.6666666666666667,1.0,1.0,0.0,0.0,60,2,True,9,False,0,Typical mix
7.166666666666667,0.0,2.5833333333333335,0.0,0.0,2.8333333333333335,0.0,46,2,True,9,False,0,Typical mix
15.0,0.0,1.0,0.0,0.0,2.7666666666666666,0.0,52,2,False,9,False,0,Typical mix
8.5,0.0,0.75,0.6666666666666666,0.0,2.5,0.0,57,2,True,8,False,0,Typical mix
7.916666666666667,0.0,1.0833333333333333,0.0,0.0,8.483333333333333,0.0,58,2,False,7,False,0,Typical mix
11.0,0.0,0.5,0.0,1.6666666666666667,1.95,0.0,40,2,True,8,False,0,Typical mix
8.25,0.0,0.8333333333333334,1.0,0.0,3.9166666666666665,0.0,68,2,False,7,False,0,Typical mix
6.083333333333333,9.5,0.5,0.75,0.0,4.0,0.0,62,2,False,5,False,2,Work-focused
8.0,0.0,2.0,0.0,2.5833333333333335,3.0,0.0,79,2,False,6,False,1,Social
4.166666666666667,0.0,0.5,0.0,6.4,0.0,0.0,55,2,True,10,False,1,Social
7.916666666666667,0.0,1.0833333333333333,0.5833333333333334,0.25,4.566666666666666,0.0,61,1,True,9,False,0,Typical mix
6.333333333333333,2.5,1.3333333333333333,0.0,0.0,0.0,0.0,54,1,True,7,False,2,Work-focused
7.083333333333333,10.5,0.0,0.0,0.0,0.0,0.0,53,2,False,5,False,2,Work-focused
9.066666666666666,0.0,0.25,0.0,0.0,14.2,0.0,55,2,False,5,False,0,Typical mix
7.5,5.5,1.5,1.0,0.0,0.0,0.0,53,1,True,9,False,2,Work-focused
5.0,3.0,2.0,0.0,0.0,0.0,0.0,70,1,False,10,False,2,Work-focused
8.0,9.383333333333333,1.3333333333333333,0.0,0.0,0.0,0.0,39,2,False,8,False,2,Work-focused
9.333333333333334,0.0,1.75,0.0,0.25,0.0,0.0,78,1,False,8,False,0,Typical mix
6.5,0.0,0.75,2.0,2.4,2.0,0.0,39,2,True,8,False,1,Social
8.0,0.0,1.25,3.0,0.0,4.75,0.0,39,2,True,7,False,3,Active
8.0,8.0,0.5,0.0,0.0,0.3333333333333333,2.25,24,1,False,8,False,2,Work-focused
10.583333333333334,0.0,3.6666666666666665,2.0,0.0,6.15,0.0,66,1,False,0,False,0,Typical mix
11.75,3.5,1.9166666666666667,0.0,0.0,0.0,0.0,42,2,False,6,False,0,Typical mix
10.0,0.0,0.3333333333333333,0.0,2.0833333333333335,1.5833333333333333,0.0,74,2,True,9,False,0,Typical mix
6.2,11.666666666666666,0.5,0.0,0.3333333333333333,0.0,0.0,30,2,True,5,False,2,Work-focused
10.166666666666666,0.0,0.8333333333333334,0.0,0.0,5.833333333333333,0.0,72,2,True,10,False,0,Typical mix
8.0,0.0,0.5,0.0,0.0,3.75,0.0,67,1,False,8,False,0,Typical mix
9.0,2.566666666666667,1.3333333333333333,2.0,1.0,0.0,0.0,32,2,False,7,False,0,Typical mix
8.5,6.083333333333333,0.6666666666666666,0.5,0.0,2.8333333333333335,0.0,54,1,False,5,False,2,Work-focused
9.0,0.0,1.5,0.0,1.0,1.5,0.0,38,1,True,9,False,0,Typical mix
6.5,9.166666666666666,0.6666666666666666,0.0,0.4166666666666667,2.9166666666666665,0.0,35,1,False,6,False,2,Work-focused
10.0,0.0,0.5833333333333334,0.0,0.0,0.0,0.0,34,2,True,8,False,0,Typical mix
8.5,0.0,0.1666666666666666,0.0,0.0,2.5,0.0,85,2,False,10,False,0,Typical mix
6.0,6.833333333333333,0.75,0.0,0.3333333333333333,3.4166666666666665,0.0,28,2,False,5,False,2,Work-focused
8.0,0.0,0.5,4.7,0.0,0.0,1.0,16,1,True,7,False,3,Active
8.25,0.0,0.5,0.0,0.0,3.2,0.0,60,1,False,4,False,0,Typical mix
10.5,0.0,1.8333333333333333,4.75,0.0,5.383333333333334,0.0,45,1,True,7,False,3,Active
10.333333333333334,7.583333333333333,0.75,0.0,1.1666666666666667,1.5,0.0,24,2,True,7,False,2,Work-focused
4.466666666666667,6.083333333333333,1.6333333333333333,0.75,0.5,0.0,0.3333333333333333,42,1,False,8,False,2,Work-focused
10.416666666666666,6.166666666666667,0.5833333333333334,0.0,0.0,2.0833333333333335,0.0,40,1,False,9,False,2,Work-focused
9.083333333333334,10.733333333333333,0.8333333333333334,0.0,0.5,0.0,0.0,38,2,False,6,False,2,Work-focused
9.0,2.6666666666666665,0.9166666666666666,0.3333333333333333,0.0,0.0,0.0,61,1,True,7,False,0,Typical mix
7.5,0.0,1.4166666666666667,0.0,0.0,4.5,5.4,75,2,False,8,False,4,Computer-leisure
10.5,0.0,1.8333333333333333,0.0,0.0,1.8833333333333333,0.0,57,1,True,4,False,0,Typical mix
11.833333333333334,0.0,2.4166666666666665,2.0,0.0,0.5,0.3333333333333333,16,1,True,9,False,0,Typical mix
9.5,0.0,1.5,0.0,0.0,3.4166666666666665,0.0,50,1,False,7,False,0,Typical mix
8.0,8.5,1.5,0.0,0.0,2.0,0.0,38,1,False,7,False,2,Work-focused
4.0,9.0,0.75,0.0,0.9166666666666666,1.5,0.0,35,1,False,9,False,2,Work-focused
10.666666666666666,0.0,0.5,0.0,0.0,11.5,0.0,63,1,True,8,False,0,Typical mix
13.45,4.916666666666667,0.0,0.0,0.0,0.0,1.0,43,1,True,5,False,0,Typical mix
7.0,0.0,2.5,0.0,1.0,7.5,0.0,55,2,False,4,False,0,Typical mix
12.0,0.0,1.0,0.0,0.0,10.5,0.0,60,1,False,3,False,0,Typical mix
9.666666666666666,0.0,0.6666666666666666,0.0,0.0,3.75,0.0,63,1,True,5,False,0,Typical mix
10.0,0.0,1.0,0.0,0.0,9.333333333333334,0.0,77,1,True,10,False,0,Typical mix
11.983333333333333,8.083333333333334,0.0,0.0,0.0,0.0,0.0,24,1,True,9,False,2,Work-focused
8.666666666666666,10.666666666666666,0.3333333333333333,0.3333333333333333,0.0,0.0,0.0,43,1,False,3,False,2,Work-focused
9.0,0.0,0.5,0.0,5.666666666666667,2.0,0.0,63,2,True,8,False,1,Social
13.166666666666666,1.0,1.0,0.0,2.3333333333333335,4.816666666666666,0.0,46,1,False,4,False,0,Typical mix
8.416666666666666,0.0,1.0,0.0,0.3333333333333333,7.416666666666667,0.0,80,1,False,7,False,0,Typical mix
10.0,0.0,0.6666666666666666,0.0,0.0,3.5,0.0,31,1,True,5,False,0,Typical mix
8.75,0.0,2.3333333333333335,0.0,2.0,1.25,0.0,40,2,True,9,False,0,Typical mix
11.0,0.0,0.0,0.0,0.0,7.666666666666667,0.0,49,1,False,2,False,0,Typical mix
12.0,0.0,1.5,0.0,0.25,3.75,0.0,41,2,True,7,False,0,Typical mix
7.0,0.0,0.3333333333333333,0.0,1.1666666666666667,3.25,1.0,66,2,True,9,False,0,Typical mix
8.083333333333334,0.0,1.0,0.0,0.6666666666666666,0.0,0.0,29,2,True,5,False,0,Typical mix
9.833333333333334,0.0,3.6666666666666665,0.0,0.0,1.0833333333333333,0.0,17,2,True,9,False,0,Typical mix
8.5,7.0,2.5,0.0,0.3333333333333333,0.0,0.0,51,1,False,5,False,2,Work-focused
4.25,5.5,0.3333333333333333,0.0,0.0,4.666666666666667,0.0,61,2,True,3,False,2,Work-focused
6.333333333333333,8.566666666666666,0.6666666666666666,0.0,2.5,1.5,0.0,21,2,False,7,False,2,Work-focused
9.25,0.0,0.5,0.0,0.1666666666666666,1.5,0.0,28,1,True,7,False,0,Typical mix
17.0,0.0,1.0,0.0,0.0,0.0,0.0,27,2,True,10,False,0,Typical mix
9.166666666666666,0.0,2.0,1.0,3.75,3.0,0.0,26,2,True,8,False,1,Social
9.5,0.0,0.3333333333333333,0.25,2.5,3.8333333333333335,0.0,78,2,True,8,False,1,Social
8.0,9.666666666666666,1.0833333333333333,0.0,0.0,1.5,0.0,35,1,False,4,False,2,Work-focused
8.75,0.0,2.0,0.0,1.0,5.166666666666667,0.0,66,2,True,5,False,0,Typical mix
8.5,7.616666666666666,1.0,0.0,0.0,1.5,0.0,39,1,True,5,False,2,Work-focused
13.25,0.0,1.0,1.0,0.0,8.416666666666666,0.0,21,1,True,7,False,0,Typical mix
9.5,0.0,0.0833333333333333,0.0,0.0,1.6666666666666667,0.0,37,2,True,3,False,0,Typical mix
8.75,9.25,1.1666666666666667,0.0,0.0,0.25,2.0,57,2,False,8,False,2,Work-focused
10.416666666666666,0.0,3.25,0.0,1.0,0.0,0.0,42,2,True,0,False,0,Typical mix
8.0,4.5,0.3333333333333333,0.0,0.0833333333333333,3.65,0.0,48,2,False,7,False,2,Work-focused
8.5,9.5,0.5,0.0,0.0,2.0,0.0,30,1,False,8,False,2,Work-focused
9.65,0.0,1.0,0.0,4.666666666666667,1.3666666666666667,0.0,42,1,True,7,False,1,Social
10.0,0.0,0.3333333333333333,0.0,4.416666666666667,1.5,0.0,44,2,True,5,False,1,Social
9.65,2.0,1.0,2.0,3.0,1.9166666666666667,0.0,34,1,True,0,False,1,Social
8.5,6.0,0.5833333333333334,0.0,0.0,0.25,0.0,53,1,False,8,False,2,Work-focused
6.583333333333333,7.0,1.5,2.0,0.0,2.3333333333333335,0.0,61,1,False,5,False,2,Work-focused
12.583333333333334,0.0,0.75,1.0,0.0,2.216666666666667,1.1333333333333333,37,1,True,8,False,0,Typical mix
7.0,8.666666666666666,1.3333333333333333,0.0,0.0,4.166666666666667,0.0,60,1,False,7,False,2,Work-focused
8.333333333333334,0.0,2.25,1.1666666666666667,1.3333333333333333,2.25,0.0,46,2,False,6,False,0,Typical mix
8.5,0.0,0.8333333333333334,0.0,0.0,9.3,0.0,29,1,False,7,False,0,Typical mix
12.0,0.0,4.0,0.0,2.0,1.0,0.0,42,2,True,5,False,0,Typical mix
11.483333333333333,0.0,0.0166666666666666,0.0,5.25,2.933333333333333,0.0,37,2,True,7,False,1,Social
8.916666666666666,0.0,1.5,0.0,0.0,4.0,0.0,29,2,True,7,False,0,Typical mix
10.416666666666666,0.0,1.75,1.0,1.0,2.0,0.0,45,2,True,10,False,0,Typical mix
4.666666666666667,11.533333333333331,0.0833333333333333,0.0,0.0,0.5,0.0,56,2,False,7,False,2,Work-focused
7.5,8.466666666666667,1.5,0.0,0.0,5.05,0.0,33,1,False,7,False,2,Work-focused
7.416666666666667,8.666666666666666,3.75,0.0,0.0,0.0,0.0,62,2,True,6,False,2,Work-focused
7.416666666666667,10.5,0.75,0.0,0.0,0.75,0.0,53,1,False,7,False,2,Work-focused
9.25,0.0,1.6666666666666667,0.0,1.0,3.8333333333333335,0.0,76,2,True,10,False,0,Typical mix
7.85,8.116666666666667,1.75,0.0,0.0,2.0,0.0,41,1,False,8,False,2,Work-focused
7.416666666666667,9.1,0.4166666666666667,0.5,0.0,0.0,0.0,70,2,False,10,False,2,Work-focused
8.5,2.0,1.25,1.5,0.0,0.0,0.0,59,1,True,7,False,0,Typical mix
6.0,0.0,1.25,0.0,0.25,8.216666666666667,0.0,57,1,False,6,False,0,Typical mix
7.666666666666667,0.0,0.5,0.4166666666666667,0.0,4.0,1.0,73,2,False,3,False,0,Typical mix
8.5,0.0,2.5,1.0,2.8333333333333335,6.75,0.0,58,1,True,6,False,1,Social
8.5,6.0,1.5,1.5,0.0,6.0,0.0,57,1,True,7,False,0,Typical mix
8.5,4.25,1.8333333333333333,0.0,2.0,2.1666666666666665,0.5,57,2,False,7,False,0,Typical mix
6.733333333333333,0.0,1.5,0.0,0.0,6.5,0.0,73,2,True,7,False,0,Typical mix
9.5,0.0,0.5,0.0,0.0,6.5,0.0,68,1,True,8,False,0,Typical mix
8.5,0.0,0.25,0.0,3.0,2.0,0.0,36,1,False,6,False,1,Social
9.0,0.0,0.75,0.0,0.0,0.0,0.0,76,2,True,10,False,0,Typical mix
13.333333333333334,0.0,1.6666666666666667,0.0,0.1666666666666666,8.8,0.0,78,1,True,5,False,0,Typical mix
4.0,4.583333333333333,1.0,0.0,2.8333333333333335,5.5,0.0,40,1,False,10,False,1,Social
11.383333333333333,0.0,1.0,0.0,0.0,0.0,0.0,36,1,True,5,False,0,Typical mix
10.0,0.0,0.4166666666666667,0.0,0.0,3.6666666666666665,0.0,80,2,False,10,False,0,Typical mix
8.75,0.0,1.0,0.3333333333333333,0.0,6.55,0.0,72,2,False,9,False,0,Typical mix
13.0,0.0,0.75,2.5,0.0,0.0,0.0,38,1,True,3,False,3,Active
7.0,8.416666666666666,1.8333333333333333,0.0,0.75,0.0,0.0,62,1,True,6,False,2,Work-focused
7.583333333333333,0.0,1.0,0.0,0.5,3.033333333333333,0.0,77,2,False,10,False,0,Typical mix
5.833333333333333,0.3333333333333333,0.75,0.0,0.0,0.0,0.0,28,2,True,7,False,0,Typical mix
9.75,0.0,1.5,0.0,0.0,1.6666666666666667,0.0,80,2,True,9,False,0,Typical mix
11.75,0.0,1.5833333333333333,0.0,0.8333333333333334,3.6666666666666665,0.0,34,2,True,5,False,0,Typical mix
6.083333333333333,0.0,1.75,1.0,2.0,0.0,0.0,29,2,True,9,False,1,Social
8.333333333333334,8.5,1.5,0.0,0.0,0.0,0.0,57,1,True,8,False,2,Work-focused
8.5,0.0,2.25,0.0,0.0,5.916666666666667,2.0,66,2,True,3,False,0,Typical mix
9.0,0.0,1.0833333333333333,0.0,0.0,3.0,1.5,56,2,True,8,False,0,Typical mix
9.833333333333334,0.0,2.75,0.0,0.3333333333333333,0.3333333333333333,0.0,36,2,True,7,False,0,Typical mix
5.75,9.5,2.25,0.0,1.75,0.0,0.0,30,1,True,9,False,2,Work-focused
9.0,0.0,1.0833333333333333,0.3333333333333333,0.0,8.166666666666666,0.0,60,1,True,3,False,0,Typical mix
8.333333333333334,6.083333333333333,0.5,0.0,0.1666666666666666,0.75,0.0,52,2,False,10,False,2,Work-focused
8.0,1.0,2.0,1.5,1.5,3.0,0.5,51,1,True,7,False,0,Typical mix
5.916666666666667,0.0,3.6666666666666665,0.0,0.75,0.0,0.0,64,1,True,7,False,0,Typical mix
8.25,0.0,1.8333333333333333,0.0,0.0,5.5,0.0,85,1,False,5,False,0,Typical mix
7.75,0.0,0.5,0.0,7.416666666666667,2.5,0.0,44,2,True,8,False,1,Social
7.166666666666667,4.666666666666667,0.5,0.0,0.0,1.75,0.0,53,2,False,9,False,2,Work-focused
8.433333333333334,8.216666666666667,1.3333333333333333,0.0,0.0,1.5,0.0,54,2,False,5,False,2,Work-focused
8.75,0.0,1.05,0.0,0.0,0.0,0.0,59,2,True,6,False,0,Typical mix
7.25,6.2,1.4833333333333334,0.0,0.0,0.5,0.0,77,2,False,8,False,2,Work-focused
6.666666666666667,9.166666666666666,1.3333333333333333,0.0,0.6666666666666666,0.0,0.0,51,1,True,5,False,2,Work-focused
5.333333333333333,0.0,1.0,0.0,0.0,4.0,0.0,64,2,True,8,False,0,Typical mix
10.75,0.0,0.5,0.0,0.0,0.6666666666666666,6.333333333333333,17,1,False,5,False,4,Computer-leisure
8.0,0.0,2.0,1.0,4.5,1.5,0.0,42,2,True,7,False,1,Social
12.8,0.6666666666666666,1.75,0.0,0.5,0.0,0.0,51,1,True,6,False,0,Typical mix
9.416666666666666,8.166666666666666,1.4166666666666667,0.0,0.0,1.3333333333333333,0.0,38,2,False,10,False,2,Work-focused
8.0,0.0,0.0,0.0,0.0,0.0,0.0,68,2,False,9,False,0,Typical mix
6.166666666666667,0.0,0.1666666666666666,0.0,2.5833333333333335,1.0,0.0,37,2,False,5,False,1,Social
9.25,0.0,2.25,5.166666666666667,2.1666666666666665,2.0,0.0,64,1,True,7,False,3,Active
8.5,0.0,2.0,0.0,0.0,4.0,0.0,68,1,False,8,False,0,Typical mix
8.75,2.5,0.6666666666666666,0.0,0.0,0.0,0.5,48,2,True,8,False,0,Typical mix
7.0,0.0,3.5,0.0,6.416666666666667,1.0,0.0,30,2,True,10,False,1,Social
6.5,0.0,1.0,0.0,0.0,4.5,0.0,40,1,False,4,False,0,Typical mix
5.0,0.0,2.3333333333333335,0.0,0.6666666666666666,5.583333333333333,0.0,61,1,False,8,False,0,Typical mix
6.25,8.166666666666666,1.0,0.0,2.1666666666666665,0.0,0.0,57,2,True,7,False,2,Work-focused
8.0,3.0,0.3333333333333333,0.0,0.0,4.5,0.0,55,1,False,7,False,0,Typical mix
6.25,0.0,1.75,0.0,0.0,2.0,0.0,65,1,True,8,False,0,Typical mix
8.25,7.666666666666667,3.0,0.0,0.0,2.0,0.0,70,1,False,9,False,2,Work-focused
7.666666666666667,9.5,0.5,0.0,0.0,1.5,0.0,61,1,False,8,False,2,Work-focused
13.0,0.0,1.0,0.0,0.0,2.5833333333333335,0.0,31,1,True,8,False,0,Typical mix
7.0,8.666666666666666,1.4166666666666667,0.0,0.0,2.25,0.0,37,2,False,5,False,2,Work-focused
9.5,0.0,2.0,0.0,0.0,4.0,0.0,53,1,True,2,False,0,Typical mix
8.5,0.0,1.0,0.0,0.0,0.0,0.0,27,2,True,7,False,0,Typical mix
7.25,0.0,1.0,5.833333333333333,0.0,1.9166666666666667,0.0,17,1,True,8,False,3,Active
8.916666666666666,0.0,0.5,0.0,0.0,4.416666666666667,0.0,65,1,True,10,False,0,Typical mix
8.5,0.0,1.0,0.0,1.3333333333333333,0.0,0.0,21,1,True,8,False,0,Typical mix
10.0,8.5,0.25,0.0,0.0,4.25,0.0,28,1,True,4,False,2,Work-focused
11.0,0.0,0.5,0.0,0.0,11.5,0.0,58,1,True,0,False,0,Typical mix
8.75,0.0,2.1666666666666665,1.5,0.3333333333333333,0.0,0.0,37,2,False,10,False,0,Typical mix
9.75,0.0,0.5,0.0,0.75,0.0,0.0,56,1,True,8,False,0,Typical mix
8.333333333333334,0.0,1.1666666666666667,0.0,0.0,0.0,0.0,80,2,False,8,False,0,Typical mix
14.0,0.0,3.0,0.0,0.0,2.5,0.0,17,2,True,10,False,0,Typical mix
9.0,10.666666666666666,0.9166666666666666,0.0,0.0,1.25,0.0,51,2,False,7,False,2,Work-focused
10.0,0.0,0.8333333333333334,0.0,0.0,4.25,0.0,26,2,False,6,False,0,Typical mix
8.916666666666666,3.1166666666666667,0.75,0.0,3.8666666666666663,0.0,0.0,36,1,False,7,False,1,Social
10.0,0.0,1.0,0.0,0.0,5.5,0.0,80,1,True,5,False,0,Typical mix
8.0,0.0,1.0,0.0,2.3333333333333335,10.0,0.0,72,1,True,8,False,0,Typical mix
7.0,0.0,1.25,0.5,0.0,2.4166666666666665,0.0,26,2,True,6,False,0,Typical mix
10.0,0.0,0.8333333333333334,0.0,0.0,10.716666666666669,0.0,38,1,True,5,False,0,Typical mix
7.25,7.55,0.9166666666666666,0.6666666666666666,4.233333333333333,1.0,0.0,28,2,False,8,False,1,Social
5.75,14.25,2.0,0.0,0.0,0.0,0.0,73,2,False,10,False,2,Work-focused
8.083333333333334,5.166666666666667,3.8333333333333335,1.0,0.0,5.166666666666667,0.0,58,1,False,8,False,0,Typical mix
12.5,0.0,0.15,0.0,0.0,10.05,0.0,61,1,True,8,False,0,Typical mix
11.0,0.0,1.1666666666666667,0.0,0.0,1.8333333333333333,0.0,79,2,True,8,False,0,Typical mix
8.0,7.916666666666667,1.5,0.0,0.0,3.0,0.0,39,2,False,7,False,2,Work-focused
8.5,0.0,2.25,0.0,0.0,3.25,0.0,44,2,True,8,False,0,Typical mix
7.5,0.5,2.8333333333333335,2.5,1.8333333333333333,1.5833333333333333,1.5,52,2,True,9,False,3,Active
6.516666666666667,0.0,1.5,1.5,0.1666666666666666,11.95,0.0,59,1,False,0,False,0,Typical mix
15.666666666666666,0.0,2.0,0.0,5.0,0.0,0.0,36,2,False,8,False,1,Social
11.0,0.0,1.0,0.5,0.0,5.916666666666667,0.0,71,1,False,10,False,0,Typical mix
9.583333333333334,0.0,1.0,1.0,0.0,6.666666666666667,0.0,80,1,False,8,False,0,Typical mix
9.0,0.0,1.25,0.0,0.0,2.5,2.0,44,1,True,8,False,0,Typical mix
11.0,9.0,0.0,1.5,0.0,0.0,0.0,51,1,False,5,False,2,Work-focused
7.0,0.0,0.0,0.0,0.0,14.966666666666669,0.0,65,1,True,2,False,0,Typical mix
9.333333333333334,3.0,2.0,3.0,0.0,1.5,1.0,62,1,True,6,False,3,Active
7.5,0.0,0.25,0.0,4.5,6.5,0.0,56,1,True,8,False,1,Social
8.0,0.0,1.0,0.0,0.0,13.916666666666666,0.0,70,1,True,7,False,0,Typical mix
6.0,0.0,2.0,0.0,0.0,3.0,0.0,66,1,False,8,False,0,Typical mix
9.333333333333334,0.0,0.5,0.0,0.0,4.0,0.0,46,2,True,7,False,0,Typical mix
9.0,0.0,1.75,0.0,2.0,5.0,0.0,67,1,True,10,False,0,Typical mix
13.333333333333334,0.0,0.6666666666666666,1.1666666666666667,1.0833333333333333,2.75,0.0,17,1,True,8,False,0,Typical mix
11.25,0.0,1.0,0.0,0.0,5.0,0.0,34,2,True,9,False,0,Typical mix
8.5,0.0,1.3833333333333333,0.0,0.5,0.5,0.0,67,1,True,8,False,0,Typical mix
9.5,0.0,2.6666666666666665,2.0,0.0,2.5,0.0,38,1,True,5,False,0,Typical mix
10.5,0.0,1.5,0.0,0.75,2.25,3.0,64,1,True,6,False,4,Computer-leisure
9.916666666666666,0.0,0.25,0.0,0.0,0.0,0.0,62,2,True,5,False,0,Typical mix
8.5,0.0,1.5,0.0,0.0,11.483333333333333,0.0,70,1,True,8,False,0,Typical mix
7.25,0.0,1.5,1.0,1.7333333333333334,2.25,0.0,43,1,False,7,False,0,Typical mix
6.833333333333333,7.333333333333333,0.5833333333333334,0.75,0.0,0.0,1.0,52,2,False,8,False,2,Work-focused
7.0,9.583333333333334,0.8333333333333334,0.0,0.0,2.1666666666666665,0.0,33,1,False,7,False,2,Work-focused
9.55,0.0,2.0,0.0,0.0,4.45,1.0,80,2,True,5,False,0,Typical mix
12.0,0.0,0.5,0.5833333333333334,0.0,3.25,0.0,40,2,True,8,False,0,Typical mix
8.0,0.0,1.75,0.0,0.0,3.0,0.0,80,2,True,8,False,0,Typical mix
7.5,7.666666666666667,1.0,0.0,0.0,2.6666666666666665,0.0,22,1,True,6,False,2,Work-focused
8.5,0.0,1.0,0.0,0.0,6.8,2.0,63,2,False,7,False,0,Typical mix
5.5,0.0,1.4166666666666667,0.0,0.0,4.5,0.0,65,1,False,7,False,0,Typical mix
5.5,6.116666666666666,1.8333333333333333,0.0,0.75,4.416666666666667,0.0,48,1,False,9,False,2,Work-focused
7.5,7.783333333333333,1.3333333333333333,0.55,0.0,4.583333333333333,0.0,58,1,False,10,False,2,Work-focused
5.833333333333333,0.0,1.0,0.0,0.75,1.75,0.0,80,2,False,10,False,0,Typical mix
9.25,8.0,2.0,0.0,0.0,0.4666666666666667,0.0,51,2,False,5,False,2,Work-focused
10.166666666666666,0.0,1.75,0.0,0.0,9.25,0.0,32,1,False,7,False,0,Typical mix
7.75,0.0,2.0,5.333333333333333,4.0,0.0,0.0,76,1,True,8,False,3,Active
12.666666666666666,0.0,0.5833333333333334,0.0,1.3333333333333333,2.5,0.0,16,2,True,9,False,0,Typical mix
10.5,0.0,0.0833333333333333,1.0,0.0,9.916666666666666,0.0,48,1,False,5,False,0,Typical mix
9.0,0.0,1.1666666666666667,0.0,0.0,2.5833333333333335,0.0,42,1,True,3,False,0,Typical mix
8.166666666666666,0.0,1.75,0.0,1.0,3.0,0.0,62,2,False,8,False,0,Typical mix
10.75,0.0,1.0,2.0,0.0,8.75,0.0,44,1,False,10,False,0,Typical mix
9.75,0.0,0.9166666666666666,0.0,0.4333333333333333,1.6666666666666667,2.0,61,2,False,6,False,0,Typical mix
8.0,0.0,0.5,0.0,0.0,2.3333333333333335,0.0,21,1,False,8,False,0,Typical mix
12.55,0.0,3.25,0.0,0.0,0.3666666666666666,0.0,31,2,True,10,False,0,Typical mix
10.5,0.0,1.5,0.0,0.0,3.25,0.0,73,2,False,5,False,0,Typical mix
8.5,0.0,1.1666666666666667,0.0,1.1666666666666667,6.25,0.0,49,1,True,8,False,0,Typical mix
9.0,0.0,1.4166666666666667,0.75,0.5,1.5833333333333333,0.0,85,2,True,7,False,0,Typical mix
7.0,5.083333333333333,0.5,1.0,0.5,1.0,0.0,52,1,False,9,False,2,Work-focused
6.0,0.0,1.75,0.0,0.5833333333333334,0.75,0.0,73,2,True,6,False,0,Typical mix
7.0,0.0,1.5166666666666666,2.5,3.25,8.333333333333334,0.0,57,1,True,5,False,1,Social
7.0,14.233333333333333,0.75,0.0,0.0,1.0,0.0,30,2,False,7,False,2,Work-focused
9.0,0.0,3.4166666666666665,1.5,0.5,0.0,0.0,50,2,True,6,False,0,Typical mix
9.166666666666666,0.0,1.3333333333333333,0.0,0.0,1.8333333333333333,0.0,35,2,True,6,False,0,Typical mix
9.333333333333334,0.0,1.0833333333333333,2.0,1.5,0.5,0.0,36,1,True,9,False,0,Typical mix
11.933333333333334,0.0,0.1166666666666666,0.0,0.0,6.533333333333333,0.0,66,2,True,4,False,0,Typical mix
11.55,0.0,0.3333333333333333,0.0,0.0,0.5,0.0,60,2,True,8,False,0,Typical mix
13.583333333333334,3.0,1.0,0.0,0.0,0.0,0.0,42,2,True,10,False,0,Typical mix
6.5,7.666666666666667,1.5,0.75,0.0,0.0,1.0,30,1,False,7,False,2,Work-focused
8.916666666666666,8.666666666666666,1.5,0.0,0.0,0.75,0.0,58,2,False,5,False,2,Work-focused
3.5,0.05,1.25,1.0,0.0,1.45,0.0,30,2,False,10,False,0,Typical mix
5.5,0.0,3.05,0.0,0.6666666666666666,0.0,0.0,63,2,True,10,False,0,Typical mix
11.0,0.0,1.3333333333333333,0.0,0.0,2.1666666666666665,0.0,47,1,True,5,False,0,Typical mix
9.0,0.0,0.3333333333333333,0.0,0.25,1.5,0.0,32,1,False,8,False,0,Typical mix
9.75,0.0,2.8333333333333335,0.0,0.0,7.0,0.0,78,2,False,10,False,0,Typical mix
7.0,8.283333333333333,0.65,0.0,0.0,1.8,0.0,34,1,True,5,False,2,Work-focused
6.0,8.883333333333333,0.8333333333333334,0.0,0.0,3.75,0.0,54,1,True,1,False,2,Work-focused
6.933333333333334,8.816666666666666,0.8333333333333334,1.75,0.0,0.0,0.0,57,1,False,9,False,2,Work-focused
9.0,0.0,2.0,0.0,0.0,2.716666666666667,0.0,50,2,True,8,False,0,Typical mix
10.5,0.0,0.5,0.0,1.5,2.75,2.25,36,2,False,7,False,4,Computer-leisure
8.333333333333334,8.916666666666666,0.3333333333333333,0.0,0.0,2.75,0.0,28,2,False,7,False,2,Work-focused
8.0,0.0,2.0833333333333335,0.0,1.1666666666666667,4.5,0.0,77,1,False,4,False,0,Typical mix
7.666666666666667,0.0,2.0833333333333335,0.0,0.0,6.5,0.0,76,1,True,7,False,0,Typical mix
7.5,7.75,1.25,0.4333333333333333,0.0,0.5833333333333334,0.25,30,1,False,2,False,2,Work-focused
8.333333333333334,0.0,2.0,0.0,2.0,3.316666666666667,0.0,85,1,True,10,False,0,Typical mix
7.833333333333333,9.666666666666666,0.5,0.0,0.0,2.4166666666666665,0.0,50,2,False,8,False,2,Work-focused
6.5,0.0,0.8333333333333334,0.0,2.0,1.0,0.0,41,1,True,8,False,1,Social
7.0,9.1,0.5,0.0,0.0,3.8333333333333335,0.0,51,2,False,6,False,2,Work-focused
10.75,0.0,0.5,0.0,0.0,8.466666666666667,0.0,75,1,False,8,False,0,Typical mix
10.5,0.0,1.5,0.0,0.0,3.0833333333333335,0.0,34,2,True,6,False,0,Typical mix
13.0,0.0,4.083333333333333,0.0,0.0,2.0,0.0,64,1,True,5,False,0,Typical mix
11.5,0.0,0.5,0.0,0.0,0.0,0.0,24,1,True,8,False,0,Typical mix
10.75,0.0,1.25,0.0,0.0,3.5833333333333335,0.0,35,2,True,8,False,0,Typical mix
9.5,0.0,0.75,0.0,1.25,6.833333333333333,0.0,79,2,False,7,False,0,Typical mix
9.75,0.0,0.1666666666666666,0.0,0.0,12.333333333333334,0.0,19,1,False,10,False,0,Typical mix
10.0,0.0,0.4166666666666667,0.0,0.0,4.0,0.0,64,2,True,9,False,0,Typical mix
16.5,0.0,0.5,0.0,0.0,2.3333333333333335,0.0,49,2,False,5,False,0,Typical mix
7.5,0.0,2.1666666666666665,0.0,0.0,2.25,1.0,29,1,True,7,False,0,Typical mix
8.5,8.0,0.75,0.0,0.75,0.3333333333333333,0.0,34,2,False,7,False,2,Work-focused
8.0,0.0,1.0,0.0,2.5,3.8,0.0,72,2,False,10,False,1,Social
10.0,0.0,1.25,0.0,0.0,1.2166666666666666,0.0,30,2,True,9,False,0,Typical mix
10.916666666666666,0.0,0.4166666666666667,0.0,1.0,3.5,0.0,39,2,False,6,False,0,Typical mix
6.416666666666667,0.0,0.3333333333333333,0.0,8.166666666666666,2.5,1.5,58,1,True,8,False,1,Social
6.0,12.666666666666666,0.0,0.0,0.0,0.0,0.0,32,2,False,10,False,2,Work-focused
8.25,0.0,1.0,1.0,2.0,3.0,0.0,35,2,False,6,False,0,Typical mix
7.0,0.0,0.75,0.0,0.0,14.75,0.0,55,1,False,0,False,0,Typical mix
8.5,0.0,1.1666666666666667,1.0,0.0,0.0,0.0,17,2,False,8,False,0,Typical mix
10.45,7.766666666666667,0.8333333333333334,0.0,0.25,1.5,0.0,55,2,False,6,False,2,Work-focused
12.683333333333334,0.0,0.3333333333333333,0.0,0.75,4.0,0.0,53,2,True,5,False,0,Typical mix
7.466666666666667,6.5,0.0,8.233333333333333,0.0,1.0,0.0,17,2,True,10,False,3,Active
14.0,0.0,2.0,4.0,3.0,0.0,0.0,59,1,True,5,False,3,Active
10.0,0.0,1.6666666666666667,0.0,2.0,5.0,0.0,85,2,False,10,False,0,Typical mix
7.5,0.0,0.0,0.0,0.0,4.833333333333333,0.0,69,2,True,8,False,0,Typical mix
10.5,0.0,0.8333333333333334,0.0,6.5,1.6666666666666667,0.0,46,1,False,6,False,1,Social
8.5,0.0,1.0,0.0,0.0,7.766666666666667,0.0,52,1,True,4,False,0,Typical mix
5.166666666666667,0.0,0.8333333333333334,0.0,0.0,7.083333333333333,0.0,42,1,False,5,False,0,Typical mix
10.95,0.0,1.0,0.0,0.0,10.5,0.0,52,2,False,6,False,0,Typical mix
10.083333333333334,0.0,1.5,0.0,0.0,2.0,0.0,34,2,True,8,False,0,Typical mix
10.0,0.0,2.3333333333333335,0.0,0.0,0.9166666666666666,0.0,36,2,True,6,False,0,Typical mix
7.666666666666667,0.0,0.4166666666666667,0.0,0.0,6.916666666666667,0.0,56,1,True,6,False,0,Typical mix
4.0,0.0,0.0833333333333333,0.0,0.0,1.0,0.0,61,2,False,3,False,2,Work-focused
12.066666666666666,0.0,0.8333333333333334,0.0,0.5833333333333334,5.383333333333334,0.0,61,1,True,5,False,0,Typical mix
8.0,9.5,1.3333333333333333,0.0,0.0,1.5333333333333334,0.0,46,2,False,5,False,2,Work-focused
10.0,0.0,1.5,0.0,0.0,1.0,0.0,25,2,True,8,False,0,Typical mix
9.25,0.0,0.25,0.0,2.6666666666666665,0.0,0.0,20,1,False,6,False,1,Social
12.75,0.0,2.0,0.0,0.0,0.75,0.0,38,2,True,5,False,0,Typical mix
7.0,0.0,1.0833333333333333,0.0,0.0,2.3333333333333335,0.0,79,1,True,10,False,0,Typical mix
6.75,0.0,0.5,0.0,0.1666666666666666,3.0,7.666666666666667,24,1,True,8,False,4,Computer-leisure
8.0,0.0,2.1666666666666665,0.0,0.5,3.8333333333333335,0.0,53,1,False,7,False,0,Typical mix
8.0,0.0,2.6666666666666665,3.5,0.0,0.0,0.0,39,2,True,8,False,3,Active
14.0,0.0,0.3333333333333333,6.5,0.0,3.1666666666666665,0.0,15,1,True,8,False,3,Active
10.0,0.0,1.8333333333333333,0.0,0.0,2.6666666666666665,0.0,35,2,True,7,False,0,Typical mix
9.75,0.0,0.5,0.0,0.0,0.0,0.0,37,1,True,6,False,0,Typical mix
7.5,9.5,0.75,0.0,0.75,1.5,0.0,23,2,True,10,False,2,Work-focused
7.5,0.0,2.25,0.0,0.0,3.9,0.0,65,2,True,10,False,0,Typical mix
8.0,0.5,1.6666666666666667,0.0,0.0,2.8333333333333335,0.0,60,1,True,8,False,0,Typical mix
6.0,0.0,0.1666666666666666,0.0,0.0,7.833333333333333,0.0,18,1,True,7,False,0,Typical mix
10.866666666666667,0.0,0.8333333333333334,2.5,0.0,3.0,0.0,36,1,True,7,False,3,Active
7.0,7.25,1.3333333333333333,0.0,0.5,1.5,0.0,53,2,False,7,False,2,Work-focused
12.333333333333334,0.0,0.6666666666666666,0.0,0.0,9.8,0.0,43,2,True,6,False,0,Typical mix
13.0,0.0,1.5,0.0,0.0,0.0,0.0,43,1,True,5,False,0,Typical mix
9.733333333333333,0.0,2.0,3.0,3.4166666666666665,0.0,0.5,35,2,True,7,False,3,Active
8.5,9.416666666666666,2.5,0.0,0.0,1.6666666666666667,0.0,36,1,False,7,False,2,Work-focused
10.0,0.0,3.0,0.0,0.0,3.75,0.0,31,1,False,4,False,0,Typical mix
8.0,0.0,0.8333333333333334,0.0,0.0,7.833333333333333,0.0,55,2,False,7,False,0,Typical mix
9.5,0.0,1.3333333333333333,1.0,0.0,3.0,0.0,44,1,True,8,False,0,Typical mix
5.5,9.0,0.7833333333333333,1.5833333333333333,0.0,3.683333333333333,0.0,23,2,False,6,False,2,Work-focused
7.5,0.0,0.8333333333333334,0.0,0.0,5.583333333333333,0.0,67,2,True,8,False,0,Typical mix
10.5,0.0,0.25,1.5,0.0,5.5,0.0,43,1,True,7,False,0,Typical mix
12.0,1.0,0.75,0.0,3.5,1.85,0.0,34,2,True,4,False,1,Social
6.0,8.583333333333334,1.2333333333333334,0.0,0.0,0.0,0.0,32,1,False,8,False,2,Work-focused
8.65,0.0,1.4166666666666667,0.3333333333333333,2.0,0.0,0.0,64,2,False,10,False,1,Social
10.25,0.0,0.8333333333333334,0.0,0.0,5.983333333333333,0.0,80,1,False,8,False,0,Typical mix
12.5,0.0,2.3333333333333335,0.0,0.0,4.0,0.0,33,2,True,8,False,0,Typical mix
5.5,0.0,1.9166666666666667,0.0,0.0,4.25,0.0,64,1,True,7,False,0,Typical mix
6.083333333333333,0.0,4.0,0.0,0.0,2.8333333333333335,0.0,55,2,True,5,False,0,Typical mix
7.5,8.083333333333334,0.5,0.0,0.0,4.0,0.0,49,2,False,8,False,2,Work-focused
7.666666666666667,7.416666666666667,0.75,0.0,0.25,3.75,0.0,31,2,False,5,False,2,Work-focused
8.333333333333334,0.0,0.3333333333333333,0.0,2.25,4.5,0.0,46,2,True,10,False,0,Typical mix
8.433333333333334,0.0,0.1666666666666666,2.0,0.0,2.8666666666666667,0.0,58,2,False,3,False,0,Typical mix
10.0,0.0,0.75,0.75,0.0,2.0,0.0,56,1,True,7,False,0,Typical mix
7.0,0.0,3.0,0.0,0.0,5.083333333333333,0.0,49,1,True,7,False,0,Typical mix
10.483333333333333,0.0,1.8333333333333333,0.0,7.583333333333333,0.0,0.0,17,2,True,7,False,1,Social
7.5,8.05,1.0,1.75,0.0,1.0,0.0,31,1,False,7,False,2,Work-focused
5.483333333333333,0.0,0.25,0.0,0.0,1.5,0.0,73,2,False,5,False,0,Typical mix
7.5,0.0,0.25,0.0,0.0,15.083333333333334,0.0,46,1,False,5,False,0,Typical mix
7.0,0.0,0.25,5.75,0.0,8.0,0.0,51,1,True,7,False,3,Active
8.0,0.0,0.5,0.0,0.0,7.166666666666667,0.0,80,2,True,6,False,0,Typical mix
8.916666666666666,0.0,1.1666666666666667,0.0,0.0,1.0,0.0,52,2,False,8,False,0,Typical mix
6.0,0.0,0.3333333333333333,0.0,0.0,3.3333333333333335,0.0,66,2,False,8,False,0,Typical mix
8.5,0.25,1.25,0.0,0.0,0.5,0.0,40,2,False,5,False,0,Typical mix
8.583333333333334,0.0,0.3666666666666666,0.0,2.25,3.0,0.0,72,1,True,10,False,0,Typical mix
8.666666666666666,0.0,1.6666666666666667,0.0,0.0,0.5,0.0,85,2,False,8,False,0,Typical mix
10.083333333333334,7.833333333333333,1.8333333333333333,0.0,0.0,0.0,0.0,68,2,True,10,False,2,Work-focused
5.666666666666667,12.116666666666667,0.3333333333333333,0.5833333333333334,0.0,2.9166666666666665,0.0,60,1,True,10,False,2,Work-focused
9.0,7.966666666666667,1.3333333333333333,0.0,0.0,4.666666666666667,0.0,40,1,False,7,False,2,Work-focused
8.133333333333333,0.0,1.5,0.0,1.55,0.0,0.0,40,1,True,8,False,0,Typical mix
8.5,0.0,0.75,0.0,0.0,1.5,0.0,58,2,False,5,False,0,Typical mix
12.45,0.0,0.25,0.0,5.5,1.0,0.0,41,2,True,7,False,1,Social
11.0,0.0,0.25,0.0,0.0,1.5,0.0,33,2,True,5,False,0,Typical mix
9.5,0.0,1.5,0.0,0.0,2.0,0.0,67,2,False,10,False,0,Typical mix
7.5,0.0,1.0,0.0,0.0,4.916666666666667,3.75,54,2,True,5,False,4,Computer-leisure
7.416666666666667,8.416666666666666,1.0,0.0,1.0,1.9166666666666667,0.0,53,2,False,10,False,2,Work-focused
7.5,0.0,0.3333333333333333,0.0,2.5,1.5,1.5,61,2,True,5,False,1,Social
5.583333333333333,8.466666666666667,0.6666666666666666,0.0,0.0,0.0,0.0,32,2,False,7,False,2,Work-focused
7.75,0.0,1.5,0.0,3.0,1.0,0.0,48,2,True,6,False,1,Social
8.0,0.0,2.6666666666666665,0.0,0.4166666666666667,1.5,0.0,39,2,True,10,False,0,Typical mix
11.166666666666666,0.0,0.5,0.0,0.0,5.75,0.0,17,2,True,9,False,0,Typical mix
4.5,0.0,4.166666666666667,0.0,0.0,8.9,0.0,59,2,False,8,False,0,Typical mix
9.5,0.0,0.5833333333333334,0.0,2.0,3.1666666666666665,0.0,54,2,True,7,False,0,Typical mix
13.0,0.0,2.25,0.0,1.5,2.0,0.0,80,1,True,6,False,0,Typical mix
6.833333333333333,0.0,2.0,0.0,1.0,0.0,0.0,46,2,True,8,False,0,Typical mix
8.0,0.0,1.75,0.0,0.0,2.3333333333333335,0.5,61,1,True,6,False,0,Typical mix
10.0,0.0,2.3333333333333335,0.0,1.0333333333333334,1.7666666666666666,0.0,76,2,True,10,False,0,Typical mix
11.5,0.0,2.0,0.0,0.0,2.75,0.0,85,2,False,8,False,0,Typical mix
11.0,0.0,1.5,0.0,0.5,6.75,0.0,85,2,False,5,False,0,Typical mix
5.5,0.0,0.75,0.0,3.6666666666666665,4.083333333333333,0.0,59,1,True,9,False,1,Social
8.5,0.0,0.8333333333333334,2.6666666666666665,0.0,2.316666666666667,0.0,45,1,True,8,False,3,Active
9.75,0.0,0.8333333333333334,2.0,0.0,5.083333333333333,0.0,16,1,False,7,False,0,Typical mix
8.5,0.0,0.75,0.0,3.5166666666666666,0.0,0.0,59,1,True,7,False,1,Social
9.0,0.0,0.9166666666666666,0.1666666666666666,1.5,4.016666666666667,0.0,58,2,True,5,False,0,Typical mix
10.0,0.0,0.5,0.0,1.25,5.75,0.0,66,2,True,8,False,0,Typical mix
9.0,0.0,1.0833333333333333,0.0,0.0,5.75,0.0,36,2,True,4,False,0,Typical mix
7.333333333333333,7.75,1.0833333333333333,0.0,0.0,2.75,3.0,55,1,False,7,False,4,Computer-leisure
8.75,3.9166666666666665,1.5,0.0,0.2,2.0,0.0,46,2,True,8,False,0,Typical mix
9.166666666666666,0.0,2.0,1.5,0.0,4.166666666666667,1.0,31,1,True,8,False,0,Typical mix
6.25,7.5,1.0,0.0,0.0,0.0,0.0,38,2,False,8,False,2,Work-focused
9.5,0.0,0.25,0.0,0.0,0.0,0.0,60,2,False,9,False,0,Typical mix
10.583333333333334,0.0,1.0,0.0,0.5,5.5,0.0,42,1,True,8,False,0,Typical mix
9.0,0.0,0.75,4.0,0.0,0.0,0.0,36,2,True,6,False,3,Active
7.75,0.25,2.0833333333333335,1.1666666666666667,0.25,1.1666666666666667,0.0,38,1,True,9,False,0,Typical mix
11.25,0.0,1.5,0.0,0.0,0.0,0.0,35,1,True,7,False,0,Typical mix
8.0,0.0,0.0,0.0,0.0,13.5,0.0,72,2,True,1,False,0,Typical mix
5.5,0.0,2.5,0.0,0.0,2.1666666666666665,0.0,38,2,False,10,False,0,Typical mix
9.9,0.5,1.0,0.4333333333333333,0.0,1.0,0.0,35,2,True,8,False,0,Typical mix
5.75,4.25,1.0,0.0,0.0,0.0,0.0,49,1,True,9,False,2,Work-focused
11.0,0.0,0.1666666666666666,2.75,1.0,6.666666666666667,0.0,32,2,True,8,False,3,Active
8.0,7.583333333333333,1.75,0.0,0.0,4.25,0.0,51,1,True,7,False,2,Work-focused
7.5,0.0,2.0,0.0,0.0,2.0,0.0,34,1,True,8,False,0,Typical mix
9.25,0.0,0.5,0.0,3.3333333333333335,4.35,0.0,50,2,True,8,False,1,Social
4.25,4.333333333333333,1.6666666666666667,0.0,2.25,1.6666666666666667,0.0,41,2,True,5,False,2,Work-focused
9.883333333333333,0.0,2.0,0.0,0.0,0.0,0.0,32,2,True,9,False,0,Typical mix
7.833333333333333,0.0,1.5,0.0,0.0,4.75,0.1666666666666666,30,2,True,6,False,0,Typical mix
9.0,0.0,2.0,4.0,0.0,1.6666666666666667,0.0,58,1,True,8,False,3,Active
8.083333333333334,0.0,0.4166666666666667,0.0,1.75,7.583333333333333,0.0,80,2,False,10,False,0,Typical mix
5.5,6.333333333333333,1.0333333333333334,0.0,0.0,8.5,0.0,70,1,False,10,False,2,Work-focused
11.25,0.0,1.1666666666666667,1.8333333333333333,0.0,3.8333333333333335,0.0,18,1,True,5,False,0,Typical mix
10.5,1.4166666666666667,0.9166666666666666,0.0,1.5,0.5,1.0833333333333333,33,1,True,8,False,0,Typical mix
10.25,0.0,0.5,0.0,0.0,2.75,0.0,80,2,True,5,False,0,Typical mix
11.0,0.0,0.0,0.0,3.0,3.3333333333333335,0.0,51,1,True,9,False,1,Social
0.0,0.0,1.0,0.0,0.0,21.0,0.0,50,1,True,0,False,0,Typical mix
7.5,0.0,2.3333333333333335,0.0,2.0,3.3,0.0,85,2,False,8,False,0,Typical mix
7.5,7.133333333333334,0.5833333333333334,1.0,0.5333333333333333,1.25,0.0,30,1,False,7,False,2,Work-focused
8.5,7.4,1.0,0.0,0.0,3.966666666666667,0.0,30,2,False,8,False,2,Work-focused
6.833333333333333,0.0,5.833333333333333,1.5,0.25,3.0,0.0,58,1,True,6,False,0,Typical mix
9.0,0.0,0.25,0.0,0.0,7.75,0.0,42,1,True,8,False,0,Typical mix
9.7,0.0,1.75,0.0,0.0,1.0,0.0,50,1,False,8,False,0,Typical mix
10.916666666666666,0.0,1.5,0.0,0.0,5.0,0.0,80,1,True,8,False,0,Typical mix
8.716666666666667,11.916666666666666,1.8833333333333333,0.0,0.0,0.0,0.0,26,1,False,6,False,2,Work-focused
9.0,4.75,0.75,0.0,6.916666666666667,1.6666666666666667,0.0,64,1,True,8,False,1,Social
5.75,0.0,1.5,0.0,11.166666666666666,0.0,0.0,52,2,True,7,False,1,Social
11.333333333333334,0.0,0.0,0.0,0.0,0.0,0.0,34,2,True,7,False,0,Typical mix
10.816666666666666,0.0,0.25,0.0,1.1666666666666667,6.083333333333333,0.0,21,2,True,6,False,0,Typical mix
7.5,0.0,1.75,0.0,0.25,0.0,0.0,51,2,True,10,False,0,Typical mix
7.166666666666667,0.0,0.6666666666666666,0.0,0.1666666666666666,3.783333333333333,0.0,61,2,True,8,False,0,Typical mix
11.5,0.0,2.0,0.0,0.0,0.0,0.0,33,2,True,9,False,0,Typical mix
10.0,0.0,0.4166666666666667,0.0,0.0,4.0,0.0,35,1,True,8,False,0,Typical mix
9.0,0.0,1.75,0.0,0.0,7.133333333333334,0.0,57,2,True,6,False,0,Typical mix
6.75,0.0,1.0833333333333333,0.3333333333333333,0.0,4.25,0.0,72,2,False,5,False,0,Typical mix
7.0,0.0,2.0,0.0,0.0,6.583333333333333,0.0,78,1,False,9,False,0,Typical mix
7.416666666666667,0.0,1.1666666666666667,0.0,0.0,0.0,0.0,16,2,False,7,False,0,Typical mix
5.5,8.916666666666666,1.5,0.0,0.0,3.25,0.0,66,2,False,8,False,2,Work-focused
8.083333333333334,0.0,0.75,0.0,0.9166666666666666,8.833333333333334,0.0,40,2,True,5,False,0,Typical mix
7.0,12.0,1.0,0.75,0.0,1.5,0.0,50,2,False,7,False,2,Work-focused
5.5,0.0,1.1666666666666667,0.0,0.0,0.5,0.0,51,1,True,7,False,0,Typical mix
10.1,0.0,0.4166666666666667,0.0,0.0,2.466666666666667,0.0,71,2,False,8,False,0,Typical mix
8.883333333333333,0.0,1.0,4.0,0.0,0.0,0.0,56,2,True,7,False,3,Active
9.083333333333334,7.583333333333333,0.5833333333333334,0.0,0.0,2.0,0.0,37,2,True,6,False,2,Work-focused
8.5,0.0,0.4166666666666667,0.0,7.4,0.0,0.0,58,2,False,8,False,1,Social
10.0,7.583333333333333,0.75,0.0,0.0,2.0833333333333335,0.5,58,1,False,4,False,2,Work-focused
8.0,8.416666666666666,0.5,0.75,0.0,0.5,0.0,40,1,False,10,False,2,Work-focused
10.5,0.0,1.25,6.65,0.0,0.0,0.0,16,1,True,8,False,3,Active
6.0,0.0,1.1666666666666667,0.0,0.0,6.333333333333333,0.0,50,1,True,7,False,0,Typical mix
7.583333333333333,0.0,1.0,0.5,0.5,2.5,0.0,65,2,True,5,False,0,Typical mix
10.25,0.0,0.75,0.0,0.0,6.166666666666667,0.0,44,2,False,10,False,0,Typical mix
8.416666666666666,0.0,0.75,0.0,0.0,2.5,1.3333333333333333,45,2,True,4,False,0,Typical mix
7.5,0.0,0.25,0.0,0.0,15.75,0.0,74,1,True,7,False,0,Typical mix
7.0,0.0,3.0,3.0,0.0,0.0,0.0,66,1,False,10,False,3,Active
4.233333333333333,0.0,1.75,0.0,0.0,5.0,0.0,22,1,False,10,False,0,Typical mix
9.5,0.0,1.0,0.0,1.0,3.0,2.0,60,2,True,9,False,0,Typical mix
9.75,0.0,1.5833333333333333,1.0,0.0,0.0,0.0,46,2,False,8,False,0,Typical mix
7.5,9.916666666666666,0.5833333333333334,1.0,0.6666666666666666,0.0,0.0,49,2,False,9,False,2,Work-focused
9.0,0.0,1.3333333333333333,0.0,0.5,4.25,0.0,78,2,False,5,False,0,Typical mix
7.75,0.0,0.5,3.5,2.5,6.0,0.0,64,1,False,6,False,3,Active
8.25,9.5,0.5,0.0,0.0,0.0,0.0,45,1,False,9,False,2,Work-focused
9.5,7.916666666666667,1.4166666666666667,0.0,0.0,0.0,0.0,21,1,False,8,False,2,Work-focused
4.0,0.0,1.7666666666666666,0.0,0.0,7.0,0.0,45,1,False,5,False,0,Typical mix
13.25,0.0,1.0,6.666666666666667,0.0,2.0,0.0,16,2,True,7,False,3,Active
16.233333333333334,0.0,0.3333333333333333,0.0,1.6333333333333333,0.5,0.0,34,1,True,5,False,0,Typical mix
8.0,0.0,1.25,0.0,0.0833333333333333,3.5,1.5,70,2,False,5,False,0,Typical mix
12.75,0.0,0.5833333333333334,3.4166666666666665,3.05,0.0,0.0,16,1,True,9,False,3,Active
8.833333333333334,7.166666666666667,1.5,0.0,0.0,1.0,0.0,44,2,False,8,False,2,Work-focused
7.0,9.083333333333334,1.0833333333333333,2.1666666666666665,0.0,2.6666666666666665,0.0,45,1,False,8,False,2,Work-focused
8.25,2.25,2.3333333333333335,0.0,0.0,2.5833333333333335,0.0,64,2,False,6,False,0,Typical mix
8.616666666666667,0.0,0.5,0.0,4.5,4.0,0.0,80,2,False,7,False,1,Social
5.75,9.733333333333333,2.4833333333333334,0.0,0.0,0.25,0.0,42,1,False,7,False,2,Work-focused
7.5,10.5,0.5,0.0,1.75,2.5,0.0,48,1,False,7,False,2,Work-focused
9.55,0.0,0.9166666666666666,0.0,0.0,0.0,0.0,42,2,False,7,False,0,Typical mix
15.5,0.0,0.5,0.0,0.25,3.0,2.0,34,1,True,8,False,0,Typical mix
10.083333333333334,0.0,0.4166666666666667,0.0,2.25,4.75,0.0,67,2,True,9,False,0,Typical mix
11.25,0.0,0.8333333333333334,0.0,0.0,11.666666666666666,0.0,37,2,True,6,False,0,Typical mix
8.5,0.0,1.5,1.0,0.0,3.4833333333333334,0.0,46,1,True,8,False,0,Typical mix
10.5,6.25,0.5,0.0,0.0,3.183333333333333,0.0,17,2,False,7,False,2,Work-focused
8.166666666666666,10.783333333333331,0.75,0.0,0.0,3.0,0.0,60,2,False,8,False,2,Work-focused
9.0,0.0,1.5,1.0,0.0,8.666666666666666,0.0,32,2,True,8,False,0,Typical mix
12.0,2.0,1.0,2.0,0.0,4.5,0.0,61,2,True,10,False,0,Typical mix
5.716666666666667,10.5,0.4166666666666667,0.0,3.0,0.25,0.0,45,2,True,8,False,2,Work-focused
10.5,0.0,2.5,0.0,0.0,2.0,0.0,42,1,True,4,False,0,Typical mix
7.166666666666667,0.0,0.25,0.0,2.8333333333333335,0.0,0.0,32,2,True,5,False,1,Social
8.0,0.0,0.75,8.666666666666666,0.0,3.4166666666666665,0.0,50,1,True,10,False,3,Active
9.583333333333334,0.0,1.1666666666666667,0.0,5.5,0.0,0.0,37,2,False,10,False,1,Social
9.0,0.0,0.5,0.0,1.3333333333333333,4.916666666666667,0.0,80,2,False,4,False,0,Typical mix
11.383333333333333,0.0,0.5333333333333333,0.1666666666666666,0.5,5.083333333333333,0.0,18,2,True,8,False,0,Typical mix
8.0,0.0,0.3333333333333333,0.0,0.0,1.0,0.0,21,2,True,6,False,0,Typical mix
11.75,0.0,0.25,0.0,0.0,2.0,0.0,58,1,False,10,False,0,Typical mix
12.416666666666666,0.0,1.5,0.0,0.5833333333333334,0.0,0.0,40,1,True,8,False,0,Typical mix
9.0,0.0,3.25,2.0,0.0,0.0,0.0,64,2,False,8,False,0,Typical mix
7.0,0.0,0.75,0.0,3.5,0.0,0.0,15,2,True,4,False,1,Social
7.75,7.583333333333333,0.5,0.0,0.0,6.0,0.0,68,2,False,5,False,2,Work-focused
3.5,0.0,1.75,0.0,0.0,0.0,0.4166666666666667,71,2,False,10,False,2,Work-focused
6.0,0.0,0.8333333333333334,0.0,5.1,1.1666666666666667,0.0,29,2,False,8,False,1,Social
11.0,0.0,0.5,0.0,0.0,5.5,0.0,35,2,False,6,False,0,Typical mix
10.25,0.0,0.4166666666666667,0.0,0.0,6.75,0.0,26,2,False,8,False,0,Typical mix
5.0,0.0,0.5,0.0,14.5,0.7833333333333333,0.0,67,2,False,7,False,1,Social
8.166666666666666,9.083333333333334,1.1666666666666667,0.0,0.0,0.0,1.0,39,1,False,10,False,2,Work-focused
9.25,0.0,0.5,0.0,0.0,3.6666666666666665,0.0,54,2,True,8,False,0,Typical mix
7.0,10.833333333333334,1.25,1.25,0.0,1.0833333333333333,0.0,55,2,False,7,False,2,Work-focused
9.333333333333334,0.0,1.1666666666666667,1.5,2.0,6.583333333333333,0.0,19,1,True,8,False,0,Typical mix
9.5,0.0,0.6666666666666666,0.0,0.0,0.0,0.0,40,1,False,3,False,0,Typical mix
7.5,10.833333333333334,1.5,0.0,0.0,1.5,1.0,58,1,False,8,False,2,Work-focused
7.5,7.15,1.0833333333333333,0.0,0.0,2.316666666666667,0.0,60,2,False,8,False,2,Work-focused
9.0,8.083333333333334,2.5,0.0,1.6666666666666667,1.0,0.0,29,1,False,9,False,2,Work-focused
8.6,0.0,0.5,0.0,1.6666666666666667,2.0,0.0,77,2,True,10,False,0,Typical mix
7.25,0.0,0.75,0.0,1.8333333333333333,4.45,0.0,17,2,True,7,False,0,Typical mix
7.45,9.616666666666667,1.0,0.0,1.3166666666666669,0.0,2.0,69,1,True,7,False,2,Work-focused
8.5,0.6666666666666666,1.3333333333333333,0.0,4.666666666666667,3.9166666666666665,0.5,52,1,True,7,False,1,Social
10.916666666666666,0.0,1.4166666666666667,0.0,0.0,0.0,0.0,37,2,True,8,False,0,Typical mix
9.5,0.0,1.1666666666666667,1.0,1.5,2.8333333333333335,0.0,33,2,False,8,False,0,Typical mix
11.0,0.0,1.0,0.0,0.0,4.25,0.0,26,2,False,9,False,0,Typical mix
7.0,3.816666666666667,2.1666666666666665,0.0,0.0,5.0,0.0,40,1,True,5,False,0,Typical mix
9.833333333333334,2.0,2.1666666666666665,0.0,0.3333333333333333,0.75,0.5,38,1,True,8,False,0,Typical mix
8.0,2.0,2.0,0.0,0.5,1.9166666666666667,0.3333333333333333,39,2,False,7,False,0,Typical mix
9.25,8.083333333333334,0.5,0.0,0.0,0.0,0.0,18,2,True,10,False,2,Work-focused
8.25,7.916666666666667,1.75,0.0,0.0,0.6666666666666666,0.0,41,1,False,9,False,2,Work-focused
7.25,10.0,1.0,0.25,0.0,0.0,0.0,64,1,False,5,False,2,Work-focused
6.5,8.0,0.8333333333333334,0.0,0.0,2.6666666666666665,0.0,40,1,False,8,False,2,Work-focused
9.433333333333334,0.0,1.1666666666666667,0.0,0.0,0.0,0.0,60,2,True,7,False,0,Typical mix
8.416666666666666,8.5,1.0,0.0,0.0,2.5,0.0,30,1,False,8,False,2,Work-focused
5.833333333333333,8.583333333333334,1.0,0.0,0.0,0.0,0.0,42,2,False,8,False,2,Work-focused
10.25,0.0,0.5,0.0,0.0,3.1333333333333333,0.0,56,2,True,9,False,0,Typical mix
7.966666666666667,5.566666666666666,0.5,0.0,4.966666666666667,1.0,0.0,42,1,True,5,False,1,Social
9.75,0.0,0.8333333333333334,0.0,0.0,7.583333333333333,0.0,78,1,True,7,False,0,Typical mix
10.133333333333333,7.0,1.0,0.0,0.0,1.3333333333333333,0.0,23,2,False,10,False,2,Work-focused
8.083333333333334,10.0,0.5,0.0,0.0,0.0,0.0,64,2,False,6,False,2,Work-focused
9.5,0.0,0.8333333333333334,0.0,1.25,6.0,0.0,67,2,True,8,False,0,Typical mix
10.0,0.75,1.3333333333333333,0.0,3.0,3.0,0.25,41,2,False,9,False,1,Social
8.25,0.0,1.6666666666666667,0.0,0.0,6.583333333333333,0.0,44,2,True,10,False,0,Typical mix
8.5,0.0,0.6666666666666666,0.0,0.0,2.5,0.0,68,2,True,4,False,0,Typical mix
10.5,0.0,0.5833333333333334,0.0,0.0,1.75,0.0,45,2,True,7,False,0,Typical mix
10.0,0.0,0.75,0.0,2.0,4.833333333333333,0.0,52,1,False,3,False,0,Typical mix
7.0,0.0,0.75,0.5,2.5,0.0,0.0,48,2,False,6,False,1,Social
7.0,0.0,0.4166666666666667,0.5,1.8333333333333333,2.0,2.0,32,1,False,8,False,0,Typical mix
7.583333333333333,7.25,1.25,0.0,0.3333333333333333,1.9166666666666667,0.0,54,2,False,7,False,2,Work-focused
9.75,0.0,1.5,2.0,2.2,3.0,0.0,16,2,True,10,False,0,Typical mix
6.65,3.0,0.5,0.0,0.0,5.266666666666667,0.0,36,1,True,8,False,0,Typical mix
8.25,0.0,1.25,2.25,0.0,3.0,0.0,24,2,False,7,False,0,Typical mix
9.5,0.0,2.0,0.0,0.0,3.0833333333333335,0.0,43,1,True,8,False,0,Typical mix
9.0,0.0,0.8333333333333334,0.0,0.0,3.0,0.0,77,2,False,10,False,0,Typical mix
11.0,0.0,0.25,0.0,0.0,2.0,0.0,59,2,False,6,False,0,Typical mix
8.5,0.0,1.5833333333333333,2.0,1.3333333333333333,0.0,2.0166666666666666,17,1,True,7,False,0,Typical mix
8.333333333333334,7.833333333333333,0.8333333333333334,0.0,0.0,0.25,0.0,51,1,False,8,False,2,Work-focused
9.466666666666669,0.0,2.25,0.0,0.0,0.0,0.0,63,2,True,7,False,0,Typical mix
11.0,0.0,0.5,0.0,2.25,6.5,0.0,65,2,False,8,False,0,Typical mix
4.5,11.666666666666666,1.3166666666666669,0.0,0.0,2.0,0.0,46,1,False,5,False,2,Work-focused
15.916666666666666,0.0,0.25,0.0,0.0,6.916666666666667,0.0,66,1,True,5,False,0,Typical mix
8.166666666666666,0.0,1.3333333333333333,0.0,3.6666666666666665,0.75,0.0,18,1,False,7,False,1,Social
10.333333333333334,0.0,0.5,0.0,0.0,0.5,0.0,16,2,True,8,False,0,Typical mix
8.216666666666667,0.0,0.1666666666666666,0.0,0.0,11.033333333333331,0.0,48,1,True,5,False,0,Typical mix
9.5,0.0,0.5,0.0,0.0,3.6666666666666665,0.0,42,1,True,3,False,0,Typical mix
9.5,0.0,1.5,0.0,0.0,1.0,0.0,59,2,False,9,False,0,Typical mix
9.5,0.0,0.3333333333333333,0.0,0.75,0.0,0.0,36,2,True,9,False,0,Typical mix
8.5,8.083333333333334,0.5,0.0,0.0,2.5,1.0,37,1,False,6,False,2,Work-focused
7.0,0.0,0.0,0.0,0.0,0.0,0.0,52,1,False,6,False,0,Typical mix
9.5,0.0,1.0,0.0,0.0,6.666666666666667,0.0,44,2,False,6,False,0,Typical mix
10.0,0.1666666666666666,0.5,0.0,0.0,2.966666666666667,0.0,35,1,True,7,False,0,Typical mix
6.0,9.0,1.6666666666666667,0.0,1.0,2.75,0.0,57,1,False,3,False,2,Work-focused
8.25,0.0,1.75,0.5,0.0,4.5,0.0,60,2,False,5,False,0,Typical mix
8.0,0.0,2.5,1.0,0.0,3.4166666666666665,0.0,32,2,True,9,False,0,Typical mix
9.0,0.0,3.0,0.0,0.0,2.0,0.0,32,1,False,10,False,0,Typical mix
11.316666666666666,0.0,0.8333333333333334,0.0,0.0,1.0166666666666666,0.0,41,1,True,8,False,0,Typical mix
7.833333333333333,8.75,0.75,0.0,0.0,0.0,0.0,61,2,False,9,False,2,Work-focused
9.5,0.0,0.25,0.0,0.0,6.716666666666667,0.0,78,2,False,4,False,0,Typical mix
6.75,10.966666666666669,1.3333333333333333,0.0,0.0,0.0,0.0,44,1,False,6,False,2,Work-focused
7.5,7.0,1.0,0.0,0.0,6.5,0.0,25,1,True,7,False,2,Work-focused
9.0,0.0,2.5,0.0,2.0,7.0,0.0,60,1,False,5,False,0,Typical mix
8.5,0.0,0.5,2.6666666666666665,2.0833333333333335,1.5833333333333333,0.0,35,1,True,7,False,3,Active
9.0,0.0,1.0,0.0,0.0,3.0,0.0,34,1,True,10,False,0,Typical mix
13.0,0.0,3.5,1.0,0.2333333333333333,1.2666666666666666,0.0,17,2,True,10,False,0,Typical mix
9.5,4.466666666666667,0.3333333333333333,0.0,1.6666666666666667,1.5,0.0,20,2,True,6,False,2,Work-focused
9.25,0.0,1.3333333333333333,3.1666666666666665,0.75,0.0,0.0,27,2,False,8,False,3,Active
8.5,0.0,0.1666666666666666,0.0,0.0,8.5,0.0,73,2,True,10,False,0,Typical mix
7.866666666666666,9.0,1.0,0.0,0.75,2.3333333333333335,0.0,40,1,False,5,False,2,Work-focused
7.833333333333333,9.416666666666666,0.3333333333333333,0.0,0.0,2.5,0.0,54,1,True,6,False,2,Work-focused
9.5,0.0,2.0,0.0,0.0,0.0,0.0,38,2,True,10,False,0,Typical mix
9.0,0.0,3.0,0.0,1.5,0.25,0.0,61,1,True,10,False,0,Typical mix
10.0,2.0,2.1666666666666665,0.0,0.0,1.85,0.0,40,2,False,10,False,0,Typical mix
8.5,0.0,0.5,2.25,0.0,0.0,1.0,52,2,False,7,False,3,Active
11.0,0.0,0.8333333333333334,1.25,0.8333333333333334,3.5,0.0,29,2,False,8,False,0,Typical mix
9.5,0.0,1.5,0.0,1.3333333333333333,4.133333333333334,0.0,68,1,True,9,False,0,Typical mix
9.0,0.0,0.5,0.0,0.0,2.0,7.833333333333333,52,2,False,5,False,4,Computer-leisure
9.133333333333333,0.0,1.6666666666666667,0.0,0.0,0.0,0.0,40,1,True,6,False,0,Typical mix
6.5,0.0,1.0,0.0,2.5,4.6,0.0,55,1,True,10,False,1,Social
11.5,0.0,0.8333333333333334,0.0,0.0,2.25,1.0,69,1,False,8,False,0,Typical mix
8.416666666666666,0.0,0.0,3.0,0.0,2.0,0.0,15,1,True,8,False,3,Active
7.0,12.083333333333334,1.5,0.0,0.0,0.0,0.0,42,1,False,10,False,2,Work-focused
5.5,7.983333333333333,0.1666666666666666,0.0,0.0,1.5,0.0,63,2,False,6,False,2,Work-focused
9.116666666666667,9.666666666666666,0.25,1.1666666666666667,1.2166666666666666,0.0,0.0,25,2,False,6,False,2,Work-focused
10.333333333333334,0.0,0.5,0.0,1.0,6.583333333333333,0.0,19,1,True,7,False,0,Typical mix
7.25,0.0,1.4166666666666667,0.0,1.4166666666666667,2.5833333333333335,0.0,48,2,False,2,False,0,Typical mix
7.833333333333333,5.716666666666667,0.25,0.0,0.3,3.15,0.0,25,1,True,9,False,2,Work-focused
9.5,0.0,0.5,5.0,0.0,1.5,0.0,27,1,True,7,False,3,Active
8.5,4.0,1.0,0.0,0.4833333333333333,3.1666666666666665,0.0,59,2,False,9,False,0,Typical mix
13.0,0.0,0.1666666666666666,0.0,5.0,4.833333333333333,0.0,26,2,False,8,False,1,Social
9.5,0.0,0.25,0.0,6.0,7.85,0.0,50,1,False,6,False,1,Social
11.0,0.0,0.0,0.0,1.0,2.0,0.0,65,2,True,6,False,0,Typical mix
9.416666666666666,0.0,1.5833333333333333,0.0,0.0,0.75,0.0,33,1,True,8,False,0,Typical mix
12.0,0.0,0.25,0.0,0.0,10.75,0.0,57,1,True,10,False,0,Typical mix
6.0,8.4,1.4166666666666667,1.5,0.5,2.8333333333333335,0.0,45,2,False,5,False,2,Work-focused
8.0,0.0,0.4166666666666667,0.0,0.0,5.166666666666667,0.0,67,2,False,7,False,0,Typical mix
6.5,0.0,4.0,2.0,0.0,6.3,0.8333333333333334,55,1,True,6,False,0,Typical mix
13.5,0.0,1.0,0.0,0.0,4.0,0.0,21,2,False,5,False,0,Typical mix
5.1,9.416666666666666,2.5,0.0,0.0,2.0,0.0,28,2,True,6,False,2,Work-focused
8.833333333333334,0.0,1.0,0.3333333333333333,2.933333333333333,0.0,0.0,38,2,False,10,False,1,Social
11.0,0.0,0.25,0.0,0.0,9.416666666666666,3.0,49,2,False,5,False,4,Computer-leisure
7.25,0.0,0.0,0.0,0.0,9.166666666666666,2.0,71,2,True,10,False,0,Typical mix
4.5,0.0,0.3333333333333333,0.0,0.0,0.0,0.0,37,1,False,10,False,2,Work-focused
9.0,4.333333333333333,1.8333333333333333,0.0,0.0,0.0,3.0,29,2,True,7,False,4,Computer-leisure
8.5,5.083333333333333,1.0,0.0,0.0,0.7,0.0,53,2,False,5,False,2,Work-focused
13.5,0.0,0.5,0.0,0.0,3.0,0.0,45,2,True,10,False,0,Typical mix
9.5,0.0,1.9166666666666667,0.0,2.0,3.4166666666666665,0.0,71,2,False,8,False,0,Typical mix
8.0,5.25,0.25,0.0,0.0,6.5,0.0,37,1,True,8,False,0,Typical mix
8.5,0.0,1.4166666666666667,3.0,2.5,3.0,0.0,61,1,True,8,False,3,Active
8.75,0.0,2.4166666666666665,0.0,0.5833333333333334,1.0,0.0,25,1,True,6,False,0,Typical mix
10.25,0.0,0.25,0.0,0.0,0.0,0.0,15,2,True,10,False,0,Typical mix
7.583333333333333,7.916666666666667,1.75,0.0,0.0,1.0,0.0,39,1,False,9,False,2,Work-focused
7.5,9.833333333333334,0.5833333333333334,0.0,0.0,1.8333333333333333,0.0,56,2,False,7,False,2,Work-focused
10.866666666666667,0.0,0.5,0.0,2.45,0.5,0.0,54,1,True,5,False,1,Social
10.0,0.0,1.75,5.066666666666666,0.0,0.9166666666666666,1.0,71,1,False,8,False,3,Active
7.666666666666667,0.0,0.1666666666666666,0.0,0.0,1.9166666666666667,0.0,31,2,True,7,False,0,Typical mix
10.0,0.0,1.5,3.0,1.75,3.683333333333333,0.0,67,1,False,5,False,3,Active
9.833333333333334,0.6666666666666666,2.0,0.0,2.0,1.0,0.0,38,2,True,7,False,0,Typical mix
7.75,0.0,1.6666666666666667,1.0833333333333333,0.0,0.0,0.0,48,2,True,9,False,0,Typical mix
6.5,0.0,1.3333333333333333,0.0,1.5,2.1666666666666665,0.0,70,1,False,7,False,0,Typical mix
7.0,0.0,0.75,0.0,0.0,0.0,0.0,70,1,False,6,False,0,Typical mix
9.0,0.0,0.5833333333333334,0.75,0.0,5.0,0.0,41,2,False,8,False,0,Typical mix
6.5,0.0,0.75,0.0,5.0,2.0,0.0,44,2,True,7,False,1,Social
11.483333333333333,4.0,0.0333333333333333,0.0,1.6,4.283333333333333,0.0,17,2,True,6,False,0,Typical mix
8.5,5.5,0.3333333333333333,0.25,3.0833333333333335,0.75,0.0,38,2,False,8,False,1,Social
9.833333333333334,0.0,0.75,0.0,0.0,3.3,0.0,64,1,True,8,False,0,Typical mix
10.083333333333334,0.0,1.8333333333333333,0.0,0.75,0.5,0.0,35,2,True,6,False,0,Typical mix
10.0,0.0,1.25,2.0,1.0,0.5833333333333334,0.0,49,1,True,8,False,0,Typical mix
3.5,15.483333333333333,1.2666666666666666,0.0,0.0,0.75,0.0,39,2,False,8,False,2,Work-focused
9.5,0.0,0.75,0.0,7.916666666666667,4.25,0.0,80,2,False,7,False,1,Social
7.0,12.25,0.4166666666666667,2.0,0.0,0.0,0.0,52,2,False,5,False,2,Work-focused
12.0,0.0,0.5,0.0,0.0,7.583333333333333,0.0,35,1,False,5,False,0,Typical mix
8.75,0.0,0.5,1.5,0.0,4.75,0.5833333333333334,27,2,False,7,False,0,Typical mix
9.0,0.0,3.1666666666666665,0.0,0.0,4.0,0.0,48,1,True,5,False,0,Typical mix
9.5,0.0,3.0,0.0,0.0,2.0,0.0,46,2,True,9,False,0,Typical mix
8.5,0.0,1.5,0.0,1.0,7.0,0.0,80,2,False,5,False,0,Typical mix
9.583333333333334,7.666666666666667,1.5,0.0,0.0,2.5,0.0,34,2,False,7,False,2,Work-focused
6.0,1.0,1.5,0.1666666666666666,1.0,3.6666666666666665,0.0,72,2,False,9,False,0,Typical mix
8.166666666666666,7.5,0.1,0.0,0.2333333333333333,1.0,0.25,35,2,False,7,False,2,Work-focused
9.25,2.1666666666666665,0.75,0.0,0.0,10.0,0.0,37,2,False,5,False,0,Typical mix
10.0,0.0,2.0,0.0,0.0,9.5,0.0,65,2,False,10,False,0,Typical mix
11.666666666666666,0.0,1.0,3.3333333333333335,0.0,0.0,0.0,34,1,True,6,False,3,Active
12.5,0.0,3.0,0.0,0.0,0.0,0.0,48,1,True,4,False,0,Typical mix
7.5,0.0,1.5,0.0,2.5,2.5,0.0,80,2,False,10,False,1,Social
8.75,9.416666666666666,1.0166666666666666,0.0,0.0,0.0,0.0,56,2,True,10,False,2,Work-focused
13.416666666666666,0.0,0.1666666666666666,0.0,0.0,3.9166666666666665,0.0,42,2,False,8,False,0,Typical mix
5.916666666666667,0.0,1.25,0.75,0.0,0.0,0.0,51,1,True,9,False,0,Typical mix
9.0,7.75,0.75,0.0,0.0,2.5,0.0,28,1,False,10,False,2,Work-focused
12.0,0.0,1.25,0.0,0.25,4.0,0.0,17,1,True,8,False,0,Typical mix
8.05,0.1666666666666666,1.5833333333333333,0.25,3.0,0.75,0.0,24,2,False,6,False,1,Social
9.416666666666666,0.0,0.0,0.0,7.483333333333333,0.0,3.3333333333333335,26,1,True,8,False,1,Social
11.166666666666666,7.75,0.5,0.0,0.0,1.5,0.0,35,2,False,7,False,2,Work-focused
7.25,0.0,0.25,0.0,0.0,2.0,2.0,63,2,True,5,False,0,Typical mix
5.0,0.0,0.1666666666666666,0.0,0.0,0.0,0.0,39,2,True,10,False,2,Work-focused
8.833333333333334,0.0,1.75,0.0,0.0,0.0,0.0,75,2,False,8,False,0,Typical mix
6.083333333333333,0.0,2.3333333333333335,0.0,0.0,2.5,0.0,79,2,False,10,False,0,Typical mix
7.0,0.0,2.5,0.0,1.9166666666666667,0.75,0.0,33,2,True,8,False,0,Typical mix
10.583333333333334,0.0,2.0,1.0,1.0,3.75,0.0,40,1,True,7,False,0,Typical mix
13.0,0.0,0.0,0.0,2.0,2.5,0.0,55,2,False,5,False,0,Typical mix
7.883333333333334,0.0,0.5333333333333333,0.0,1.5,5.416666666666667,0.5,70,2,True,8,False,0,Typical mix
6.5,0.0,0.0,0.0,0.0,0.0,0.0,59,2,True,1,False,0,Typical mix
10.5,0.0,1.5,0.0,4.0,3.8333333333333335,0.0,38,2,True,6,False,1,Social
11.916666666666666,0.0,0.6666666666666666,0.0,0.0,2.0,0.0,69,1,True,7,False,0,Typical mix
7.166666666666667,0.0,1.1666666666666667,1.0,0.75,3.8833333333333337,0.6666666666666666,77,1,True,9,False,0,Typical mix
5.0,0.0,4.5,0.0,2.0,10.75,0.0,85,2,False,7,False,0,Typical mix
9.0,0.0,0.5,0.0,0.0,9.5,0.0,25,2,True,5,False,0,Typical mix
10.333333333333334,0.0,3.3333333333333335,0.0,0.5,1.7166666666666666,0.0,80,2,True,10,False,0,Typical mix
6.816666666666666,7.416666666666667,1.1666666666666667,0.0,2.1666666666666665,0.6666666666666666,0.0,29,1,False,9,False,2,Work-focused
9.0,0.0,0.0,0.0,0.0,5.916666666666667,0.0,59,1,True,6,False,0,Typical mix
13.0,0.0,1.25,0.0,0.0,4.75,0.0,58,2,True,6,False,0,Typical mix
8.0,7.5,0.5,0.0,0.0,2.0,0.0,26,1,False,7,False,2,Work-focused
6.75,10.666666666666666,0.5,0.0,0.0,2.6666666666666665,0.0,67,2,False,9,False,2,Work-focused
8.166666666666666,7.666666666666667,1.0,0.0,0.0,0.0,0.0,31,2,False,6,False,2,Work-focused
6.75,0.0,1.3333333333333333,0.0833333333333333,3.15,3.0833333333333335,0.0,18,2,False,5,False,1,Social
9.5,7.333333333333333,0.9166666666666666,0.0,1.8333333333333333,1.25,0.0,70,1,False,10,False,2,Work-focused
9.633333333333333,9.333333333333334,1.25,0.0,0.0,0.0,0.0,28,2,True,8,False,2,Work-focused
8.0,0.0833333333333333,0.8333333333333334,0.0,0.0,11.083333333333334,0.0,29,1,True,5,False,0,Typical mix
6.333333333333333,8.25,1.5,0.0,0.0,0.25,0.0,60,2,False,3,False,2,Work-focused
9.0,0.0,1.75,0.0,0.0,0.0,0.0,80,1,False,10,False,0,Typical mix
7.75,15.75,0.25,0.0,0.0,0.0,0.0,46,1,False,9,False,2,Work-focused
11.0,5.916666666666667,2.0,0.0,0.0,0.75,0.0,35,2,False,8,False,2,Work-focused
8.5,0.0,1.3333333333333333,0.0,0.4166666666666667,3.5,0.0,50,1,True,7,False,0,Typical mix
8.916666666666666,8.25,1.0,0.0,0.0,0.3333333333333333,0.0,42,2,False,8,False,2,Work-focused
6.0,2.0,0.0,0.0,0.0,0.0,0.0,50,1,True,9,False,2,Work-focused
4.0,6.666666666666667,0.75,0.0,0.0,0.8333333333333334,0.0,57,2,False,5,False,2,Work-focused
6.5,10.166666666666666,0.0833333333333333,0.0,0.0,4.5,0.0,53,1,False,7,False,2,Work-focused
6.583333333333333,5.383333333333334,0.0,0.0,0.0,3.25,0.0,17,2,False,6,False,2,Work-focused
9.0,0.0,3.0,0.0,3.1666666666666665,2.5,0.0,72,1,False,10,False,1,Social
7.333333333333333,8.0,1.9166666666666667,0.6666666666666666,0.0,1.75,0.25,59,1,False,6,False,2,Work-focused
12.75,0.0,0.0,2.0,0.0,8.5,0.0,18,1,False,9,False,0,Typical mix
5.25,0.0,1.0833333333333333,0.0,0.0,4.0,1.0,38,2,True,5,False,0,Typical mix
7.75,0.0,0.6666666666666666,0.5,1.0,0.0,0.0,54,1,True,9,False,0,Typical mix
8.5,8.0,1.0,3.0,0.0,1.0,0.0,40,2,False,7,False,3,Active
9.0,12.166666666666666,1.1666666666666667,0.0,0.0,0.0,0.0,46,1,True,7,False,2,Work-focused
10.0,0.5,0.9166666666666666,2.0,0.0,1.75,0.25,55,1,False,8,False,0,Typical mix
8.0,0.0,0.25,0.0,7.666666666666667,5.333333333333333,0.0,63,2,False,5,False,1,Social
11.583333333333334,0.0,1.5,0.0,0.0,2.3833333333333333,0.0,28,2,True,4,False,0,Typical mix
7.0,8.5,1.5833333333333333,0.0,0.0,1.5,0.0,42,1,False,7,False,2,Work-focused
8.5,0.0,0.0833333333333333,0.0,0.4166666666666667,3.4166666666666665,0.0,57,1,True,5,False,0,Typical mix
5.0,8.216666666666667,6.05,0.0,0.0,0.0,0.8333333333333334,39,1,False,4,False,2,Work-focused
3.8333333333333335,0.0,0.1666666666666666,0.0,1.0,5.75,2.0,29,1,True,5,False,0,Typical mix
9.25,0.0,0.3333333333333333,0.75,0.0,11.85,0.0,54,1,False,3,False,0,Typical mix
8.416666666666666,7.9,2.0,2.0,0.1666666666666666,2.0,0.0,20,1,False,7,False,2,Work-focused
6.833333333333333,0.0,0.8333333333333334,2.6666666666666665,0.0,1.8333333333333333,0.5,64,2,True,7,False,3,Active
10.833333333333334,10.5,0.3333333333333333,0.0,0.0,1.0,0.0,57,1,False,8,False,2,Work-focused
9.75,0.0,1.25,0.0,0.0,7.0,0.0,80,2,False,8,False,0,Typical mix
8.716666666666667,9.183333333333334,1.4166666666666667,0.0,0.5833333333333334,0.0,0.0,26,1,False,3,False,2,Work-focused
10.416666666666666,0.0,2.5,1.0,0.0,2.75,0.0,37,1,True,8,False,0,Typical mix
11.0,0.0,0.1666666666666666,0.0,0.0,9.5,0.25,16,1,True,10,False,0,Typical mix
4.5,0.0,1.3333333333333333,0.0,1.5833333333333333,2.9833333333333334,0.0,20,2,False,10,False,0,Typical mix
10.0,0.0,2.0,2.75,0.0,3.0,0.0,40,1,True,8,False,3,Active
10.166666666666666,6.816666666666666,0.25,0.0,0.0,3.0,0.0,51,2,False,8,False,2,Work-focused
9.166666666666666,0.0,1.0,0.0,7.0,0.0,0.0,35,1,True,5,False,1,Social
9.0,0.25,3.6666666666666665,0.0,0.0,2.6666666666666665,0.0,48,1,True,10,False,0,Typical mix
10.5,0.0,0.5,0.0,0.0,9.0,0.0,68,2,True,8,False,0,Typical mix
10.75,0.0,1.0,0.25,0.1666666666666666,3.4166666666666665,0.0,67,1,True,8,False,0,Typical mix
10.5,8.083333333333334,0.0,0.0,0.0,1.1666666666666667,0.0,40,1,True,8,False,2,Work-focused
6.333333333333333,8.166666666666666,1.3333333333333333,0.0,0.0,4.666666666666667,0.0,44,1,False,5,False,2,Work-focused
9.983333333333333,0.0,0.6666666666666666,0.0,0.0,7.916666666666667,0.0,25,2,True,7,False,0,Typical mix
8.083333333333334,13.25,0.5,0.0,0.0,0.0,0.0,38,1,False,9,False,2,Work-focused
10.416666666666666,1.0,0.0,0.0,3.0,3.0,0.0,29,1,True,6,False,1,Social
9.0,0.0,0.5,0.0,0.0,11.25,0.0,80,2,False,8,False,0,Typical mix
8.75,0.0833333333333333,3.0,0.0,0.0,2.8333333333333335,2.0,26,2,True,8,False,0,Typical mix
12.983333333333333,0.0,2.0,0.0,0.0,3.0,0.0,17,1,False,9,False,0,Typical mix
6.75,13.833333333333334,0.6666666666666666,0.0,0.0,0.0,0.0,37,1,False,7,False,2,Work-focused
9.5,0.0,0.5,0.0,3.0,4.4,0.0,79,2,False,7,False,1,Social
9.25,0.0,0.5,4.0,0.0,3.0,0.0,16,1,True,7,False,3,Active
12.0,0.0,1.0,0.0,0.0,6.0,0.0,56,1,True,8,False,0,Typical mix
9.416666666666666,0.0,1.3333333333333333,0.0,2.0,0.3333333333333333,0.0,25,2,True,4,False,0,Typical mix
7.833333333333333,0.0,2.5,0.0,0.0,4.0,0.0,68,2,True,7,False,0,Typical mix
8.916666666666666,0.0,2.75,2.5,0.0,4.0,0.0,33,2,False,7,False,3,Active
7.0,0.0,0.8333333333333334,0.0,0.0,6.916666666666667,1.0,50,2,False,3,False,0,Typical mix
12.0,0.0,1.75,0.0,0.0,5.5,0.0,49,2,True,8,False,0,Typical mix
10.066666666666666,0.0,0.0,0.0,7.433333333333334,2.4,0.0,65,2,False,5,False,1,Social
7.0,6.333333333333333,0.9166666666666666,0.0,1.3333333333333333,2.25,0.0,48,1,False,8,False,2,Work-focused
8.5,7.0,1.25,0.0,0.0,0.0,0.0,48,2,True,10,False,2,Work-focused
8.5,0.0,0.0,0.0,0.0,3.75,0.0,46,1,False,9,False,0,Typical mix
8.166666666666666,0.0,2.0,0.0,0.0,2.0,0.0,36,1,False,8,False,0,Typical mix
8.25,9.416666666666666,0.5333333333333333,0.0,0.5,1.6833333333333331,0.0,35,1,False,4,False,2,Work-focused
7.833333333333333,0.0,1.0,7.0,0.0,0.0,0.0,38,2,True,8,False,3,Active
7.5,10.0,0.5,0.0,0.0,1.3333333333333333,0.0,49,2,False,8,False,2,Work-focused
6.5,0.0,1.0,0.0,1.5,1.15,5.5,64,2,False,8,False,4,Computer-leisure
7.583333333333333,8.666666666666666,1.3333333333333333,1.0,0.3333333333333333,0.25,0.0,30,2,False,8,False,2,Work-focused
11.25,8.25,1.0,0.0,0.0,2.0,0.0,23,2,False,9,False,2,Work-focused
7.5,7.75,0.0833333333333333,0.0,0.5833333333333334,4.25,0.0,29,2,False,8,False,2,Work-focused
7.666666666666667,7.2,0.25,0.0,0.0,1.0,0.0,23,1,False,7,False,2,Work-focused
9.5,0.0,1.6666666666666667,0.0,2.0,0.5833333333333334,0.0,80,1,False,5,False,0,Typical mix
9.75,0.0,2.5,0.0,4.466666666666667,0.0,0.0,39,2,False,8,False,1,Social
8.0,0.0,0.6666666666666666,0.0,0.0,0.0,8.216666666666667,51,2,False,5,False,4,Computer-leisure
13.0,0.0,0.75,0.0,2.0,1.4166666666666667,0.0,35,2,True,6,False,0,Typical mix
8.5,0.0,0.1666666666666666,0.0,3.0,10.666666666666666,0.0,79,1,False,6,False,0,Typical mix
8.833333333333334,0.0,0.75,0.0,0.0,6.166666666666667,1.0,62,1,False,8,False,0,Typical mix
7.5,0.0,1.25,0.0,0.0,3.216666666666667,0.0,39,2,True,6,False,0,Typical mix
9.783333333333331,0.0,1.4166666666666667,0.0,2.3333333333333335,2.95,0.0,37,2,False,9,False,0,Typical mix
8.5,8.0,1.25,0.0,0.0,1.5,0.0,29,2,False,8,False,2,Work-focused
12.333333333333334,3.0,0.1666666666666666,0.0,0.0,3.0,0.0,27,1,True,4,False,0,Typical mix
8.45,0.0,0.0333333333333333,0.0,0.0,0.0,0.0,17,1,True,10,False,0,Typical mix
9.0,0.0,0.1666666666666666,0.0,3.0,3.3333333333333335,0.0,25,2,False,5,False,1,Social
12.0,0.0,0.75,0.0,9.666666666666666,1.5,0.0,17,2,True,8,False,1,Social
8.25,0.0,2.5,1.0,0.0,4.0,0.0,43,2,False,8,False,0,Typical mix
8.666666666666666,0.0,0.0,0.0,1.1666666666666667,1.6666666666666667,0.0,66,1,False,3,False,0,Typical mix
9.316666666666666,0.0,0.4166666666666667,0.0,3.5,0.5,0.0,68,2,True,9,False,1,Social
3.5,0.0,0.0,0.0,5.083333333333333,9.5,0.0,78,2,True,10,False,1,Social
9.5,0.0,2.0,0.0,0.0,2.0,0.0,39,1,True,9,False,0,Typical mix
7.916666666666667,8.083333333333334,0.5,0.0,0.0,2.0,0.0,45,2,False,10,False,2,Work-focused
9.5,1.5,0.5,0.0,0.0,0.5,0.0,34,2,True,4,False,0,Typical mix
7.0,0.0,0.5,0.0,0.0,2.816666666666667,0.0,58,2,False,10,False,0,Typical mix
13.0,0.0,0.3333333333333333,0.0,2.5,4.583333333333333,0.0,38,2,True,10,False,0,Typical mix
11.166666666666666,0.0,0.0,1.0,2.0,2.0,1.0,28,2,False,10,False,0,Typical mix
10.0,0.0,0.9166666666666666,0.0,2.25,1.5,0.0,46,1,True,8,False,1,Social
11.5,1.6666666666666667,0.5,0.0,0.0,4.166666666666667,0.0,46,2,True,9,False,0,Typical mix
7.833333333333333,0.0,1.75,0.0,0.0,0.4166666666666667,0.0,31,2,True,8,False,0,Typical mix
9.5,0.0,0.0,0.0,0.0,0.0,0.0,38,2,True,9,False,0,Typical mix
6.75,0.0,1.6666666666666667,0.0,1.0,2.25,0.0,64,1,True,9,False,0,Typical mix
13.5,0.0,1.0,0.0,0.0,5.5,0.0,62,1,False,10,False,0,Typical mix
9.0,0.0,1.0,0.0,0.0,1.25,0.0,29,2,True,9,False,0,Typical mix
8.25,0.0,0.5,0.0,10.583333333333334,1.5,0.0,32,2,False,7,False,1,Social
7.75,11.75,0.5,0.0,0.0,2.3833333333333333,0.0,31,1,False,10,False,2,Work-focused
5.5,10.933333333333334,1.0,0.95,0.0,0.0,0.0,54,1,False,8,False,2,Work-focused
8.166666666666666,0.0,0.0,0.75,3.0,2.0,0.0,33,1,False,7,False,1,Social
9.883333333333333,1.0,1.5,1.5,1.0,1.5,0.0,57,1,False,8,False,0,Typical mix
10.283333333333331,0.0,2.1666666666666665,0.0,0.0,0.0,0.1666666666666666,44,2,True,6,False,0,Typical mix
7.416666666666667,0.0,1.65,0.0,0.0,6.183333333333334,2.0,26,2,False,6,False,0,Typical mix
6.333333333333333,0.0,2.3,1.0333333333333334,0.6666666666666666,2.95,0.0,37,2,True,8,False,0,Typical mix
7.666666666666667,0.0,1.0833333333333333,0.0,2.5,2.0,0.0,67,2,True,8,False,1,Social
7.5,8.5,2.0,0.0,0.0,1.3333333333333333,0.0,52,1,False,8,False,2,Work-focused
6.666666666666667,8.75,2.55,0.0,0.0,0.0,0.0,27,2,False,10,False,2,Work-focused
7.5,6.916666666666667,0.3333333333333333,1.5,0.0,1.5,0.0,47,2,False,5,False,2,Work-focused
7.0,0.0,0.8333333333333334,0.0,2.1666666666666665,4.033333333333333,0.0,53,2,True,5,False,0,Typical mix
11.5,0.0,1.5,0.0,0.0,9.833333333333334,0.0,85,1,True,10,False,0,Typical mix
9.666666666666666,0.1666666666666666,0.5,0.0,0.0,1.3333333333333333,0.0,31,2,True,6,False,0,Typical mix
10.0,0.0,1.9166666666666667,2.8333333333333335,0.0,2.0,0.0,57,1,True,9,False,3,Active
10.75,0.0,0.25,0.0,2.0,6.833333333333333,0.0,72,2,True,5,False,0,Typical mix
7.25,11.333333333333334,1.3333333333333333,0.0,0.0,0.0,1.0,38,2,False,9,False,2,Work-focused
7.5,8.166666666666666,0.5,0.0,0.0,0.75,0.0,56,2,True,3,False,2,Work-focused
8.0,0.0,0.6666666666666666,0.0,0.0,2.0,0.0,27,2,False,8,False,0,Typical mix
11.5,0.0,0.25,0.0,0.0,7.0,0.0,60,2,True,8,False,0,Typical mix
9.0,0.0,1.0,1.5,3.1666666666666665,0.75,0.0,41,2,True,7,False,1,Social
7.0,0.0,3.0833333333333335,0.0,0.0,5.0,0.0,56,2,False,8,False,0,Typical mix
8.583333333333334,0.0,1.25,0.0,2.5,0.0,0.0,41,2,True,7,False,1,Social
11.0,0.0,1.0,0.0,1.75,5.5,0.0,46,1,True,8,False,0,Typical mix
12.5,0.0,0.75,0.0,2.5,1.0,0.0,65,2,True,5,False,1,Social
9.75,0.0,1.0,1.0,0.0,2.5,0.0,27,2,False,6,False,0,Typical mix
7.5,0.25,1.5,0.3333333333333333,0.1666666666666666,4.083333333333333,0.0,85,1,False,8,False,0,Typical mix
8.5,9.25,1.0,0.0,0.0,0.75,0.0,51,2,False,8,False,2,Work-focused
11.5,0.0,0.5,0.0,0.0,0.75,2.0,36,2,True,5,False,0,Typical mix
7.75,0.0,2.8333333333333335,0.0,2.3,0.0,0.0,40,1,True,8,False,1,Social
8.25,10.25,0.6666666666666666,0.0,0.6666666666666666,2.4166666666666665,0.0,37,1,False,8,False,2,Work-focused
6.166666666666667,0.0,2.0,0.0,1.5,2.4166666666666665,0.0,68,2,True,10,False,0,Typical mix
6.25,8.5,2.9833333333333334,0.0,0.0166666666666666,0.0,1.5,47,1,False,6,False,2,Work-focused
5.5,0.0,0.5833333333333334,1.0,0.0,0.0,0.0,67,1,False,8,False,0,Typical mix
8.5,0.0,1.0,0.0,1.0,7.5,0.0,75,2,True,10,False,0,Typical mix
8.75,0.0333333333333333,0.6666666666666666,0.75,0.6666666666666666,3.0,0.1666666666666666,28,2,True,4,False,0,Typical mix
4.0,0.0,1.25,1.5,0.0,7.0,0.0,31,1,True,8,False,0,Typical mix
8.166666666666666,0.0,1.25,0.0,2.8333333333333335,2.0,0.0,46,2,True,7,False,1,Social
7.25,7.7,1.3833333333333333,0.0,1.5,0.0,0.0,57,2,False,4,False,2,Work-focused
9.5,0.0,1.5,0.0,0.0,2.1666666666666665,0.0,34,2,False,10,False,0,Typical mix
2.0,12.083333333333334,0.1666666666666666,0.0,0.0,0.0,0.0,63,2,False,8,False,2,Work-focused
10.0,1.9166666666666667,0.8333333333333334,0.0,0.75,4.5,0.0,20,1,False,7,False,0,Typical mix
11.75,3.25,0.3333333333333333,0.0,0.0,2.25,0.0,34,1,True,8,False,0,Typical mix
9.5,0.0,1.5,0.0,0.0,4.5,0.0,26,2,False,4,False,0,Typical mix
7.5,0.0,2.0,0.0,0.0,3.0,0.75,39,1,True,4,False,0,Typical mix
12.0,0.0,1.5,0.0,0.0,4.0,0.0,47,1,False,5,False,0,Typical mix
2.75,8.25,1.0,0.0,0.0,4.5,0.0,29,2,True,7,False,2,Work-focused
6.5,0.0,1.0833333333333333,0.0,0.0,14.666666666666666,0.0,74,2,False,4,False,0,Typical mix
6.5,9.8,0.8333333333333334,0.0,0.0,2.2666666666666666,0.0,43,1,False,7,False,2,Work-focused
5.0,0.0,1.25,0.0,3.1666666666666665,4.0,0.0,80,2,False,0,False,1,Social
8.0,0.0,0.0,0.0,0.0,3.0,0.0,56,2,False,5,False,0,Typical mix
8.833333333333334,2.566666666666667,0.25,0.0,0.1666666666666666,0.0,0.0,35,2,False,10,False,0,Typical mix
10.5,0.0,0.5833333333333334,0.0,0.0,6.416666666666667,0.0,75,2,True,6,False,0,Typical mix
8.5,0.0,1.0,4.916666666666667,4.416666666666667,0.0,0.0,50,1,True,8,False,3,Active
5.5,0.0,1.0,0.0,0.5,13.466666666666669,0.0,75,2,True,5,False,0,Typical mix
5.75,0.0,1.5,0.0,0.5,2.9166666666666665,0.0,53,1,True,8,False,0,Typical mix
8.65,8.333333333333334,0.5833333333333334,0.0,0.0,0.5,0.5,32,2,False,7,False,2,Work-focused
7.5,8.75,1.6666666666666667,0.0,0.25,2.5,0.0,59,2,True,8,False,2,Work-focused
4.5,0.0,0.5,1.0,2.0,3.5,0.0,73,2,False,8,False,1,Social
7.5,0.0,1.25,0.0,0.0,1.25,0.3333333333333333,58,2,False,10,False,0,Typical mix
9.0,0.0,8.366666666666667,0.0,1.0,0.0,1.5,69,1,False,10,False,0,Typical mix
8.0,8.316666666666666,1.0333333333333334,0.0,0.0,1.75,0.8333333333333334,42,2,False,9,False,2,Work-focused
8.75,9.616666666666667,0.3333333333333333,0.0,0.0,2.1666666666666665,0.0,51,2,False,8,False,2,Work-focused
11.0,0.0,0.25,0.0,5.0,4.0,0.0,44,1,True,6,False,1,Social
8.5,7.666666666666667,0.25,0.0,0.0,3.5,2.0,63,1,False,5,False,2,Work-focused
8.0,4.333333333333333,0.6666666666666666,0.0,8.0,3.0,0.0,43,1,False,7,False,1,Social
10.0,0.0,0.8333333333333334,0.0,0.9166666666666666,3.75,0.0,80,1,False,6,False,0,Typical mix
7.0,12.25,0.25,0.0,0.0,1.0,0.5,52,2,False,6,False,2,Work-focused
9.0,0.0,1.1666666666666667,0.0,0.0,2.0,0.0,23,2,True,7,False,0,Typical mix
11.0,0.0,0.5,0.0,1.5833333333333333,2.5833333333333335,3.75,15,2,False,8,False,4,Computer-leisure
12.916666666666666,8.0,0.0,0.0,1.25,0.0,0.0,60,2,True,7,False,2,Work-focused
7.666666666666667,0.0,1.5,1.0,0.5,2.75,0.5,67,2,True,9,False,0,Typical mix
10.083333333333334,7.916666666666667,0.75,0.75,0.0,0.0,0.75,33,2,False,7,False,2,Work-focused
9.333333333333334,0.0,1.25,0.0,0.0,11.166666666666666,0.0,68,1,True,4,False,0,Typical mix
11.083333333333334,0.0,2.0,0.0,0.0,1.5,0.0,29,2,False,8,False,0,Typical mix
9.083333333333334,0.0,1.0,0.0,3.0,1.6666666666666667,0.0,38,1,True,5,False,1,Social
9.75,0.0,0.75,0.0,0.1666666666666666,2.0,4.333333333333333,59,2,True,5,False,4,Computer-leisure
9.5,0.0,1.3833333333333333,0.75,0.0,4.0,0.0,50,2,True,7,False,0,Typical mix
10.666666666666666,0.0,0.75,0.0,0.0,10.75,0.0,63,1,False,6,False,0,Typical mix
8.0,0.0,0.5,1.0,0.0,5.216666666666667,0.0,65,2,False,8,False,0,Typical mix
8.5,0.0,1.0,0.0,0.0,3.5,0.0,72,2,False,8,False,0,Typical mix
7.5,0.0,1.5833333333333333,0.0,1.9833333333333336,6.333333333333333,0.0,80,2,False,8,False,0,Typical mix
10.416666666666666,0.3333333333333333,0.3333333333333333,3.0,0.0,2.0,0.0,29,2,False,8,False,3,Active
7.25,7.583333333333333,1.0,0.0,0.0,0.5,0.0,31,1,False,7,False,2,Work-focused
8.333333333333334,3.8333333333333335,1.6666666666666667,0.6666666666666666,0.0,1.8666666666666667,0.1666666666666666,49,1,True,8,False,0,Typical mix
9.0,0.0,1.0,0.0,0.25,5.616666666666666,0.0,69,1,True,8,False,0,Typical mix
7.65,9.083333333333334,1.3166666666666669,0.0,0.0,0.75,0.0,45,1,False,8,False,2,Work-focused
9.583333333333334,6.0,0.1666666666666666,0.0,0.0,6.5,0.0,57,1,False,10,False,0,Typical mix
7.0,0.0,0.9166666666666666,0.5,4.35,2.1666666666666665,0.0,78,2,True,10,False,1,Social
8.75,0.1666666666666666,3.4166666666666665,7.083333333333333,1.75,0.0,0.0,41,1,True,7,False,3,Active
8.25,6.083333333333333,0.9166666666666666,0.0,0.0,1.3333333333333333,0.0,45,2,False,7,False,2,Work-focused
6.783333333333333,0.0,2.1666666666666665,0.0,7.583333333333333,0.0,0.0,30,2,True,10,False,1,Social
12.433333333333334,0.0,1.3333333333333333,0.0,4.433333333333334,0.0,0.0,47,1,False,7,False,1,Social
10.166666666666666,0.0,1.0,0.0,0.0,5.916666666666667,0.0,65,1,False,2,False,0,Typical mix
10.916666666666666,0.0,1.0,0.75,2.0,0.0,0.0,41,1,True,7,False,0,Typical mix
9.0,0.0,0.0,0.0,0.0,0.0,0.0,33,2,True,10,False,0,Typical mix
4.583333333333333,7.633333333333334,1.5,0.0,4.533333333333333,1.0,0.0,47,2,True,6,False,1,Social
7.583333333333333,6.0,1.4166666666666667,0.0,1.0,2.5,0.0,39,2,False,7,False,2,Work-focused
8.0,0.0,1.75,0.0,1.5833333333333333,2.5,1.0,49,1,False,7,False,0,Typical mix
10.0,0.0,0.8333333333333334,0.0,1.5,2.3333333333333335,0.0,69,1,False,8,False,0,Typical mix
9.5,0.0,1.25,0.0,0.0,7.75,0.0,17,2,False,7,False,0,Typical mix
9.0,0.0,0.5833333333333334,0.0,0.0,3.1666666666666665,0.0,77,2,True,6,False,0,Typical mix
12.416666666666666,0.0,2.75,0.75,1.5,1.0,0.0,56,2,True,8,False,0,Typical mix
8.833333333333334,9.416666666666666,0.0,0.0,0.0,0.9166666666666666,0.0,26,2,False,5,False,2,Work-focused
6.666666666666667,7.45,2.05,5.283333333333333,0.0,0.0,0.0,36,2,True,8,False,3,Active
11.0,0.0,0.3333333333333333,0.0,0.0,2.683333333333333,2.0,53,2,False,5,False,0,Typical mix
6.9,6.416666666666667,0.3333333333333333,0.0,0.0,7.416666666666667,0.0,29,2,True,10,False,2,Work-focused
7.5,9.0,2.0,0.0,0.0,0.9833333333333332,0.0,48,1,False,8,False,2,Work-focused
9.0,0.0,2.25,0.0,0.0,2.6666666666666665,0.3333333333333333,32,2,False,8,False,0,Typical mix
6.416666666666667,10.833333333333334,1.75,0.0,0.5,0.0,0.0,40,2,False,10,False,2,Work-focused
7.666666666666667,8.0,1.0,0.0,0.5,1.0,0.0,37,2,False,9,False,2,Work-focused
10.0,0.0,2.0,0.0,0.0,7.5,0.0,60,2,False,5,False,0,Typical mix
5.5,0.0,3.0,0.0,2.75,4.0,1.5,76,2,False,5,False,1,Social
7.0,10.0,1.75,1.5,0.0,0.5,0.0,35,1,False,9,False,2,Work-focused
9.333333333333334,0.0,0.8333333333333334,0.0,2.1666666666666665,1.4166666666666667,0.0,80,2,True,6,False,0,Typical mix
9.0,0.0,0.4166666666666667,0.0,0.8333333333333334,7.166666666666667,1.75,64,2,True,10,False,0,Typical mix
6.5,9.916666666666666,1.4166666666666667,0.0,0.0,2.0833333333333335,0.0,43,1,False,7,False,2,Work-focused
8.0,8.916666666666666,0.5,1.0,0.0,5.416666666666667,0.0,32,1,False,7,False,2,Work-focused
8.25,8.333333333333334,1.4166666666666667,0.0,0.5,2.433333333333333,0.0,44,1,False,8,False,2,Work-focused
12.5,0.0,0.5,0.0,0.0,4.0,0.0,42,2,True,10,False,0,Typical mix
5.333333333333333,8.5,1.25,1.5,1.5,1.5,0.0,49,2,True,5,False,2,Work-focused
7.416666666666667,7.916666666666667,1.3833333333333333,0.0,0.4833333333333333,4.25,0.0,64,1,False,6,False,2,Work-focused
10.5,0.0,0.25,0.0,0.0,4.5,0.0,49,2,False,10,False,0,Typical mix
9.55,8.2,1.3333333333333333,0.0,0.5833333333333334,0.6666666666666666,0.5,31,1,False,9,False,2,Work-focused
9.0,0.0,0.5,0.0,4.783333333333333,2.0,0.0,45,1,True,8,False,1,Social
6.5,0.0,0.5,0.0,0.0,0.75,0.0,57,1,True,8,False,0,Typical mix
7.416666666666667,0.0,1.5,0.0,0.0,2.5833333333333335,3.6666666666666665,61,2,True,8,False,4,Computer-leisure
8.0,4.666666666666667,0.6666666666666666,0.0,0.0,1.5,0.0,38,2,False,7,False,2,Work-focused
8.416666666666666,0.0,0.5833333333333334,0.0,3.0,0.0,1.5,66,1,False,8,False,1,Social
9.583333333333334,0.0,0.9166666666666666,0.5,0.25,0.0,0.0,68,1,True,9,False,0,Typical mix
8.666666666666666,0.0,1.6666666666666667,5.333333333333333,1.0,0.0,0.0,55,2,False,9,False,3,Active
10.0,0.0,3.8333333333333335,0.6666666666666666,0.0,2.25,0.0,51,2,True,5,False,0,Typical mix
8.466666666666667,8.3,2.716666666666667,0.0,0.0,0.0,0.0,66,1,False,8,False,2,Work-focused
9.0,0.0,2.0,0.0,4.916666666666667,1.0,0.0,50,2,True,8,False,1,Social
9.35,0.0,2.6666666666666665,0.0,0.0,0.0,0.0833333333333333,49,2,True,10,False,0,Typical mix
7.5,8.4,0.1666666666666666,0.0,0.0,2.316666666666667,0.0,50,1,False,5,False,2,Work-focused
11.0,0.0,1.0,0.0,3.0,4.116666666666666,0.0,22,2,True,6,False,1,Social
7.716666666666667,12.75,0.0,0.0,0.0,0.0,0.0,42,2,False,2,False,2,Work-focused
6.333333333333333,10.833333333333334,0.5,0.0,0.0,0.0,0.0,51,2,False,8,False,2,Work-focused
2.0,0.0,0.75,18.75,0.0,0.0,0.0,55,1,False,8,False,3,Active
9.75,0.0,0.25,0.0,2.3333333333333335,2.0,0.0,39,2,True,9,False,1,Social
9.416666666666666,9.5,0.25,2.0,0.0,0.0,0.0,42,2,False,7,False,2,Work-focused
9.0,0.0,0.6666666666666666,1.0,0.0,3.716666666666667,0.0,45,2,True,10,False,0,Typical mix
10.166666666666666,0.0,1.5,0.0,0.0,1.0,0.0,44,2,True,7,False,0,Typical mix
9.0,8.75,0.25,0.25,0.0,1.0,0.0,53,2,False,8,False,2,Work-focused
7.5,9.583333333333334,0.5,0.0,0.0,2.5,0.0,28,1,True,6,False,2,Work-focused
10.0,0.0,1.5,0.0,0.0,0.0,0.0,64,1,False,9,False,0,Typical mix
14.666666666666666,0.0,0.3333333333333333,0.0,3.0,0.0,0.0,41,1,True,6,False,1,Social
5.75,8.5,0.75,0.0,2.75,3.0,0.0,58,1,True,8,False,2,Work-focused
7.5,0.0,1.0,0.0,3.0,2.55,0.0,55,1,True,9,False,1,Social
7.0,9.25,1.1666666666666667,0.0,0.0,1.2166666666666666,0.0,37,1,False,6,False,2,Work-focused
7.666666666666667,8.083333333333334,1.25,0.0,0.0,2.0,1.0,33,2,False,7,False,2,Work-focused
7.5,7.983333333333333,3.0166666666666666,0.0,0.0,0.0,0.0,63,2,False,8,False,2,Work-focused
12.583333333333334,0.0,1.0,1.0,0.0,7.25,0.0,53,1,False,5,False,0,Typical mix
6.666666666666667,9.083333333333334,0.3333333333333333,0.0,0.0833333333333333,1.0,0.0,60,2,False,5,False,2,Work-focused
9.0,0.0,2.0,0.0,0.0,1.5,0.0,37,1,True,6,False,0,Typical mix
8.0,0.0,1.3333333333333333,0.0,0.0,4.5,0.0,79,2,False,5,False,0,Typical mix
7.75,7.75,0.8333333333333334,0.0,2.1666666666666665,0.0,0.5,59,2,False,8,False,2,Work-focused
7.65,2.566666666666667,1.0,0.0,0.0,1.8333333333333333,0.8333333333333334,61,2,False,7,False,0,Typical mix
11.0,0.0,0.5666666666666667,0.0,2.0,5.25,0.0,78,2,False,8,False,0,Typical mix
10.0,0.0,1.5,0.0,0.5,4.0,0.0,37,2,False,5,False,0,Typical mix
10.833333333333334,0.0,1.0,0.0,0.0,2.8333333333333335,0.0,44,2,True,8,False,0,Typical mix
7.166666666666667,0.0,1.0833333333333333,0.0,0.0,0.0,0.0,44,1,True,9,False,0,Typical mix
7.75,8.666666666666666,1.8333333333333333,1.5,0.0,0.0,0.0,41,1,False,8,False,2,Work-focused
9.0,0.0,1.5,0.0,0.0,4.0,0.0,24,2,False,10,False,0,Typical mix
10.25,0.0,0.5,0.0,0.0,0.0,0.0,32,2,True,7,False,0,Typical mix
10.5,0.0,2.5833333333333335,1.5833333333333333,1.3333333333333333,1.0,0.0,43,1,True,7,False,0,Typical mix
18.25,0.0,0.25,0.0,0.0,4.0,0.0,19,2,False,6,False,0,Typical mix
11.966666666666669,0.0,0.3333333333333333,0.0,1.5,0.0,0.0,62,1,True,7,False,0,Typical mix
9.5,3.966666666666667,1.25,0.0,0.1666666666666666,1.5,0.0,37,2,False,10,False,0,Typical mix
7.0,0.0,2.25,1.5,1.8666666666666667,0.0,0.0,17,1,True,10,False,1,Social
11.433333333333334,0.0,2.5,0.0,0.3333333333333333,0.0,0.0,58,2,True,10,False,0,Typical mix
8.0,0.0,1.25,0.0,1.0,7.5,0.25,67,2,False,8,False,0,Typical mix
9.0,0.0,0.5833333333333334,0.0,1.0,6.416666666666667,0.0,73,2,False,6,False,0,Typical mix
9.5,0.0,0.6666666666666666,0.0,3.3333333333333335,5.833333333333333,0.0,73,2,False,7,False,1,Social
9.0,0.0,0.3333333333333333,0.0,0.0,3.9166666666666665,0.0,80,1,False,10,False,0,Typical mix
12.583333333333334,0.0,0.4166666666666667,0.0,0.0,1.0,0.0,29,2,False,3,False,0,Typical mix
7.083333333333333,0.0,1.1666666666666667,0.0,2.5,0.0,0.0,80,2,True,6,False,1,Social
11.166666666666666,0.0,2.5,0.0,0.0,0.0,0.0,47,2,True,5,False,0,Typical mix
7.5,0.0,0.25,0.0,1.0,6.25,1.0,69,2,False,8,False,0,Typical mix
11.0,0.0,1.5,0.0,4.75,1.0,0.0,20,2,True,10,False,1,Social
12.933333333333334,6.6,1.0,0.0,0.0,0.0,0.0,54,1,True,9,False,2,Work-focused
12.5,0.1666666666666666,1.3333333333333333,3.0,0.0,1.4,0.0,21,2,True,5,False,3,Active
8.416666666666666,0.0,0.1666666666666666,0.0,1.0,6.583333333333333,1.0,34,1,True,5,False,0,Typical mix
4.45,12.2,1.0,0.0,0.0,1.5,0.0,58,1,False,6,False,2,Work-focused
12.166666666666666,0.0,1.1666666666666667,0.0,0.0,6.416666666666667,0.0,58,1,True,6,False,0,Typical mix
8.65,7.583333333333333,0.5833333333333334,0.0,1.5,0.0,0.0,46,1,True,7,False,2,Work-focused
8.5,8.0,1.5,1.0,0.0,3.0,0.0,30,1,False,8,False,2,Work-focused
12.0,7.0,1.0,0.0,0.0,3.5,0.0,80,1,False,10,False,0,Typical mix
5.0,0.0,3.0,0.0,0.0,9.5,0.0,61,2,True,10,False,0,Typical mix
9.066666666666666,0.0,2.5833333333333335,3.0,3.0,2.3333333333333335,0.0,75,1,True,10,False,3,Active
8.083333333333334,9.75,0.0,0.0,0.75,0.0,0.0,27,1,True,8,False,2,Work-focused
15.25,0.0,1.3333333333333333,0.0,0.0,3.0,0.0,26,2,True,9,False,0,Typical mix
9.333333333333334,0.0,0.0,0.0,0.0,0.0,0.0,68,2,False,5,False,0,Typical mix
13.0,0.0,0.75,0.0,1.0,2.0,0.0,45,2,False,8,False,0,Typical mix
4.916666666666667,10.95,0.6666666666666666,0.0,0.0833333333333333,1.0,0.0,37,1,False,6,False,2,Work-focused
8.333333333333334,8.166666666666666,0.6666666666666666,0.0,0.0,0.0,0.0,29,1,False,6,False,2,Work-focused
9.5,0.0,0.6666666666666666,0.0,0.0,7.416666666666667,0.0,70,1,False,8,False,0,Typical mix
9.5,0.0,2.5,1.25,0.0,3.5,4.0,70,1,False,5,False,4,Computer-leisure
11.0,0.0,0.3333333333333333,0.0,0.0,12.0,0.0,61,1,True,2,False,0,Typical mix
9.0,0.0,1.3333333333333333,0.0,0.0,3.9166666666666665,0.0,22,1,True,7,False,0,Typical mix
10.5,0.0,0.5,0.0,0.0,3.7,0.0,47,2,False,5,False,0,Typical mix
8.5,0.0,1.0,0.5,0.3333333333333333,5.083333333333333,0.0,55,2,False,9,False,0,Typical mix
7.0,0.25,0.6666666666666666,0.0,3.0833333333333335,2.0,0.0,31,2,True,8,False,1,Social
7.5,8.25,0.6666666666666666,0.8333333333333334,0.5,1.1666666666666667,0.0,53,2,False,9,False,2,Work-focused
6.0,0.0,6.0,0.0,1.0,3.0,0.0,54,1,True,8,False,0,Typical mix
5.383333333333334,0.0,1.25,9.05,0.3333333333333333,1.75,0.0,17,1,True,7,False,3,Active
10.0,0.0,1.6666666666666667,0.0,4.5,6.333333333333333,0.0,68,1,True,6,False,1,Social
6.916666666666667,8.95,0.6666666666666666,0.0,0.0,1.5,1.5,31,1,False,8,False,2,Work-focused
9.5,8.333333333333334,0.8333333333333334,0.0,0.0,0.0,0.0,24,2,True,10,False,2,Work-focused
7.75,8.25,1.0,2.1666666666666665,0.0,0.0,0.0,30,2,False,9,False,2,Work-focused
6.5,7.7,1.0833333333333333,0.0,0.0,6.0,0.0,72,1,False,10,False,2,Work-focused
9.666666666666666,0.3333333333333333,1.75,1.0,0.0,2.3333333333333335,0.0,75,1,True,8,False,0,Typical mix
10.666666666666666,0.0,0.6666666666666666,0.0,0.0,2.0,3.5,16,2,False,7,False,4,Computer-leisure
8.0,0.0,1.8333333333333333,0.6666666666666666,1.0,3.45,1.5,77,1,False,8,False,0,Typical mix
12.816666666666666,4.0,1.1666666666666667,0.0,1.0,2.0,0.0,52,1,False,7,False,0,Typical mix
9.5,0.0,0.1666666666666666,0.0,7.5,2.55,0.0,50,1,True,5,False,1,Social
7.0,0.0,0.1666666666666666,0.0,0.0,6.0,0.0,52,1,True,8,False,0,Typical mix
6.833333333333333,3.6666666666666665,1.0,0.0,0.0,1.0,0.0,73,2,True,6,False,2,Work-focused
11.0,0.0,0.4166666666666667,0.0,0.0,5.0,0.0,63,2,False,7,False,0,Typical mix
12.0,0.0,0.25,0.0,0.0,3.5,0.0,34,2,False,8,False,0,Typical mix
8.5,0.0,0.9166666666666666,0.0,0.0,1.8833333333333333,1.0,67,1,False,4,False,0,Typical mix
10.0,0.0,0.25,0.0,0.0,6.916666666666667,0.0,78,2,False,8,False,0,Typical mix
14.083333333333334,0.0,0.25,3.0,0.0,2.5,0.0,21,2,True,5,False,3,Active
4.5,10.85,1.1166666666666667,0.0833333333333333,0.0,6.45,0.0,79,1,False,8,False,2,Work-focused
9.0,0.0,1.25,0.0,0.0,9.833333333333334,0.0,73,1,False,10,False,0,Typical mix
6.5,9.833333333333334,1.9166666666666667,0.0,0.0,1.75,0.0,59,2,False,8,False,2,Work-focused
11.0,0.0,0.8333333333333334,0.0,0.0,4.716666666666667,0.0,39,1,True,4,False,0,Typical mix
12.0,0.0,1.5,0.0,0.0,2.0,0.0,21,2,False,7,False,0,Typical mix
9.0,0.0,3.5833333333333335,4.75,1.0,1.3333333333333333,0.0,55,1,True,5,False,3,Active
11.666666666666666,0.0,0.25,0.0,0.0,3.6666666666666665,0.0,59,1,True,7,False,0,Typical mix
10.866666666666667,0.0,1.0,0.0,0.0,4.083333333333333,0.0,57,1,True,6,False,0,Typical mix
8.4,0.0,1.25,0.5,1.5833333333333333,3.0833333333333335,0.0,85,2,False,10,False,0,Typical mix
10.0,0.0,0.6666666666666666,0.3333333333333333,0.0,9.583333333333334,0.0,56,2,True,8,False,0,Typical mix
6.416666666666667,0.0,2.5,1.9166666666666667,0.0,0.0,0.0,59,2,False,9,False,0,Typical mix
6.5,8.0,1.3333333333333333,0.0,0.0,3.0,0.0,62,2,False,10,False,2,Work-focused
10.25,0.0,1.25,0.0,0.5,3.5,0.0,85,2,False,4,False,0,Typical mix
7.5,0.0,0.5833333333333334,0.0,1.4166666666666667,0.0,0.5,49,2,False,5,False,0,Typical mix
6.0,16.5,0.25,0.0,0.0,0.0,0.0,63,2,False,6,False,2,Work-focused
8.266666666666667,8.733333333333333,0.75,0.0,0.0,0.0,0.0,48,2,False,8,False,2,Work-focused
9.0,0.0,1.5,0.0,3.5,2.0,0.0,44,2,True,10,False,1,Social
8.5,0.0,2.0,0.0,2.8333333333333335,2.5,0.0,78,2,False,8,False,1,Social
14.0,0.0,0.0,1.0,0.0,2.4166666666666665,0.0,25,2,True,7,False,0,Typical mix
6.0,15.5,0.3333333333333333,0.0,0.0,0.0,0.0,43,2,True,7,False,2,Work-focused
5.516666666666667,13.066666666666666,0.9166666666666666,0.0,0.0,0.0,0.0,30,1,True,8,False,2,Work-focused
6.5,0.0,0.5833333333333334,0.0,2.8333333333333335,3.716666666666667,0.0,49,1,False,7,False,1,Social
8.0,7.666666666666667,0.5,0.0,0.0,2.75,0.0,39,2,True,5,False,2,Work-focused
8.666666666666666,0.0,1.25,0.0,0.0,0.0,0.0,61,1,False,9,False,0,Typical mix
7.833333333333333,0.0,2.3333333333333335,1.5,0.0,2.0,0.5,85,2,False,8,False,0,Typical mix
9.5,0.0,3.283333333333333,1.25,1.0,3.1666666666666665,0.0,30,2,True,7,False,0,Typical mix
11.0,0.0,1.3333333333333333,0.0,0.0,7.25,0.0,80,1,True,10,False,0,Typical mix
7.0,0.0,3.0,2.0,0.0,2.0,0.0,49,1,True,8,False,0,Typical mix
7.0,0.0,1.5,0.0,5.75,0.0,0.0,85,2,True,10,False,1,Social
9.75,0.0,1.75,0.0,0.0,4.75,0.0,77,2,False,10,False,0,Typical mix
11.0,0.0,2.5,0.0,0.0,5.5,0.0,80,1,True,9,False,0,Typical mix
10.75,0.0,0.6666666666666666,0.0,0.75,3.75,0.3333333333333333,49,2,True,5,False,0,Typical mix
10.5,0.0,0.4166666666666667,0.0,2.0,3.0,0.0,62,2,False,8,False,0,Typical mix
6.416666666666667,1.25,1.0,0.0,0.0,1.0,3.75,60,1,False,6,False,4,Computer-leisure
9.833333333333334,0.0,0.5,0.0,0.0,0.0,4.0,55,1,True,5,False,4,Computer-leisure
13.25,0.0,0.9166666666666666,0.3333333333333333,0.3333333333333333,0.75,0.25,15,2,False,8,False,0,Typical mix
8.133333333333333,5.816666666666666,0.9166666666666666,0.9166666666666666,0.5,2.5,0.0,47,2,False,8,False,2,Work-focused
11.0,0.0,2.5,0.0,0.0,5.0,0.0,52,2,True,9,False,0,Typical mix
8.016666666666667,8.4,0.75,0.0,0.0,1.1166666666666667,0.0,60,1,False,7,False,2,Work-focused
8.0,0.0,0.5,0.0,0.0,5.166666666666667,0.0,57,1,False,6,False,0,Typical mix
10.0,0.0,0.5,5.0,0.0,0.0,0.5,17,1,True,6,False,3,Active
7.5,0.0,1.0,0.0,0.0,0.0,1.0,69,1,False,8,False,0,Typical mix
8.5,8.333333333333334,1.6666666666666667,0.0,0.0,2.2333333333333334,0.0,38,1,False,10,False,2,Work-focused
6.833333333333333,0.0,1.5,0.0,6.416666666666667,2.5833333333333335,0.0,60,1,False,4,False,1,Social
8.083333333333334,1.55,0.25,0.5,4.0,1.5,0.0,59,1,True,9,False,1,Social
7.0,0.1666666666666666,0.75,0.0,0.1666666666666666,4.75,0.0,48,2,False,7,False,0,Typical mix
4.0,0.0,0.9166666666666666,0.0,3.2666666666666666,5.883333333333334,0.0,71,2,True,6,False,1,Social
7.416666666666667,0.0,2.0,0.75,0.0,1.8333333333333333,0.0,24,2,True,6,False,0,Typical mix
2.5,0.0,2.8333333333333335,0.0,1.0,12.0,0.0,24,1,False,10,False,0,Typical mix
8.633333333333333,0.0,2.5,0.0,1.0,3.0,0.0,36,1,True,5,False,0,Typical mix
8.75,0.0,0.1666666666666666,0.0,0.0,2.9166666666666665,2.0,52,2,True,5,False,0,Typical mix
10.0,0.0,1.1666666666666667,0.0,3.5,3.0,0.5,39,2,False,6,False,1,Social
10.25,0.0,2.466666666666667,0.0,0.0,1.5,1.0,35,2,True,6,False,0,Typical mix
6.0,9.416666666666666,2.5,0.0,0.0,0.5,0.0,25,1,False,8,False,2,Work-focused
8.416666666666666,0.0,0.6666666666666666,0.0,4.166666666666667,3.5,0.0,73,1,True,5,False,1,Social
10.5,0.0,1.3333333333333333,0.0,0.0,10.45,0.0,85,2,True,10,False,0,Typical mix
10.0,0.0,1.25,0.0,0.0,7.333333333333333,0.0,85,2,True,5,False,0,Typical mix
8.25,11.083333333333334,0.6666666666666666,0.0,0.0,2.8333333333333335,0.0,58,1,False,6,False,2,Work-focused
10.5,0.0,0.1666666666666666,0.0,0.0,6.5,0.0,65,2,False,6,False,0,Typical mix
6.25,1.0,3.6666666666666665,0.0,0.0,7.166666666666667,0.0,50,2,True,7,False,0,Typical mix
6.75,7.75,2.0,0.5,0.0,1.25,0.0,61,1,False,3,False,2,Work-focused
8.0,0.0,2.0,0.0,0.0,7.5,2.0,56,1,True,7,False,0,Typical mix
6.0,0.0,0.5,0.0,0.0,5.0,0.0,48,2,False,9,False,0,Typical mix
10.683333333333334,0.0,0.25,0.0,0.0,3.0,0.0,42,1,True,5,False,0,Typical mix
8.416666666666666,0.0,0.5,1.0,0.0,3.0,0.0,50,2,False,5,False,0,Typical mix
10.266666666666667,0.0,1.25,2.4166666666666665,2.8333333333333335,3.0,0.0,16,2,False,8,False,1,Social
3.2333333333333334,8.766666666666667,0.8333333333333334,1.5,2.5,0.0,0.0,24,2,False,8,False,2,Work-focused
8.133333333333333,8.483333333333333,1.0,0.0,0.0,1.7833333333333334,0.0,52,1,False,7,False,2,Work-focused
10.5,8.416666666666666,1.75,0.5,0.0,0.0,0.5,53,2,True,7,False,2,Work-focused
8.75,0.0,3.9166666666666665,0.0,0.0,2.0,0.0,80,1,True,7,False,0,Typical mix
8.833333333333334,0.0,1.0,2.0833333333333335,1.5,6.316666666666666,0.0,46,1,True,8,False,0,Typical mix
7.5,9.25,0.25,0.0,0.0,3.0,0.0,66,2,True,10,False,2,Work-focused
9.25,1.0,3.0,0.6666666666666666,1.0,1.75,0.0,33,1,False,7,False,0,Typical mix
10.0,10.25,0.75,0.0,0.0,0.0,0.0,24,1,False,4,False,2,Work-focused
9.416666666666666,0.0,2.5,2.25,0.0,3.0,0.0,16,1,True,8,False,0,Typical mix
10.316666666666666,0.0,0.4166666666666667,0.0,0.0,2.5,1.5,66,2,True,7,False,0,Typical mix
9.833333333333334,0.0,2.0,0.0,0.0,2.5,1.0,80,1,True,5,False,0,Typical mix
7.083333333333333,0.0,0.3333333333333333,0.0,1.5,1.75,0.0,80,1,True,10,False,0,Typical mix
2.0,0.0,0.25,0.0,0.0,9.0,0.0,50,2,False,3,False,0,Typical mix
8.533333333333333,0.0,2.0,0.0,0.0,1.5,1.0,80,2,False,9,False,0,Typical mix
11.25,4.75,1.25,3.1666666666666665,0.0,0.0,0.0,17,1,False,8,False,3,Active
7.333333333333333,9.316666666666666,1.5833333333333333,1.0,0.0,0.0,1.5,31,2,False,8,False,2,Work-focused
9.116666666666667,8.0,0.8333333333333334,0.0,0.0,2.0,0.0,37,1,False,9,False,2,Work-focused
9.0,6.166666666666667,1.6666666666666667,0.0,0.0,5.0,0.0,63,1,False,10,False,0,Typical mix
7.166666666666667,0.0,2.3333333333333335,1.9833333333333336,2.6666666666666665,0.0,0.0,41,2,True,8,False,1,Social
8.5,0.0,0.1666666666666666,0.0,0.0,7.533333333333333,0.0,49,1,True,6,False,0,Typical mix
5.166666666666667,6.3,1.0,0.0,0.0,0.0,0.0,18,2,False,10,False,2,Work-focused
16.0,0.0,0.3333333333333333,0.0,0.0,7.633333333333334,0.0,80,2,True,10,False,0,Typical mix
4.916666666666667,7.383333333333334,3.0,0.0,0.0,4.3,0.0,38,2,True,8,False,2,Work-focused
8.0,11.333333333333334,0.25,0.0,0.0,3.0833333333333335,0.0,65,2,False,6,False,2,Work-focused
8.5,0.0,0.75,0.0,2.05,0.0,0.0,32,2,False,8,False,1,Social
8.75,0.0,1.0833333333333333,0.75,1.75,1.5,0.0,31,2,False,8,False,0,Typical mix
11.5,0.0,1.5833333333333333,0.0,0.0,4.916666666666667,0.0,57,2,False,8,False,0,Typical mix
3.9166666666666665,7.833333333333333,1.0,0.0,0.0,4.0,0.0,26,2,False,8,False,2,Work-focused
12.166666666666666,0.0,0.5,0.75,0.0,2.75,0.0,20,2,False,8,False,0,Typical mix
9.916666666666666,0.75,0.1666666666666666,0.0,0.0,1.0,0.0,54,2,True,7,False,0,Typical mix
9.0,0.0,0.75,0.5,2.4166666666666665,3.75,0.0,39,2,True,7,False,1,Social
2.0,0.0,3.5,0.0,0.0,0.0,0.0,69,1,False,9,False,2,Work-focused
13.25,0.0,0.6666666666666666,0.0,0.0,9.833333333333334,0.0,69,2,True,6,False,0,Typical mix
9.5,0.0,1.0,0.0,0.0,1.5,0.5,51,2,True,5,False,0,Typical mix
11.0,0.0,1.05,0.0,6.15,0.0,0.1666666666666666,34,1,False,9,False,1,Social
8.0,7.666666666666667,1.25,0.0,0.0,3.6666666666666665,0.0,49,1,False,8,False,2,Work-focused
10.0,7.583333333333333,0.4166666666666667,0.5,0.0833333333333333,2.75,0.0,44,1,False,8,False,2,Work-focused
8.416666666666666,9.25,0.0,0.0,0.0,0.0,0.0,62,1,False,6,False,2,Work-focused
10.0,0.0,0.6666666666666666,0.0,0.0,4.583333333333333,0.0,31,2,True,7,False,0,Typical mix
8.0,0.0,2.5,0.0,0.0,4.166666666666667,0.0,85,1,False,8,False,0,Typical mix
6.0,8.666666666666666,1.0,0.0,0.0,2.6666666666666665,0.0,47,2,False,10,False,2,Work-focused
6.5,0.0,1.0,0.0,0.0,3.0,0.0,80,2,False,9,False,0,Typical mix
6.25,9.75,0.85,1.5,0.0,1.5,0.0,66,1,False,9,False,2,Work-focused
7.0,0.0,0.5,0.0,0.0,2.5,0.0,65,2,True,10,False,0,Typical mix
7.5,0.0,0.6666666666666666,0.0,1.0,0.3333333333333333,0.0,44,2,False,8,False,0,Typical mix
10.0,0.0,1.0,2.0,0.0,2.5,0.0,45,2,True,5,False,0,Typical mix
6.25,0.0,1.5,0.0,3.0833333333333335,0.0,0.0,56,2,True,9,False,1,Social
7.9,7.75,0.3333333333333333,0.0,0.0,1.3333333333333333,0.5,37,2,False,6,False,2,Work-focused
7.166666666666667,8.166666666666666,1.0,1.0,0.0,1.0,0.0,30,1,False,6,False,2,Work-focused
7.5,7.416666666666667,1.0833333333333333,0.6666666666666666,2.4166666666666665,0.0,0.0,52,2,False,8,False,2,Work-focused
7.5,7.916666666666667,0.3333333333333333,1.5,0.0,2.8333333333333335,0.0,32,2,False,5,False,2,Work-focused
10.5,0.0,2.25,1.0,2.75,3.8333333333333335,0.0,28,1,True,7,False,1,Social
8.0,0.0,1.0,0.0,1.5833333333333333,0.0,0.0,18,2,False,8,False,0,Typical mix
9.5,0.0,1.25,0.0,1.7666666666666666,0.0,0.0,31,1,True,7,False,0,Typical mix
10.083333333333334,0.0,0.6666666666666666,0.0,0.0,1.75,0.0,35,2,False,5,False,0,Typical mix
15.283333333333331,0.0,0.5,0.0,0.0,3.4166666666666665,0.0,80,2,True,7,False,0,Typical mix
8.0,0.0,2.75,5.7,0.0,3.533333333333333,0.0,59,2,True,8,False,3,Active
10.5,0.0,0.5,0.0,0.0,8.25,0.0,46,2,False,3,False,0,Typical mix
9.5,0.0,1.5,6.5,0.5,3.0166666666666666,0.0,17,2,True,7,False,3,Active
10.0,5.0,2.5,0.0,0.0,2.75,0.0,79,1,False,10,False,0,Typical mix
3.0,0.0,1.0,5.0,2.5833333333333335,0.5,0.0,31,1,True,10,False,3,Active
7.25,12.0,0.5,0.0,0.0,0.0,0.0,55,1,True,10,False,2,Work-focused
9.166666666666666,0.0,2.0,0.0,0.25,1.5,0.0,73,1,True,8,False,0,Typical mix
8.75,0.0,1.5,0.0,4.0,0.5,0.0,30,2,True,5,False,1,Social
12.75,0.0,0.8333333333333334,0.0,0.0,4.5,0.0,25,2,True,3,False,0,Typical mix
7.5,0.0,1.0,0.0,0.0,0.0,0.0,61,1,True,5,False,0,Typical mix
11.5,0.0,0.6666666666666666,0.0,0.0,0.0,0.0,69,1,False,0,False,0,Typical mix
8.133333333333333,0.0,1.1666666666666667,0.0,0.0333333333333333,1.1833333333333331,2.6333333333333333,17,2,False,7,False,4,Computer-leisure
9.333333333333334,0.0,1.0,2.0,4.0,1.75,0.0,49,2,False,7,False,1,Social
8.833333333333334,0.0,1.5,0.0,2.0,4.25,2.0,56,2,True,7,False,0,Typical mix
10.55,0.0,0.5833333333333334,1.0,2.1666666666666665,1.1666666666666667,0.5,27,2,False,6,False,0,Typical mix
6.0,11.0,0.5,0.0,0.0,0.5,0.0,68,1,False,0,False,2,Work-focused
5.5,8.75,1.0,0.0,0.0,0.0,1.1666666666666667,50,2,False,7,False,2,Work-focused
10.0,0.0,1.25,0.75,2.0,4.0,0.0,66,2,True,9,False,0,Typical mix
8.0,0.0,2.0,0.0,0.0,4.416666666666667,1.0,75,2,False,5,False,0,Typical mix
8.416666666666666,0.5833333333333334,1.0,0.0,1.0,0.0,2.4166666666666665,36,2,True,6,False,4,Computer-leisure
9.5,0.0,0.8333333333333334,3.3333333333333335,0.0,0.0,0.0,35,1,True,5,False,3,Active
8.0,0.0,0.25,0.0,11.633333333333333,2.4166666666666665,0.0,52,2,False,7,False,1,Social
8.0,4.416666666666667,0.5,0.0,0.0,2.1666666666666665,0.0,62,1,False,8,False,2,Work-focused
14.5,0.0,1.25,0.0,0.0,5.0,0.0,15,1,True,8,False,0,Typical mix
10.416666666666666,0.0,2.4166666666666665,0.0,1.5,4.5,0.0,30,2,True,5,False,0,Typical mix
7.5,0.0,1.5,0.0,0.0,5.833333333333333,0.0,43,2,True,10,False,0,Typical mix
10.75,0.0,1.0,1.5,0.0,0.0,0.0,25,2,True,7,False,0,Typical mix
9.75,5.583333333333333,0.6666666666666666,0.0,1.5,2.75,0.0,61,2,False,9,False,2,Work-focused
8.25,7.333333333333333,0.75,0.0,0.0,0.0,0.0,41,2,False,6,False,2,Work-focused
7.5,0.0,2.25,0.0,0.5166666666666667,0.0,2.25,30,2,False,10,False,4,Computer-leisure
9.5,0.0,1.0833333333333333,0.0,0.0,1.0,0.0,39,1,True,9,False,0,Typical mix
9.0,0.0,3.0,0.25,0.0,2.3333333333333335,0.0,85,2,True,8,False,0,Typical mix
10.0,0.0,3.9166666666666665,0.0,2.0,5.916666666666667,0.0,44,1,True,8,False,0,Typical mix
9.0,0.0,1.5,1.0,0.0,1.4166666666666667,0.0,45,2,False,9,False,0,Typical mix
7.5,0.0,1.3333333333333333,0.0,0.1666666666666666,0.0,0.3333333333333333,72,2,False,10,False,0,Typical mix
11.333333333333334,0.0,0.0,0.0,0.0,0.0,0.0,60,1,True,7,False,0,Typical mix
10.0,0.75,3.1666666666666665,0.0,0.0,3.6666666666666665,1.0,50,1,True,8,False,0,Typical mix
8.0,8.25,0.3333333333333333,0.0,0.0,0.0,0.0,39,1,True,6,False,2,Work-focused
8.5,2.5,1.5,0.8333333333333334,0.0,1.5,0.0,36,2,False,8,False,0,Typical mix
7.5,5.25,0.1666666666666666,0.0,0.4166666666666667,0.5,0.0,30,2,True,5,False,2,Work-focused
8.5,0.0,0.2666666666666666,0.0,0.0,8.75,0.0,80,2,False,10,False,0,Typical mix
8.166666666666666,0.0,0.8,4.166666666666667,0.0,1.0,0.0,43,1,True,6,False,3,Active
6.333333333333333,8.866666666666667,0.8333333333333334,0.0,0.0,1.0,0.0,50,1,False,8,False,2,Work-focused
7.5,0.0,1.25,0.0,0.0,4.833333333333333,1.0,74,2,True,2,False,0,Typical mix
7.333333333333333,0.0,3.5,0.0,0.0,0.0,0.0,65,2,False,8,False,0,Typical mix
11.066666666666666,0.0,0.6666666666666666,0.0,0.0,2.0833333333333335,0.0,51,1,False,7,False,0,Typical mix
7.0,0.0,2.0,0.0,1.5,6.5,0.0,75,2,False,10,False,0,Typical mix
8.5,10.0,1.4166666666666667,0.0,0.0,1.0,0.0,45,2,False,6,False,2,Work-focused
9.7,0.0,0.75,0.0,0.0,4.2,0.0,59,2,False,5,False,0,Typical mix
8.0,8.166666666666666,0.5,0.0,0.0,0.7833333333333333,0.0,66,2,True,8,False,2,Work-focused
7.333333333333333,0.0,0.5,0.0,0.0,0.0,0.0,69,2,True,5,False,0,Typical mix
10.85,0.0,0.5,1.75,4.3,2.7666666666666666,0.0,35,2,True,7,False,1,Social
7.5,6.75,2.3333333333333335,0.0,0.0,1.8333333333333333,0.0,54,2,False,5,False,2,Work-focused
12.5,0.0,1.5,0.0,1.9166666666666667,1.8333333333333333,0.0,62,2,False,6,False,0,Typical mix
8.166666666666666,7.6,0.6666666666666666,0.5833333333333334,0.3333333333333333,0.8333333333333334,0.0,59,2,False,8,False,2,Work-focused
10.0,1.5,0.5,0.0,3.0,0.0,0.0,48,2,True,6,False,1,Social
10.783333333333331,5.75,0.5833333333333334,0.0,0.0,0.1666666666666666,0.5,60,2,True,8,False,2,Work-focused
6.583333333333333,0.0,1.5,0.5,0.25,1.9166666666666667,7.75,66,1,False,8,False,4,Computer-leisure
6.5,0.0,2.5,0.0,0.0,4.25,1.0,65,2,False,8,False,0,Typical mix
9.166666666666666,0.0,0.75,0.5,1.5,10.0,0.0,59,1,True,7,False,0,Typical mix
10.5,0.0,1.75,0.0,2.4166666666666665,0.5,2.25,48,1,False,8,False,4,Computer-leisure
9.5,0.0,0.9166666666666666,0.0,2.1666666666666665,4.333333333333333,0.0,67,2,True,10,False,0,Typical mix
7.0,0.0,2.25,0.0,0.75,1.0,0.75,80,1,True,10,False,0,Typical mix
10.5,0.0,0.4166666666666667,0.0,0.0,8.083333333333334,1.0,57,1,False,7,False,0,Typical mix
8.0,1.0,1.0,0.0,1.1333333333333333,0.0,0.0,43,2,True,5,False,0,Typical mix
9.333333333333334,0.0,1.3333333333333333,0.0,2.5,0.0,0.0,17,1,True,7,False,1,Social
7.916666666666667,7.766666666666667,1.0833333333333333,0.0,0.0166666666666666,4.4,0.0,61,1,False,7,False,2,Work-focused
6.5,7.833333333333333,0.8333333333333334,0.0,0.8333333333333334,2.5,0.1666666666666666,61,1,False,5,False,2,Work-focused
10.916666666666666,0.6666666666666666,1.25,3.0,0.0,2.0,0.0,53,1,True,5,False,3,Active
12.0,0.0,1.25,0.0,4.5,0.0,0.0,53,2,False,8,False,1,Social
5.0,11.333333333333334,0.5,0.0,0.0833333333333333,2.3333333333333335,0.0,66,2,False,10,False,2,Work-focused
10.5,0.0,0.5,0.0,0.0,0.0,0.0,40,2,True,10,False,0,Typical mix
10.5,0.0166666666666666,1.0,0.0,0.0,1.2666666666666666,0.0,45,2,True,8,False,0,Typical mix
8.25,0.0,1.0,0.75,0.25,2.0,2.466666666666667,80,1,False,10,False,4,Computer-leisure
12.5,0.0,0.8333333333333334,0.0333333333333333,0.0,0.0,8.5,17,1,True,7,False,4,Computer-leisure
10.166666666666666,0.0,0.4166666666666667,0.0,0.0,3.0,0.0,27,2,True,9,False,0,Typical mix
8.0,8.0,0.75,0.25,0.0,3.9166666666666665,0.0,64,1,False,6,False,2,Work-focused
8.5,0.0,0.5,0.0,4.5,0.5,0.0,15,2,True,9,False,1,Social
7.0,10.083333333333334,0.3333333333333333,0.75,0.0,0.5,0.0,46,2,False,8,False,2,Work-focused
9.25,0.0,1.5,4.75,0.0,0.25,0.0,72,1,False,8,False,3,Active
8.8,0.0,1.0833333333333333,0.0,0.0,0.0,0.5833333333333334,80,1,True,8,False,0,Typical mix
7.5,9.5,1.25,0.0,0.0,3.0,0.0,45,1,False,7,False,2,Work-focused
6.016666666666667,10.9,1.5,0.0,0.4166666666666667,0.8333333333333334,0.0,56,1,False,10,False,2,Work-focused
6.0,6.616666666666666,1.4166666666666667,0.0,0.0,3.5,0.0,63,2,False,4,False,2,Work-focused
9.633333333333333,0.0,0.75,1.5,0.1666666666666666,6.583333333333333,0.0,67,2,False,6,False,0,Typical mix
10.666666666666666,9.0,2.0,0.0,0.0,0.0,0.0,48,2,True,5,False,2,Work-focused
7.166666666666667,8.5,0.9166666666666666,0.0,0.6666666666666666,0.5,0.5,60,1,False,8,False,2,Work-focused
8.333333333333334,0.0,2.0833333333333335,1.0,0.0,4.416666666666667,2.283333333333333,77,2,False,10,False,4,Computer-leisure
12.0,0.0,2.0,0.0,0.0,3.0,0.0,70,1,False,5,False,0,Typical mix
10.333333333333334,0.0,1.3333333333333333,0.0,0.0,5.133333333333334,0.0,51,1,True,10,False,0,Typical mix
12.0,0.0,0.5,0.0,0.5,0.0,0.0,51,2,True,10,False,0,Typical mix
6.5,11.333333333333334,0.5,0.0,0.0,2.5,0.0,33,1,True,10,False,2,Work-focused
11.5,0.0,0.3333333333333333,0.0,0.0,0.0,0.0,17,2,False,8,False,0,Typical mix
10.183333333333334,0.0,0.9166666666666666,0.0,2.9166666666666665,4.933333333333334,0.0,80,1,False,5,False,1,Social
9.25,0.0,1.5,0.0,0.0,0.0,0.0,21,2,False,8,False,0,Typical mix
5.416666666666667,10.666666666666666,3.6666666666666665,0.0,0.0,0.0,0.0,47,1,True,7,False,2,Work-focused
9.25,1.0,2.5,0.0,1.5,0.0,2.0,51,2,True,7,False,0,Typical mix
9.25,0.0,0.5,0.0,2.0,0.0,1.5833333333333333,60,1,True,10,False,0,Typical mix
14.416666666666666,0.0,1.25,0.0,0.0,1.0,0.0,75,1,False,0,False,0,Typical mix
10.5,0.0,0.5833333333333334,0.0,4.666666666666667,4.166666666666667,0.0,71,2,True,10,False,1,Social
9.983333333333333,0.0,1.0,0.0,1.0,0.0,0.0,46,2,True,8,False,0,Typical mix
5.0,0.0,1.5,0.0,0.0,2.5,0.0,85,1,True,10,False,0,Typical mix
10.0,0.0,0.5,0.0,1.0,8.416666666666666,0.0,38,2,False,5,False,0,Typical mix
7.0,0.0,0.6666666666666666,0.0,0.0,4.833333333333333,0.0,80,2,False,10,False,0,Typical mix
8.916666666666666,0.0,0.9166666666666666,0.0,2.0,2.25,0.0,60,2,False,8,False,0,Typical mix
7.916666666666667,0.0,1.5833333333333333,0.0,0.0,0.0,1.25,68,1,False,7,False,0,Typical mix
9.0,8.5,0.5,0.0,0.0,0.0,0.0,53,1,False,10,False,2,Work-focused
6.75,10.916666666666666,1.0833333333333333,0.75,0.0,3.0,0.0,54,1,False,9,False,2,Work-focused
10.333333333333334,5.833333333333333,0.8333333333333334,0.0,0.0,1.25,0.0,22,1,True,8,False,2,Work-focused
7.5,0.0,0.75,0.0,0.0,0.5,0.3333333333333333,39,2,False,10,False,0,Typical mix
7.5,0.0,2.5833333333333335,0.0,1.0,2.716666666666667,0.75,78,2,False,7,False,0,Typical mix
8.166666666666666,0.0,2.25,0.0,0.0,2.25,0.0,15,2,False,7,False,0,Typical mix
8.75,0.0,2.5833333333333335,0.0,0.0,0.5,0.0,58,1,True,10,False,0,Typical mix
5.833333333333333,0.0,0.75,0.0,0.0,2.75,2.0,21,2,False,5,False,0,Typical mix
11.333333333333334,0.0,1.0833333333333333,0.0,0.0,6.416666666666667,0.0,16,1,True,5,False,0,Typical mix
9.2,3.45,1.0,0.0,0.0,2.0,0.0,42,2,False,8,False,0,Typical mix
2.5,0.0,1.0,3.5,0.0,6.333333333333333,0.0,57,2,False,6,False,3,Active
9.5,0.0,2.0,0.0,0.5,0.0,0.0,23,2,True,8,False,0,Typical mix
7.0,0.0,1.0,2.0,0.0,0.0,0.0,28,1,True,6,False,0,Typical mix
7.0,7.5,0.25,0.0,0.0,0.0,0.0,61,2,False,8,False,2,Work-focused
6.166666666666667,8.0,0.25,0.0,0.25,4.666666666666667,0.0,54,2,False,5,False,2,Work-focused
9.75,0.0,1.0,0.0,0.0,4.75,0.0,80,2,False,4,False,0,Typical mix
7.5,0.0,0.1666666666666666,0.0,0.0,12.916666666666666,0.0,57,2,True,5,False,0,Typical mix
12.0,10.25,0.0,0.0,0.0,1.5833333333333333,0.0,41,1,False,7,False,2,Work-focused
6.0,0.0,1.0833333333333333,0.0,1.0833333333333333,1.5,0.0,76,1,True,7,False,0,Typical mix
7.5,8.0,1.0,0.0,0.0,4.0,0.0,48,2,False,3,False,2,Work-focused
7.833333333333333,0.0,0.25,2.5,0.0,2.0,0.0,54,2,False,9,False,3,Active
8.0,7.733333333333333,0.75,0.8333333333333334,0.0,2.3333333333333335,0.0,53,2,False,10,False,2,Work-focused
8.833333333333334,0.0,5.0,0.0,0.0,6.0,0.0,56,1,True,2,False,0,Typical mix
7.5,0.0,1.0,1.5,0.0,5.166666666666667,0.0,54,2,False,7,False,0,Typical mix
8.133333333333333,8.55,1.25,0.0,1.0,1.8333333333333333,0.0,57,1,False,8,False,2,Work-focused
8.0,0.0,0.3333333333333333,0.0,0.0,12.416666666666666,0.0,58,1,False,3,False,0,Typical mix
7.0,11.466666666666669,1.5,0.0,0.0,0.0,0.0,49,2,False,8,False,2,Work-focused
8.0,0.0,1.6666666666666667,0.0,0.0,8.333333333333334,0.0,48,1,True,2,False,0,Typical mix
13.083333333333334,0.0,0.5833333333333334,0.0,0.0,6.25,0.0,21,1,True,8,False,0,Typical mix
9.5,0.0,1.5,0.0,0.0,0.0,2.5,65,1,False,8,False,4,Computer-leisure
7.0,0.0,1.25,0.0,1.0,1.5,0.0,43,2,False,5,False,0,Typical mix
8.333333333333334,0.5833333333333334,0.5,3.0,0.0,8.083333333333334,0.0,56,1,True,8,False,3,Active
16.0,0.0,0.8333333333333334,0.0,0.0,6.666666666666667,0.0,41,1,True,8,False,0,Typical mix
6.166666666666667,0.0,3.6666666666666665,0.0,1.5,1.5,0.0,66,2,False,10,False,0,Typical mix
8.5,0.0,0.3333333333333333,0.0,0.0,6.083333333333333,0.0,69,1,True,5,False,0,Typical mix
5.5,7.916666666666667,1.4166666666666667,0.5,0.25,0.0,2.3833333333333333,28,1,False,8,False,2,Work-focused
9.0,0.0,1.0833333333333333,0.0,0.0,4.0,0.0,47,1,False,10,False,0,Typical mix
10.666666666666666,0.0,1.0,0.0,0.0,1.5,0.0,36,1,True,8,False,0,Typical mix
19.916666666666668,0.0,0.3333333333333333,0.0,0.0,0.0,0.0,76,2,False,2,False,0,Typical mix
7.1,0.0,1.5,1.0,0.0,1.0833333333333333,0.0333333333333333,39,2,False,8,False,0,Typical mix
9.25,0.0,2.0,0.25,0.5,2.25,0.0,60,2,False,7,False,0,Typical mix
12.0,0.0,1.0,0.0,0.0,10.716666666666669,0.0,80,2,True,5,False,0,Typical mix
9.45,0.0,0.5833333333333334,0.0,0.75,2.1666666666666665,0.0,63,1,False,6,False,0,Typical mix
8.083333333333334,0.0,1.3333333333333333,0.0,4.883333333333334,0.0,0.0,40,2,False,9,False,1,Social
10.583333333333334,0.0,0.75,0.0,1.5,0.0,0.0,54,2,True,5,False,0,Typical mix
8.75,0.0,1.25,0.0,2.9166666666666665,3.0,0.0,80,2,True,10,False,1,Social
7.5,0.0,1.1666666666666667,0.0,0.0,9.0,0.0,41,1,False,8,False,0,Typical mix
9.5,0.6666666666666666,1.5,0.0,4.833333333333333,3.5,0.0,42,1,True,7,False,1,Social
10.0,0.0,1.0,0.0,0.5,4.333333333333333,0.0,63,2,True,7,False,0,Typical mix
7.0,0.0,1.3333333333333333,2.25,0.0,0.0,0.0,31,1,True,8,False,3,Active
10.166666666666666,0.0,0.5,0.0,0.0,2.9166666666666665,0.0,37,2,False,5,False,0,Typical mix
9.0,2.75,0.5833333333333334,3.6,0.0,4.666666666666667,0.0,45,1,False,8,False,3,Active
10.0,0.0,1.5,0.0,0.0,0.5,0.0,64,2,False,10,False,0,Typical mix
7.966666666666667,9.0,0.5,0.0,0.0,0.0,0.0,35,1,False,7,False,2,Work-focused
11.0,0.0,0.0,0.0,3.5,7.916666666666667,1.0,17,2,False,5,False,1,Social
8.833333333333334,0.75,3.0,0.0,3.25,0.6666666666666666,0.0,36,1,True,10,False,1,Social
10.5,0.0,0.9166666666666666,1.25,0.0,6.5,0.0,50,2,False,8,False,0,Typical mix
7.25,8.75,0.8333333333333334,1.1666666666666667,0.0,1.5,0.4166666666666667,42,1,False,7,False,2,Work-focused
9.5,0.0,1.5833333333333333,0.0,1.0,3.75,0.0,80,2,True,5,False,0,Typical mix
8.416666666666666,0.0,1.25,0.0,0.75,5.5,3.25,56,2,True,7,False,4,Computer-leisure
10.0,6.75,0.25,0.0,0.0,2.0,0.0,61,1,False,7,False,2,Work-focused
9.5,6.25,0.5,0.0,1.0,2.25,0.0,47,2,False,8,False,2,Work-focused
9.0,0.0,1.3333333333333333,0.0,0.0,0.0,0.0,33,2,True,8,False,0,Typical mix
7.0,7.916666666666667,1.3,0.5,1.1666666666666667,0.0,0.0,32,1,False,5,False,2,Work-focused
12.5,0.0,0.1666666666666666,0.0,4.0,2.3333333333333335,0.0,27,1,False,5,False,1,Social
7.0,8.166666666666666,1.0,0.0,0.0,3.7,2.8666666666666667,62,2,False,5,False,4,Computer-leisure
14.583333333333334,0.0,0.3333333333333333,1.3833333333333333,0.0,2.6666666666666665,2.283333333333333,15,1,False,8,False,4,Computer-leisure
7.5,7.55,0.0833333333333333,0.3333333333333333,1.1666666666666667,0.0,0.0,31,2,False,6,False,2,Work-focused
11.166666666666666,0.0,1.1666666666666667,0.0,2.75,2.5,0.0,41,1,True,8,False,1,Social
10.5,7.783333333333333,0.75,0.0,0.0,2.433333333333333,0.0,54,1,False,7,False,2,Work-focused
8.583333333333334,7.416666666666667,0.9166666666666666,0.0,0.0,1.4166666666666667,0.0,36,2,True,5,False,2,Work-focused
8.233333333333333,2.0,1.5,0.0,0.3333333333333333,1.5,0.0,35,1,True,9,False,0,Typical mix
8.716666666666667,0.0,1.9666666666666663,1.0,0.0,2.0833333333333335,0.05,53,2,True,4,False,0,Typical mix
6.0,0.0,1.0,0.0,0.0,5.5,1.0,51,2,True,7,False,0,Typical mix
7.0,0.0,1.5,0.0,0.0,1.0,0.0,54,2,True,10,False,0,Typical mix
10.266666666666667,0.0,0.3333333333333333,0.0,1.5833333333333333,0.0,0.0,38,2,False,8,False,0,Typical mix
15.5,0.0,3.0,0.0,0.0,0.0,0.0,62,2,True,5,False,0,Typical mix
8.833333333333334,1.0833333333333333,0.1666666666666666,4.0,0.8333333333333334,2.316666666666667,0.0,59,2,True,9,False,3,Active
7.833333333333333,0.0,1.5,0.0,0.0,6.5,0.0,80,1,True,6,False,0,Typical mix
12.5,0.0,0.5833333333333334,0.0,0.0,5.0,0.0,29,1,True,8,False,0,Typical mix
9.5,0.0,1.5,0.0,0.0,5.0,0.0,75,1,False,5,False,0,Typical mix
8.916666666666666,0.0,2.5,0.0,0.6666666666666666,4.0,0.0,37,2,True,7,False,0,Typical mix
9.25,4.0,0.9166666666666666,0.0,0.0,4.5,0.0,50,2,False,5,False,0,Typical mix
7.0,0.0,0.0,1.9166666666666667,0.0,0.0,1.5,19,2,True,4,False,0,Typical mix
7.25,12.0,0.8333333333333334,0.45,0.0,1.0833333333333333,0.0,38,2,True,10,False,2,Work-focused
8.166666666666666,7.983333333333333,0.5,0.0,0.0,0.0,0.0,26,2,False,7,False,2,Work-focused
5.5,0.0,0.75,0.0,2.0,4.25,0.0,79,2,False,10,False,0,Typical mix
7.583333333333333,0.0,1.8333333333333333,1.0833333333333333,1.0,2.0,4.0,65,1,False,9,False,4,Computer-leisure
8.833333333333334,6.333333333333333,0.3333333333333333,0.0,0.5,0.0,0.0,59,2,False,9,False,2,Work-focused
7.0,0.0,0.5,0.0,0.0,2.0,0.0,36,2,False,10,False,0,Typical mix
9.0,0.0,1.0,0.0,2.5,0.0,0.0,48,2,True,10,False,1,Social
8.0,0.0,1.0,0.0,0.0,1.5,0.0,67,2,False,10,False,0,Typical mix
7.5,9.083333333333334,0.1666666666666666,0.0,0.0,0.0,0.0,61,2,False,4,False,2,Work-focused
9.25,0.0,0.3333333333333333,0.0,1.5,2.0,0.0,20,2,True,6,False,0,Typical mix
10.0,0.0,0.4166666666666667,0.0,0.0,8.916666666666666,0.0,77,1,True,0,False,0,Typical mix
7.733333333333333,2.4,0.85,0.0,1.0,1.3333333333333333,0.0,49,2,True,6,False,0,Typical mix
7.5,0.0,1.0,0.0,0.9166666666666666,2.5,0.0,80,2,False,8,False,0,Typical mix
4.416666666666667,8.25,1.25,0.0,0.0,0.0,0.0,58,2,True,8,False,2,Work-focused
11.75,0.0,0.75,0.0,5.5,5.75,0.0,19,2,True,5,False,1,Social
9.166666666666666,0.0,0.3333333333333333,2.5,0.75,1.2,0.0,52,2,True,5,False,3,Active
10.5,1.5,0.4166666666666667,0.0,0.0,0.0,0.0,65,1,False,5,False,0,Typical mix
7.5,5.5,1.0,0.0,0.0,0.0,0.0,50,1,False,9,False,2,Work-focused
6.5,0.0,0.0833333333333333,0.0,1.0,4.5,0.0,55,2,True,3,False,0,Typical mix
10.133333333333333,8.75,0.25,0.0,0.0,1.3333333333333333,0.0,43,1,True,6,False,2,Work-focused
9.0,0.0,0.3333333333333333,1.0,0.5,6.0,0.0,61,1,False,1,False,0,Typical mix
9.483333333333333,0.0,1.25,2.466666666666667,0.0,2.0,0.0,46,2,True,5,False,3,Active
12.666666666666666,0.0,0.5,0.0,0.0,4.5,0.0,48,1,True,8,False,0,Typical mix
6.5,0.0,0.5,0.0,7.733333333333333,2.7,0.0,64,2,True,1,False,1,Social
6.95,0.0,1.2833333333333334,8.0,0.5,0.0,0.0,39,2,True,9,False,3,Active
7.5,2.5,0.6666666666666666,2.0,0.0,6.916666666666667,0.0,51,1,True,6,False,0,Typical mix
8.0,0.0,3.0,0.0,0.0,4.5,0.0,66,1,False,10,False,0,Typical mix
7.383333333333334,0.0,0.75,0.0,0.0,2.0,0.0,32,1,True,8,False,0,Typical mix
5.083333333333333,0.0,0.6666666666666666,0.0,1.0833333333333333,0.0,0.0,16,1,True,8,False,0,Typical mix
10.666666666666666,0.0,0.0,0.0,0.0,0.0,0.0,41,2,True,10,False,0,Typical mix
8.666666666666666,0.0,0.8333333333333334,0.0,0.0,12.75,0.0,54,1,True,9,False,0,Typical mix
10.333333333333334,0.0,1.75,0.0,0.0,1.0,0.0,29,2,True,7,False,0,Typical mix
5.75,0.0,1.0,0.0,4.2,0.0,0.0,16,2,False,9,False,1,Social
11.166666666666666,0.0,1.0,3.0,0.0,1.5,0.0,41,1,True,7,False,3,Active
14.0,0.0,1.0,0.0,0.5,4.25,0.0,76,2,True,6,False,0,Typical mix
6.0,11.666666666666666,2.0,0.0,0.0,2.5,0.0,41,1,False,10,False,2,Work-focused
7.0,9.75,2.25,1.25,0.0,0.0,0.0,38,1,False,6,False,2,Work-focused
7.416666666666667,0.0,0.8333333333333334,0.0,0.0,10.416666666666666,0.0,37,2,True,8,False,0,Typical mix
10.0,0.0,0.3333333333333333,0.0,0.0,5.0,0.0,85,2,False,10,False,0,Typical mix
7.0,7.583333333333333,0.8666666666666667,1.4166666666666667,0.25,2.8,0.0,32,1,False,10,False,2,Work-focused
7.5,5.833333333333333,0.5,0.0,0.0,3.5,2.0,34,1,False,10,False,2,Work-focused
11.5,0.0,2.1666666666666665,0.0,0.0,3.0833333333333335,0.0,30,1,True,10,False,0,Typical mix
6.0,0.0,1.5,1.0,7.833333333333333,1.0,0.0,74,2,True,5,False,1,Social
11.75,0.0,0.4166666666666667,0.0,1.5,2.5833333333333335,0.0,67,1,True,8,False,0,Typical mix
9.0,0.0,4.5,0.0,0.0,6.666666666666667,0.0,64,1,True,10,False,0,Typical mix
13.833333333333334,0.0,0.0833333333333333,0.0,0.0,1.0,0.0,18,2,False,8,False,0,Typical mix
7.0,11.5,1.0,1.0,0.0,1.0,0.0,62,2,False,10,False,2,Work-focused
14.75,7.333333333333333,0.0,0.0,0.0,0.3333333333333333,0.0,66,1,True,10,False,2,Work-focused
6.8,0.0,1.1166666666666667,0.0,0.0333333333333333,0.0,4.8,63,2,False,3,False,4,Computer-leisure
10.25,0.0,0.5833333333333334,0.0,0.0,1.0,0.0,16,1,True,9,False,0,Typical mix
8.1,8.75,0.5,0.0,3.0,1.0,0.0,50,1,False,7,False,2,Work-focused
9.866666666666667,0.0,0.0,0.0,0.0,0.0,0.0,18,2,False,8,False,0,Typical mix
7.5,0.0,0.6,0.0,2.0,8.25,0.0,72,1,False,9,False,0,Typical mix
4.5,9.25,0.3333333333333333,0.0,0.0,8.133333333333333,0.0,32,1,True,9,False,2,Work-focused
7.5,0.0,0.1666666666666666,0.0,0.0,15.166666666666666,0.0,73,2,True,7,False,0,Typical mix
7.983333333333333,0.0,1.1666666666666667,5.0,0.75,2.5833333333333335,0.0,70,2,True,3,False,3,Active
12.833333333333334,0.0,0.0,0.0,10.833333333333334,0.0,0.0,19,2,True,8,False,1,Social
9.0,0.0,0.5,0.0,0.0,4.666666666666667,0.0,31,1,True,9,False,0,Typical mix
7.666666666666667,11.25,0.1666666666666666,0.3333333333333333,0.0,0.0,0.0,51,1,False,7,False,2,Work-focused
8.166666666666666,8.0,2.25,0.0,0.0,1.0,0.0,43,1,False,10,False,2,Work-focused
12.0,0.0,3.5,0.0,0.0,3.6666666666666665,0.0,68,1,True,7,False,0,Typical mix
8.966666666666667,0.0,0.75,0.0,0.0,4.0,1.5,45,2,False,8,False,0,Typical mix
8.0,0.0,0.8333333333333334,1.5,0.3333333333333333,1.25,1.8333333333333333,69,1,True,7,False,0,Typical mix
13.0,0.0,0.75,1.0,0.0,1.5,0.0,42,2,False,8,False,0,Typical mix
11.75,0.0,1.75,1.0,2.5,0.0,0.0,49,2,True,6,False,1,Social
13.733333333333333,7.833333333333333,1.75,0.0,0.0,0.0,0.0,48,1,False,8,False,2,Work-focused
11.0,0.0,0.1666666666666666,0.0,0.0,4.083333333333333,0.0,17,1,True,7,False,0,Typical mix
6.5,0.0,0.6666666666666666,2.0,6.0,3.0,0.0,18,1,True,6,False,1,Social
11.333333333333334,0.0,0.1666666666666666,0.0,0.0,0.0,0.0,35,2,True,10,False,0,Typical mix
5.116666666666666,8.0,0.75,0.0,1.75,2.0,0.0,20,2,False,8,False,2,Work-focused
9.916666666666666,0.0,2.0,0.75,2.0,1.5,0.0,16,2,True,8,False,0,Typical mix
9.0,0.0,0.3333333333333333,9.166666666666666,0.0,2.5,0.0,56,1,True,6,False,3,Active
12.333333333333334,6.2,0.0,0.0,0.0,2.6166666666666667,0.0,18,1,True,8,False,0,Typical mix
10.0,0.0,2.6666666666666665,0.75,0.0,2.0,0.0,69,2,True,8,False,0,Typical mix
8.25,0.0,0.8333333333333334,4.166666666666667,0.0,0.0,0.0,16,1,False,10,False,3,Active
9.05,0.75,0.0,0.4166666666666667,0.0,0.0,2.0,68,2,True,9,False,0,Typical mix
8.5,0.0,0.75,0.0,5.5,0.0,0.0,23,2,True,8,False,1,Social
7.966666666666667,4.65,1.5,0.0,3.05,0.0,0.0,32,2,False,9,False,1,Social
7.0,9.833333333333334,1.6666666666666667,0.0,0.0,0.5,0.0,49,2,False,7,False,2,Work-focused
8.0,0.0,1.5,0.0,1.0,3.5,0.0,67,2,False,7,False,0,Typical mix
5.083333333333333,0.0,0.75,0.0,0.0,6.65,0.0,70,1,True,10,False,0,Typical mix
9.0,0.0,1.5,2.0,4.833333333333333,0.0,0.0,58,2,False,7,False,1,Social
11.5,0.0,0.9166666666666666,0.0,0.0,2.0,0.0,57,2,True,6,False,0,Typical mix
6.916666666666667,4.166666666666667,1.0833333333333333,0.0,0.0,0.0,0.0,38,2,True,8,False,2,Work-focused
6.666666666666667,9.416666666666666,1.0,1.0833333333333333,1.5,0.25,0.0,48,1,False,7,False,2,Work-focused
11.5,0.0,1.8333333333333333,1.0,0.0,0.0,0.0,31,2,True,7,False,0,Typical mix
5.916666666666667,10.5,0.5,0.0,0.0,1.0,0.0,42,1,False,6,False,2,Work-focused
10.716666666666669,0.0,1.1666666666666667,1.0,0.0,0.6666666666666666,0.0,36,1,False,8,False,0,Typical mix
5.966666666666667,4.75,0.5,0.0,4.0,4.5,1.0,40,1,True,7,False,1,Social
8.75,0.0,1.5,0.0,0.0,1.5,0.0,29,2,True,8,False,0,Typical mix
16.166666666666668,0.0,2.0,0.0,0.0,2.0,0.0,43,2,True,8,False,0,Typical mix
8.833333333333334,0.0,1.1666666666666667,0.0,1.0,1.5,0.0,58,1,True,5,False,0,Typical mix
9.333333333333334,1.0,0.3333333333333333,0.0,1.5,0.7666666666666667,0.0,53,2,True,8,False,0,Typical mix
6.5,0.0,1.75,0.0,0.25,9.75,0.0,70,1,True,8,False,0,Typical mix
8.25,0.0,2.75,0.0,0.5833333333333334,1.9166666666666667,0.0,78,2,False,10,False,0,Typical mix
9.083333333333334,0.0,0.8333333333333334,2.0833333333333335,0.0,0.0,0.0,42,2,True,7,False,0,Typical mix
7.25,13.25,0.0,0.0,0.0,2.5,0.0,57,1,False,5,False,2,Work-focused
10.5,0.0,0.6666666666666666,0.0,6.5,4.0,0.0,41,2,False,7,False,1,Social
8.0,0.0,1.0,0.0,9.25,3.0,0.0,34,2,True,8,False,1,Social
9.0,0.0,1.0,0.0,5.15,2.0,0.0,30,2,False,4,False,1,Social
3.0,7.0,1.5,0.0,0.0,0.0,0.0,51,1,False,6,False,2,Work-focused
10.5,5.0,0.0833333333333333,0.0,0.0,7.083333333333333,0.0,25,1,True,6,False,0,Typical mix
9.25,0.0,3.0,1.0,0.0,1.0,0.0,38,1,True,9,False,0,Typical mix
8.333333333333334,10.166666666666666,0.3333333333333333,0.5,0.0,2.3333333333333335,0.0,47,2,False,6,False,2,Work-focused
8.716666666666667,9.5,0.75,0.0,0.5,0.0,0.0,20,1,False,10,False,2,Work-focused
7.833333333333333,8.25,2.0833333333333335,0.0,0.0833333333333333,2.0,0.0,34,2,False,8,False,2,Work-focused
9.0,7.416666666666667,0.5,0.0,0.0,0.0,0.0,41,2,False,8,False,2,Work-focused
10.0,0.0,1.3333333333333333,0.0,0.0,2.0,0.0,37,2,False,8,False,0,Typical mix
8.75,0.0,0.5,0.0,5.0,4.166666666666667,0.0,45,1,False,7,False,1,Social
12.0,0.0,0.8333333333333334,0.0,0.0,8.883333333333333,0.0,60,1,True,7,False,0,Typical mix
10.0,0.0,1.0,0.0,1.5,0.0,0.0,58,1,True,7,False,0,Typical mix
7.583333333333333,12.083333333333334,0.4166666666666667,0.0,0.0,0.0,0.0,40,1,False,6,False,2,Work-focused
12.0,0.0,0.75,0.0,0.0,3.0,0.0,46,2,False,10,False,0,Typical mix
2.75,15.666666666666666,0.1666666666666666,0.0,4.333333333333333,0.0,0.0,65,1,True,8,False,2,Work-focused
6.75,12.0,1.0,0.0,3.0,0.0,0.0,44,1,False,9,False,2,Work-focused
4.833333333333333,7.583333333333333,2.0,1.1666666666666667,0.0,2.0,0.0,43,1,False,7,False,2,Work-focused
11.25,0.0,5.833333333333333,0.0,0.0,2.0,0.0,38,2,True,10,False,0,Typical mix
10.0,0.0,2.0,0.0,0.0,7.616666666666666,0.0,39,1,True,8,False,0,Typical mix
11.883333333333333,0.0,0.8333333333333334,0.0,0.5,0.8833333333333333,0.0,40,2,True,5,False,0,Typical mix
7.5,0.0,0.5,0.0,3.0,4.0,0.0,80,2,True,5,False,1,Social
6.883333333333334,0.0,0.5833333333333334,0.0,0.0,0.0,0.0,57,2,False,2,False,0,Typical mix
9.0,3.0,0.75,0.0,1.0,0.75,0.0,42,1,False,4,False,0,Typical mix
7.0,8.166666666666666,1.75,0.0,0.0,5.166666666666667,0.0,61,1,False,10,False,2,Work-focused
9.25,0.0,0.5,0.0,1.0,5.25,0.0,50,2,True,10,False,0,Typical mix
5.583333333333333,3.1666666666666665,1.6666666666666667,0.1666666666666666,1.5,1.4166666666666667,0.0,48,1,False,5,False,2,Work-focused
10.466666666666669,0.0,2.5,0.0,0.0,1.8333333333333333,0.0,28,2,True,8,False,0,Typical mix
7.333333333333333,0.0,0.4166666666666667,0.0,0.0,2.0,0.0,18,1,False,8,False,0,Typical mix
8.0,0.1666666666666666,0.25,0.0,0.0,4.25,0.0,26,2,True,5,False,0,Typical mix
9.0,0.0,0.4166666666666667,0.0,0.0833333333333333,13.366666666666667,0.0,33,1,True,5,False,0,Typical mix
13.0,0.0,0.0,0.0,0.0,0.0,0.0,48,2,True,7,False,0,Typical mix
10.416666666666666,0.0,1.6666666666666667,0.0,0.0833333333333333,0.0,6.916666666666667,27,1,True,8,False,4,Computer-leisure
6.0,0.0,1.0,0.0,0.0,3.3333333333333335,0.0,50,1,True,6,False,0,Typical mix
8.75,0.0,0.3333333333333333,0.0,0.0,0.0,0.0,52,1,True,10,False,0,Typical mix
10.0,8.966666666666667,2.9166666666666665,0.0,0.0,1.0,0.0,56,1,False,8,False,2,Work-focused
10.75,0.0,1.25,0.5,1.0,2.0,0.5,33,1,False,9,False,0,Typical mix
7.116666666666666,0.0,1.0833333333333333,0.0,2.5,4.483333333333333,0.0,34,2,False,10,False,1,Social
11.5,0.0,0.0,0.0,0.0,6.333333333333333,0.0,74,2,True,7,False,0,Typical mix
11.5,0.0,1.5,0.0,0.0,4.0,0.0,85,2,True,7,False,0,Typical mix
8.0,0.0333333333333333,0.8333333333333334,0.0,6.2,1.5833333333333333,0.0,32,2,True,4,False,1,Social
6.75,0.0,0.5,0.0,0.0,0.25,15.383333333333333,56,2,False,0,False,4,Computer-leisure
10.0,0.0,0.5,0.0,0.0,3.0,0.0,30,1,False,2,False,0,Typical mix
6.25,0.0,2.5,1.25,3.5,2.0,0.0,52,1,True,6,False,1,Social
10.5,0.0,1.0,3.0,1.8333333333333333,0.0,0.0,27,2,True,7,False,3,Active
9.5,0.0,0.5,0.0,0.0,4.966666666666667,1.0,30,1,False,9,False,0,Typical mix
15.0,0.0,0.5833333333333334,0.0,0.0,7.916666666666667,0.0,51,2,False,0,False,0,Typical mix
12.75,0.0,1.0,0.0,0.0,1.5,0.0,50,2,False,7,False,0,Typical mix
8.5,0.0,0.5,0.0,0.0,1.25,0.0,33,1,True,7,False,0,Typical mix
9.5,0.0,0.4166666666666667,1.8333333333333333,0.7166666666666667,0.0,0.0,57,2,False,5,False,0,Typical mix
9.0,0.0,1.0833333333333333,1.0,1.0,0.5833333333333334,0.0,51,1,True,7,False,0,Typical mix
8.033333333333333,0.0,0.5833333333333334,0.0,0.75,9.316666666666666,0.0,62,1,True,7,False,0,Typical mix
9.0,0.0,1.75,0.0,0.0,3.75,0.0,78,1,False,6,False,0,Typical mix
9.933333333333334,0.0,0.1,0.0,2.0,0.0,0.0,16,2,True,4,False,0,Typical mix
6.6,0.0,1.5,0.0,0.0,0.0,0.0,43,2,True,6,False,0,Typical mix
11.583333333333334,8.083333333333334,0.0,0.0,0.0,3.5833333333333335,0.0,16,1,True,7,False,2,Work-focused
7.333333333333333,8.75,0.3333333333333333,1.0,0.0,2.5833333333333335,0.0,29,2,False,7,False,2,Work-focused
9.75,0.0,0.3333333333333333,0.0,0.25,3.75,0.0,47,2,False,4,False,0,Typical mix
8.466666666666667,0.0,3.0,0.0,0.0,0.0,0.0,42,2,False,3,False,0,Typical mix
8.35,0.0,0.5,0.75,1.0,7.8,0.0,80,1,True,7,False,0,Typical mix
11.0,0.0,1.5,0.0,0.0,6.0,0.0,57,1,False,3,False,0,Typical mix
1.5,0.0,0.0,0.0,0.0,10.583333333333334,2.5,52,2,True,2,False,4,Computer-leisure
5.5,0.0,0.8333333333333334,0.0,5.183333333333334,5.166666666666667,0.0,35,1,True,1,False,1,Social
9.666666666666666,0.0,2.5,0.0,0.0,0.0,0.0,57,2,True,8,False,0,Typical mix
7.0,0.0,3.0,2.1666666666666665,0.0,5.25,0.0,69,1,False,8,False,0,Typical mix
7.75,0.0,2.0,0.0,0.0,4.15,0.0,63,2,True,10,False,0,Typical mix
6.0,0.0,0.8333333333333334,0.0,1.0,13.0,0.0,67,1,False,3,False,0,Typical mix
8.5,7.166666666666667,1.4166666666666667,0.0,0.2833333333333333,4.583333333333333,0.0,56,1,False,6,False,2,Work-focused
7.5,8.0,1.25,0.0,0.0,3.5833333333333335,0.0,60,1,False,5,False,2,Work-focused
6.0,0.0,0.6666666666666666,1.0,0.0,15.583333333333334,0.0,51,1,True,5,False,0,Typical mix
8.5,0.0,0.25,0.0,0.0,4.25,0.0,40,2,True,0,False,0,Typical mix
11.75,4.0,1.5,0.0,1.0,0.0,0.0,15,1,True,9,False,0,Typical mix
7.5,0.0,1.8333333333333333,0.0,0.0,2.0,0.0,28,2,False,6,False,0,Typical mix
9.5,7.0,2.5,0.0,0.0,1.0,0.0,24,2,True,8,False,2,Work-focused
6.0,7.0,3.066666666666667,0.0,2.5833333333333335,2.25,0.0,54,1,False,8,False,2,Work-focused
7.0,0.0,1.9166666666666667,0.0,0.0,6.666666666666667,0.0,33,2,True,5,False,0,Typical mix
10.283333333333331,0.0,0.5,0.0,0.5,3.5,0.0,56,2,True,8,False,0,Typical mix
13.583333333333334,0.0,0.75,0.0,0.0,1.0,0.0,41,1,True,8,False,0,Typical mix
7.0,8.5,0.6666666666666666,0.0,0.0,6.333333333333333,0.0,43,1,False,8,False,2,Work-focused
12.0,0.0,0.25,0.0,0.5,3.1666666666666665,0.0,62,2,True,8,False,0,Typical mix
11.833333333333334,0.0,1.75,0.5,0.0,5.0,0.0,80,1,True,8,False,0,Typical mix
10.966666666666669,0.0,2.0,0.0,0.0,3.6333333333333337,0.0,29,2,False,8,False,0,Typical mix
6.5,14.866666666666667,0.25,0.0,0.0,0.0,0.0,28,1,False,7,False,2,Work-focused
7.083333333333333,0.0,2.6666666666666665,0.0,0.5,7.666666666666667,0.0,62,2,True,7,False,0,Typical mix
7.666666666666667,0.0,0.8333333333333334,0.4166666666666667,0.5833333333333334,6.333333333333333,0.0,80,2,False,10,False,0,Typical mix
4.5,8.416666666666666,1.75,0.0,0.0,1.75,1.15,61,2,False,4,False,2,Work-focused
9.0,3.0,1.0,0.0,1.5,2.8333333333333335,1.0,19,2,False,8,False,0,Typical mix
6.216666666666667,11.25,0.3333333333333333,0.0,0.0,1.0,0.0,61,1,False,5,False,2,Work-focused
10.833333333333334,0.0,1.3333333333333333,0.0,0.5,2.5,0.0,34,1,True,8,False,0,Typical mix
8.75,2.5,1.1666666666666667,1.5,1.75,1.0,0.0,42,1,True,9,False,0,Typical mix
9.166666666666666,0.1666666666666666,1.0,1.1666666666666667,0.0833333333333333,9.666666666666666,1.3333333333333333,52,1,False,7,False,0,Typical mix
7.166666666666667,6.583333333333333,0.25,0.75,0.0,1.5,0.0,19,2,False,5,False,2,Work-focused
10.0,0.0,1.5,0.0,0.0,5.333333333333333,0.0,76,1,False,9,False,0,Typical mix
7.0,0.0,1.25,2.0,0.0,0.75,1.1333333333333333,44,2,False,8,False,0,Typical mix
9.0,0.0,1.5,0.0,0.0,5.5,0.0,76,1,False,8,False,0,Typical mix
6.5,7.75,0.1666666666666666,0.0,1.0,4.083333333333333,0.0,56,1,True,9,False,2,Work-focused
7.333333333333333,7.583333333333333,1.5,1.6666666666666667,0.0,0.8333333333333334,0.0,33,1,False,6,False,2,Work-focused
9.75,0.0,1.9166666666666667,0.0,0.0,1.75,0.0,85,1,False,8,False,0,Typical mix
6.0,0.0,0.3333333333333333,0.0,0.0,0.0,0.0,61,1,True,3,False,0,Typical mix
11.333333333333334,0.0,1.25,0.0,3.5833333333333335,7.0,0.0,55,1,False,6,False,1,Social
9.25,0.0,4.716666666666667,0.0,0.0,8.0,0.0,75,1,True,8,False,0,Typical mix
8.75,0.0,0.0,0.0,1.5,2.95,0.6666666666666666,44,2,False,8,False,0,Typical mix
9.416666666666666,9.766666666666667,0.6833333333333333,0.0,0.0,2.0833333333333335,0.0,23,2,False,6,False,2,Work-focused
5.5,7.75,0.75,0.0,0.0,0.0,0.0,48,1,True,10,False,2,Work-focused
7.133333333333334,0.0,1.0833333333333333,0.0,0.0,2.8833333333333333,0.0,15,2,True,5,False,0,Typical mix
9.0,0.0,0.75,0.0,0.0,1.0833333333333333,0.0,16,2,True,10,False,0,Typical mix
8.0,0.0,0.6666666666666666,0.0,1.5,3.5,0.0,38,1,False,6,False,0,Typical mix
9.333333333333334,7.666666666666667,1.0,0.3333333333333333,0.0,0.9166666666666666,1.5,36,1,False,6,False,2,Work-focused
3.5,0.0,0.5,0.0,0.25,12.716666666666669,2.45,68,2,True,5,False,4,Computer-leisure
7.0,11.5,2.0,0.0,0.0,1.75,0.0,53,1,False,7,False,2,Work-focused
17.116666666666667,0.0,0.1666666666666666,0.0,0.0,3.3333333333333335,0.5,16,2,True,6,False,0,Typical mix
6.5,0.0,2.6666666666666665,0.0,2.0,4.233333333333333,0.0,47,2,True,5,False,0,Typical mix
10.666666666666666,0.0,0.6666666666666666,0.0,0.5,0.0,1.0,62,2,True,7,False,0,Typical mix
7.583333333333333,0.0,1.4166666666666667,1.0,6.0,0.0,0.0,65,2,True,10,False,1,Social
9.0,0.0,0.3333333333333333,5.25,0.0,2.0,0.0,19,1,False,5,False,3,Active
8.083333333333334,0.0,1.75,0.0,0.0,4.75,0.0,80,2,False,10,False,0,Typical mix
2.0,0.0,1.5,0.0,0.0,12.25,0.0,66,1,True,8,False,0,Typical mix
7.666666666666667,8.583333333333334,0.5,0.0,0.3333333333333333,4.25,0.0,61,1,False,5,False,2,Work-focused
11.266666666666667,0.0333333333333333,0.5666666666666667,0.0,0.0,0.25,0.3333333333333333,51,2,False,9,False,0,Typical mix
10.25,8.25,0.5,0.0,0.0,0.0,0.0,29,2,True,7,False,2,Work-focused
8.533333333333333,9.45,0.5,0.0,0.0,0.25,0.0,44,2,False,10,False,2,Work-focused
10.8,0.0,1.0,0.3333333333333333,1.25,0.0,1.5,30,2,False,7,False,0,Typical mix
12.666666666666666,0.0,0.5,0.0,0.0,0.0,0.0,16,2,True,8,False,0,Typical mix
9.0,0.0,0.3333333333333333,0.0,0.0,4.45,0.0,54,2,False,10,False,0,Typical mix
8.75,0.0,2.5,2.5,0.0,0.0,0.0,59,2,False,9,False,3,Active
8.5,0.0,0.0,0.5,0.0,4.333333333333333,0.0,66,2,False,5,False,0,Typical mix
5.916666666666667,0.25,0.75,0.0,2.3333333333333335,0.5,0.0,45,2,False,7,False,1,Social
8.966666666666667,0.0,1.0833333333333333,0.0,0.0,4.333333333333333,0.0,85,2,False,5,False,0,Typical mix
4.916666666666667,8.0,1.5,0.5,0.0,0.0,3.75,38,1,False,7,False,4,Computer-leisure
8.333333333333334,0.0,0.8333333333333334,0.3333333333333333,0.8333333333333334,0.0,0.0,71,2,True,8,False,0,Typical mix
4.416666666666667,0.0,0.75,0.0,0.0,0.0,0.0,46,2,True,5,False,2,Work-focused
9.25,0.0,0.4166666666666667,0.0,0.0,0.0,0.0,42,2,False,9,False,0,Typical mix
7.25,8.25,1.0,0.0,0.0,2.0,0.6666666666666666,44,1,False,5,False,2,Work-focused
11.466666666666669,0.0,1.0,0.0,0.0,2.0,0.0,26,1,True,8,False,0,Typical mix
12.5,0.0,2.0,0.0,1.0,0.75,0.0,80,1,False,4,False,0,Typical mix
10.0,0.25,1.25,1.0,1.6666666666666667,4.5,0.0,47,2,False,8,False,0,Typical mix
7.316666666666666,0.0,1.3333333333333333,0.0,3.8,1.0,1.0,60,2,False,5,False,1,Social
12.333333333333334,0.0,2.5,0.0,4.0,0.0,0.0,43,1,True,8,False,1,Social
5.5,3.0,1.5,3.4833333333333334,2.0,1.0,0.5,66,1,False,7,False,3,Active
12.166666666666666,0.0,2.1666666666666665,0.0,0.0,1.0,0.0,42,2,True,7,False,0,Typical mix
9.75,0.0,0.8333333333333334,0.0,0.0,0.0,0.0,29,2,False,10,False,0,Typical mix
9.5,0.0,0.5833333333333334,0.0,0.3333333333333333,3.9166666666666665,0.0,75,2,False,6,False,0,Typical mix
8.5,0.0,1.75,0.0,1.0,2.0,0.0,38,2,True,9,False,0,Typical mix
11.216666666666669,3.8333333333333335,0.4166666666666667,0.0,0.0,4.833333333333333,0.0,50,1,True,3,False,0,Typical mix
10.5,0.0,1.5,0.0,0.0,0.0,0.5,34,2,False,7,False,0,Typical mix
9.5,0.0,1.5,1.0,0.0,2.0,0.0,76,2,True,5,False,0,Typical mix
8.666666666666666,0.0,1.5,0.0,2.0,0.0,0.0,28,2,True,8,False,1,Social
13.366666666666667,0.0,1.0,0.0,2.5833333333333335,2.0,0.0,17,2,True,9,False,1,Social
6.666666666666667,9.0,0.1666666666666666,0.3333333333333333,0.0,1.0,0.0,42,2,False,5,False,2,Work-focused
8.083333333333334,0.0,1.3333333333333333,2.0,0.0,1.3333333333333333,0.0,51,2,True,7,False,0,Typical mix
8.5,0.0,0.6666666666666666,1.25,0.5,1.0,0.0,62,2,True,5,False,0,Typical mix
14.5,0.0,1.0,0.0,0.0,3.0,0.0,80,2,False,5,False,0,Typical mix
14.0,0.0,0.75,7.75,0.0,0.0,0.0,15,1,True,7,False,3,Active
7.166666666666667,8.333333333333334,1.4166666666666667,0.0,0.0,1.25,0.0,32,1,False,7,False,2,Work-focused
13.0,0.0,0.5,0.0,0.0,0.8666666666666667,0.0,32,2,True,10,False,0,Typical mix
9.25,0.0,1.1666666666666667,0.0,1.0,3.5833333333333335,2.0,39,1,False,9,False,0,Typical mix
8.166666666666666,0.0,0.8333333333333334,1.3333333333333333,0.0,7.0,0.4166666666666667,61,1,True,5,False,0,Typical mix
7.5,0.0,1.0,0.0,0.0,6.916666666666667,0.0,71,1,False,9,False,0,Typical mix
5.5,0.0,2.183333333333333,0.0,1.45,3.6333333333333337,0.0,17,2,True,5,False,0,Typical mix
8.5,8.75,1.0833333333333333,0.0,0.0,1.8166666666666669,0.0,51,2,False,7,False,2,Work-focused
6.666666666666667,5.0,0.5,0.0,0.0,0.0,0.0,38,2,True,9,False,2,Work-focused
8.333333333333334,0.0,2.0,0.0,1.0,1.0,0.0,60,2,True,6,False,0,Typical mix
10.75,0.0,0.9166666666666666,0.1666666666666666,0.6666666666666666,1.0,0.0,57,2,False,7,False,0,Typical mix
9.0,4.833333333333333,0.5,0.0,0.0,1.0,0.0,23,2,True,7,False,2,Work-focused
8.5,0.0,0.6666666666666666,0.0,0.0,0.0,0.0,80,2,False,5,False,0,Typical mix
7.0,0.0,0.1666666666666666,0.0,0.0,8.666666666666666,0.0,65,2,False,10,False,0,Typical mix
4.666666666666667,11.25,0.25,0.0,0.0,0.8333333333333334,0.0,51,1,False,5,False,2,Work-focused
7.5,9.583333333333334,1.4166666666666667,0.25,0.3333333333333333,2.5,0.0,39,1,False,8,False,2,Work-focused
10.25,0.0,3.25,0.0,0.25,2.5,0.0,67,2,True,7,False,0,Typical mix
8.416666666666666,0.0,1.3333333333333333,0.0,0.0,0.0,3.0,19,1,False,10,False,4,Computer-leisure
9.25,11.25,0.25,0.0,0.0,0.0,0.0,26,2,False,4,False,2,Work-focused
7.583333333333333,0.0,1.8333333333333333,0.0,4.5,3.9166666666666665,0.0,62,1,False,8,False,1,Social
7.0,10.0,1.0,0.0,0.0,0.0,0.0,60,2,False,8,False,2,Work-focused
7.5,0.25,0.5,0.0,0.0,5.466666666666667,5.75,47,1,False,5,False,4,Computer-leisure
9.416666666666666,0.0,2.0,0.0,0.0,6.0,0.0,52,2,True,9,False,0,Typical mix
8.5,7.666666666666667,2.0,0.0,0.0,0.0,0.0,37,2,True,8,False,2,Work-focused
10.25,0.0,0.6666666666666666,0.0,0.5,6.5,0.0,18,1,True,4,False,0,Typical mix
9.583333333333334,0.0,1.9166666666666667,0.0,0.0,1.5,0.0,27,2,True,7,False,0,Typical mix
3.3333333333333335,7.333333333333333,1.0833333333333333,0.0,6.866666666666666,2.3333333333333335,0.0,47,1,True,5,False,1,Social
10.5,0.0,3.25,0.0,0.0,2.5,0.0,45,1,True,5,False,0,Typical mix
8.25,3.0,1.3333333333333333,1.0,0.0,3.1666666666666665,0.0,34,1,True,8,False,0,Typical mix
9.0,0.0,0.5,0.0,3.0,2.25,0.0,80,2,True,8,False,1,Social
8.25,0.0,0.5,0.0,0.3333333333333333,7.483333333333333,1.0,19,2,False,5,False,0,Typical mix
9.916666666666666,0.0,0.0,0.0,0.0,0.0,0.0,39,1,True,7,False,0,Typical mix
7.666666666666667,0.0,0.1666666666666666,0.0,1.9666666666666663,6.8,0.0,58,1,True,8,False,0,Typical mix
10.5,0.0,1.75,0.0,1.5,0.0,2.5,31,2,False,6,False,4,Computer-leisure
8.5,0.0,2.0,0.0,0.0,0.0,1.5,49,1,True,6,False,0,Typical mix
12.333333333333334,0.0,0.5,0.0,0.0,7.0,0.0,33,1,True,6,False,0,Typical mix
10.0,0.0,0.5,0.0,0.0,6.0,3.0,26,1,False,7,False,4,Computer-leisure
8.233333333333333,0.0,1.6666666666666667,0.0,0.1666666666666666,2.0,0.5,34,1,False,9,False,0,Typical mix
11.0,3.5,0.4166666666666667,0.0,0.5833333333333334,1.0,0.0,43,2,False,5,False,0,Typical mix
11.0,0.0,0.1666666666666666,0.0,1.1666666666666667,0.0,2.0,16,1,True,7,False,0,Typical mix
8.25,0.0,1.4166666666666667,0.0,0.0,2.5,4.75,70,1,False,9,False,4,Computer-leisure
13.0,0.0,0.4166666666666667,0.0,0.0,0.0,0.0,18,1,False,4,False,0,Typical mix
8.166666666666666,0.0,1.0833333333333333,0.0,0.1666666666666666,6.416666666666667,0.6666666666666666,71,2,True,8,False,0,Typical mix
10.0,0.0,1.1666666666666667,0.0,3.25,4.333333333333333,0.0,77,1,True,7,False,1,Social
8.333333333333334,0.0,0.25,0.0,0.0,0.0,0.0,27,2,False,8,False,0,Typical mix
7.25,0.0,0.6666666666666666,0.0,0.0,2.0,0.0,52,2,True,7,False,0,Typical mix
9.0,1.0,2.5,1.0,1.5,3.0,0.0,37,1,True,8,False,0,Typical mix
6.5,0.0,1.5,3.75,0.0,6.0,0.0,74,1,False,10,False,3,Active
10.833333333333334,0.0,1.0,4.5,0.0,5.816666666666666,0.0,15,1,False,8,False,3,Active
9.5,0.0,1.75,0.0,1.0,4.5,0.0,65,2,True,3,False,0,Typical mix
9.416666666666666,8.5,0.3333333333333333,0.0,0.0,0.0,0.25,38,1,False,8,False,2,Work-focused
9.75,2.8833333333333333,1.0833333333333333,0.0,0.0,2.0833333333333335,0.5833333333333334,49,2,False,9,False,0,Typical mix
20.5,0.0,0.0,0.0,0.0,2.0,0.0,34,2,False,5,False,0,Typical mix
9.0,0.0,3.5,0.0,6.0,0.0,0.0,59,2,True,7,False,1,Social
7.666666666666667,10.75,0.3333333333333333,0.0,0.0,2.1666666666666665,0.0,62,2,True,7,False,2,Work-focused
10.5,1.25,1.25,0.0,0.0,4.166666666666667,0.0,55,1,True,8,False,0,Typical mix
8.5,0.0,1.5,0.0,0.0,3.1333333333333333,0.0,69,2,False,5,False,0,Typical mix
8.833333333333334,0.0,0.5,0.0,0.0,3.0,0.0,51,1,True,10,False,0,Typical mix
6.666666666666667,0.0,1.6666666666666667,0.0,0.0,0.0,0.0,56,1,True,7,False,0,Typical mix
11.166666666666666,0.0,0.5,0.0,0.0,0.0,0.0,17,1,True,8,False,0,Typical mix
7.416666666666667,5.516666666666667,1.6666666666666667,0.0,3.9,1.25,0.0,44,2,True,7,False,1,Social
11.0,0.0,1.0,0.0,0.0,3.0833333333333335,0.0,53,1,True,7,False,0,Typical mix
7.0,0.0,0.9166666666666666,0.0,5.5,1.1666666666666667,0.0,36,2,True,5,False,1,Social
8.5,0.0,0.1666666666666666,0.0,0.8333333333333334,6.0,0.0,25,2,False,3,False,0,Typical mix
11.166666666666666,0.0,0.5,0.0,0.0,1.0,0.0,60,2,True,10,False,0,Typical mix
5.183333333333334,0.0,0.5,0.5,1.0,8.5,0.0,59,2,False,10,False,0,Typical mix
8.5,0.0,1.0,0.0,0.0,2.5,0.0,19,2,True,5,False,0,Typical mix
6.75,0.0,1.1666666666666667,2.0,4.583333333333333,0.9166666666666666,4.583333333333333,17,2,False,7,False,4,Computer-leisure
9.666666666666666,0.0,0.6666666666666666,0.0,0.0,10.333333333333334,0.0,70,1,True,10,False,0,Typical mix
8.75,0.0,1.8333333333333333,0.0,0.0,0.0,0.0,59,1,False,8,False,0,Typical mix
6.75,7.75,1.0,0.0,1.0,5.25,0.0,36,2,True,7,False,2,Work-focused
7.166666666666667,0.0,3.1666666666666665,0.0,0.0,5.5,0.0,65,1,True,6,False,0,Typical mix
5.5,10.0,0.75,0.0,0.0,0.0,0.0,39,2,False,9,False,2,Work-focused
8.0,6.5,1.3333333333333333,0.0,0.0,1.0,0.0,53,1,False,8,False,2,Work-focused
8.0,9.416666666666666,1.0,0.0,0.0,1.4166666666666667,0.0,64,2,False,5,False,2,Work-focused
8.083333333333334,9.083333333333334,0.25,0.0,2.8333333333333335,0.0,0.0,44,1,False,7,False,2,Work-focused
6.5,0.0,0.5,0.0,4.833333333333333,0.0,0.0,58,1,True,8,False,1,Social
10.25,0.0,2.0,4.0,0.0,3.0,0.0,77,2,True,8,False,3,Active
8.5,7.716666666666667,1.6666666666666667,0.0,0.0,1.9166666666666667,0.0,51,2,False,10,False,2,Work-focused
8.5,6.666666666666667,2.0,3.75,0.0,1.75,0.0,62,2,False,5,False,3,Active
10.033333333333331,7.5,0.5,0.0,1.25,2.0,0.0,41,2,True,9,False,2,Work-focused
3.5,11.266666666666667,0.6666666666666666,0.0,0.0,2.0,0.0,33,2,False,8,False,2,Work-focused
10.666666666666666,4.0,0.5,0.0,0.0,0.0,0.0,50,2,False,10,False,0,Typical mix
9.966666666666669,7.0,2.183333333333333,0.0,0.0,1.5166666666666666,0.0,63,2,True,8,False,2,Work-focused
7.0,8.216666666666667,0.25,0.0,0.0,1.0,0.0,57,2,True,10,False,2,Work-focused
7.166666666666667,7.833333333333333,0.75,0.0,0.5,1.9166666666666667,0.0,53,2,False,5,False,2,Work-focused
11.166666666666666,0.0,0.1666666666666666,0.0,0.0,7.0,0.0,45,1,True,7,False,0,Typical mix
7.0,0.4,2.8,0.0,0.0,2.6333333333333333,0.0,48,2,False,6,False,0,Typical mix
11.5,0.0,0.75,0.0,0.0,3.6666666666666665,0.0,80,2,False,5,False,0,Typical mix
7.75,0.0,0.75,1.0,6.5,0.0,0.0,42,1,True,8,False,1,Social
9.0,0.0,1.0,0.5,0.0,2.0,0.0,70,2,False,10,False,0,Typical mix
6.0,0.0,0.3833333333333333,1.5,0.0,6.5,0.0,15,2,False,10,False,0,Typical mix
7.5,0.0,1.0,0.0,0.0,0.5,0.0,64,2,False,10,False,0,Typical mix
8.25,0.0,0.1666666666666666,0.0,2.75,3.2333333333333334,0.0,73,1,True,8,False,1,Social
7.0,14.0,0.6666666666666666,0.0,0.0,0.0,0.0,55,1,False,6,False,2,Work-focused
7.916666666666667,0.0,2.4166666666666665,0.0,1.25,0.0,0.0,80,2,True,9,False,0,Typical mix
7.0,12.0,0.3333333333333333,0.0,2.683333333333333,0.75,0.0,38,2,False,9,False,2,Work-focused
8.766666666666667,6.0,1.25,0.3333333333333333,0.0,2.0,0.0,47,2,True,8,False,2,Work-focused
9.75,1.0,0.8333333333333334,0.0,1.0,2.6666666666666665,0.0,66,1,False,8,False,0,Typical mix
10.583333333333334,0.0,0.0,0.0,0.0,0.25,0.0,73,2,True,8,False,0,Typical mix
9.0,0.0,0.6666666666666666,1.3333333333333333,0.0,3.75,0.0,34,2,False,8,False,0,Typical mix
9.0,0.0,1.5,1.0,0.0,4.416666666666667,0.0,50,1,True,8,False,0,Typical mix
10.0,10.5,0.0,0.0,0.0,0.0,0.0,37,1,True,8,False,2,Work-focused
6.333333333333333,8.866666666666667,0.5,0.0,0.0,1.5833333333333333,1.3333333333333333,57,2,False,9,False,2,Work-focused
11.25,0.0,1.9166666666666667,3.0,0.0,0.25,0.0,68,1,True,7,False,3,Active
6.75,5.583333333333333,1.4166666666666667,0.0,0.0,1.75,0.0,31,1,False,10,False,2,Work-focused
8.783333333333333,0.0,2.0166666666666666,0.0,3.9166666666666665,0.5,0.0,31,1,True,8,False,1,Social
10.5,0.0,2.0,0.0,1.5,4.0,0.0,41,2,True,10,False,0,Typical mix
8.25,0.0,1.75,1.0,0.0,0.0,0.5,77,2,True,9,False,0,Typical mix
4.966666666666667,0.0,0.25,0.0,13.983333333333333,1.0,0.0,30,1,False,8,False,1,Social
9.25,0.0,1.5,0.0,0.0,5.116666666666666,0.0,62,1,True,8,False,0,Typical mix
5.0,8.25,1.0,0.0,0.3333333333333333,5.0,0.0,33,1,False,5,False,2,Work-focused
9.25,0.0,2.25,0.0,0.0,5.566666666666666,0.0,64,2,True,8,False,0,Typical mix
9.75,0.0,1.0,0.0,5.333333333333333,0.5,0.0,36,2,True,6,False,1,Social
9.166666666666666,0.0,0.1666666666666666,0.0,1.25,2.9166666666666665,0.0,16,2,True,7,False,0,Typical mix
8.25,0.0,1.5,0.25,0.1666666666666666,3.3333333333333335,0.3333333333333333,68,1,False,10,False,0,Typical mix
7.0,10.5,1.0,0.0,0.0,0.25,0.0,51,1,False,10,False,2,Work-focused
9.0,0.0,2.0,0.0,0.0,3.5,0.0,69,2,False,6,False,0,Typical mix
7.916666666666667,0.0,0.6666666666666666,0.0,0.0,3.0,0.0,40,1,True,10,False,0,Typical mix
6.5,8.0,0.5,0.5,0.0,1.5,0.0,39,1,False,8,False,2,Work-focused
10.5,0.0,1.8333333333333333,1.0,0.0,2.9166666666666665,0.0,85,1,False,9,False,0,Typical mix
8.0,0.0,0.5833333333333334,0.0,0.0,11.716666666666669,0.0,78,2,False,10,False,0,Typical mix
8.75,7.316666666666666,0.5,0.0,2.3333333333333335,2.45,0.0,47,2,False,7,False,2,Work-focused
12.333333333333334,0.0,0.75,0.0,0.0,5.583333333333333,0.0,27,2,True,7,False,0,Typical mix
9.0,0.0,2.0,0.0,0.0,5.483333333333333,0.0,80,1,True,10,False,0,Typical mix
9.0,0.0,2.3333333333333335,0.0,2.2666666666666666,4.25,1.0,59,2,True,5,False,0,Typical mix
8.25,5.0,0.5,0.0,0.0,5.416666666666667,0.0,56,1,True,7,False,0,Typical mix
8.0,1.0,0.9166666666666666,0.0,0.0,3.0,0.5,40,2,True,6,False,0,Typical mix
9.0,0.0,1.75,0.0,0.9333333333333332,0.0,0.0,29,2,True,7,False,0,Typical mix
11.083333333333334,0.0,1.1666666666666667,0.0,0.0,0.0,0.0,18,1,True,7,False,0,Typical mix
8.416666666666666,0.0,0.5,0.0,0.0,0.0,0.0,42,2,True,10,False,0,Typical mix
16.75,0.0,0.25,0.0,0.0,2.0,0.0,39,1,False,10,False,0,Typical mix
7.366666666666666,0.0,0.8666666666666667,0.0,0.8833333333333333,3.3,2.0,66,1,False,10,False,0,Typical mix
8.0,0.0,0.8333333333333334,0.0,1.0,5.5,0.0,63,2,False,5,False,0,Typical mix
11.65,0.0,1.0,0.0,0.0,7.983333333333333,0.0,35,1,False,7,False,0,Typical mix
10.133333333333333,7.5,1.0,0.0,3.1666666666666665,0.0,0.0,16,1,False,5,False,1,Social
6.5,0.0,1.3333333333333333,0.0,0.5,1.0,0.0,73,2,True,5,False,0,Typical mix
10.083333333333334,0.0,2.5833333333333335,1.75,0.0,2.0,3.0,40,1,True,4,False,4,Computer-leisure
6.516666666666667,7.333333333333333,0.5,2.0,0.0,4.916666666666667,0.0,55,1,False,7,False,2,Work-focused
8.5,8.633333333333333,1.5,0.0,0.0,2.0,0.0,60,1,False,10,False,2,Work-focused
8.416666666666666,8.0,0.8333333333333334,0.0,0.75,0.0,0.0,21,1,False,10,False,2,Work-focused
11.5,7.666666666666667,0.75,0.0,0.5,2.4166666666666665,0.0,51,2,False,7,False,2,Work-focused
9.933333333333334,0.0,1.75,0.0,0.75,1.0,0.0,51,2,True,10,False,0,Typical mix
8.0,8.5,1.25,0.0,0.0,3.75,0.0,26,1,False,8,False,2,Work-focused
5.616666666666666,10.5,0.7666666666666667,0.0,0.0,4.75,0.0,38,1,False,5,False,2,Work-focused
11.666666666666666,0.0,0.3333333333333333,0.0,0.0,7.916666666666667,0.0,46,1,True,8,False,0,Typical mix
9.5,0.0,3.0,1.0,2.0,2.316666666666667,0.0,48,2,True,7,False,0,Typical mix
6.0,0.0,0.0833333333333333,0.0,0.75,2.9166666666666665,0.0,46,1,False,6,False,0,Typical mix
8.333333333333334,7.583333333333333,1.4166666666666667,0.0,3.0833333333333335,1.25,0.0,29,2,False,9,False,2,Work-focused
10.666666666666666,0.0,1.5,2.6666666666666665,0.0,3.5833333333333335,0.0,85,1,False,7,False,3,Active
11.0,0.0,0.75,0.0,0.5,2.1333333333333333,0.0,49,2,False,4,False,0,Typical mix
7.0,0.5,2.5,0.0,2.5,0.0,0.0,48,1,True,7,False,1,Social
8.35,0.0,1.25,0.0,0.0,3.0,0.0,80,2,False,8,False,0,Typical mix
8.0,0.0,0.5,4.583333333333333,3.25,3.5,0.0,67,1,False,6,False,3,Active
6.833333333333333,0.0,1.8333333333333333,0.0,0.0,9.916666666666666,0.0,48,1,True,8,False,0,Typical mix
6.75,0.0,1.5833333333333333,0.0,2.0,2.683333333333333,0.0,46,2,True,5,False,0,Typical mix
5.75,0.0,1.5833333333333333,0.75,0.0,3.5,0.0,85,2,True,6,False,0,Typical mix
12.0,0.0,0.5,0.0,0.0,5.0,0.0,34,1,True,7,False,0,Typical mix
8.483333333333333,0.0,1.4166666666666667,0.0,5.966666666666667,3.3333333333333335,0.5,28,2,True,3,False,1,Social
7.916666666666667,7.583333333333333,0.5,0.0,0.0,0.5,0.0,61,2,True,10,False,2,Work-focused
10.0,0.0,1.5,1.0,0.0,8.916666666666666,0.75,43,1,True,5,False,0,Typical mix
8.833333333333334,4.666666666666667,1.0,0.0,0.0,2.5,0.0,43,2,False,6,False,2,Work-focused
8.583333333333334,0.0,0.5,0.0,0.5,4.966666666666667,0.0,73,2,True,5,False,0,Typical mix
8.916666666666666,0.0,1.6666666666666667,0.0,0.0,1.5,0.0,49,2,True,5,False,0,Typical mix
8.9,7.85,1.4833333333333334,0.0,0.55,0.0,0.0,46,2,False,8,False,2,Work-focused
8.75,11.833333333333334,0.0833333333333333,0.0,0.0,1.5,0.0,26,1,False,8,False,2,Work-focused
9.0,0.0,2.5,0.0,3.0,3.0,0.0,58,2,False,9,False,1,Social
10.75,0.0,0.25,0.0,0.0,2.25,0.0,80,2,True,6,False,0,Typical mix
10.333333333333334,0.0,0.1666666666666666,0.0,1.0,2.0,0.0,23,2,False,7,False,0,Typical mix
9.833333333333334,0.0,1.75,0.0,0.0,4.0,0.0,50,1,True,7,False,0,Typical mix
6.0,5.183333333333334,1.1666666666666667,0.0,1.5,0.0,0.0,59,2,True,8,False,2,Work-focused
10.0,0.0,1.3333333333333333,0.0,0.0,0.0,0.0,43,1,True,10,False,0,Typical mix
10.0,0.0,1.25,0.0,2.0,0.0,0.0,32,2,False,7,False,0,Typical mix
8.166666666666666,0.0,2.25,0.0,4.4,0.0,0.0,28,1,True,7,False,1,Social
7.75,0.0,0.5,0.0,2.0,0.0,0.0,56,2,False,10,False,1,Social
9.383333333333333,0.0,1.5,0.0,2.5,0.0,0.0,33,2,True,5,False,1,Social
11.333333333333334,0.0,3.0,0.0,0.0,2.0,0.0,36,2,False,7,False,0,Typical mix
8.666666666666666,0.0,2.3333333333333335,0.0,1.9166666666666667,3.25,0.0,80,2,True,8,False,0,Typical mix
7.75,0.0,1.0,0.0,2.0,5.75,0.0,58,2,False,8,False,0,Typical mix
9.0,0.0,1.0,0.75,0.0,0.0,0.25,31,2,False,8,False,0,Typical mix
9.5,0.0,0.0,2.0,2.5,1.0,0.0,25,1,True,4,False,1,Social
9.25,0.3333333333333333,0.6666666666666666,0.0,0.0,3.25,0.0,42,1,False,7,False,0,Typical mix
7.166666666666667,4.666666666666667,0.3333333333333333,0.0,1.1666666666666667,2.5,0.25,34,2,False,4,False,2,Work-focused
9.5,0.0,0.1666666666666666,0.0,0.0,0.9166666666666666,0.0,65,2,True,10,False,0,Typical mix
9.0,0.0,1.6666666666666667,0.0,0.0,0.9166666666666666,0.0,43,2,True,9,False,0,Typical mix
9.75,0.0,1.0,0.0,0.0,2.75,0.0,43,1,True,8,False,0,Typical mix
9.416666666666666,8.616666666666667,0.3,0.0,2.75,1.0,0.0,49,2,False,10,False,2,Work-focused
8.0,8.75,1.5,0.5,0.0,2.4,0.0,54,1,False,8,False,2,Work-focused
6.5,6.833333333333333,2.3333333333333335,0.0,1.0,0.0,0.0,23,2,False,5,False,2,Work-focused
8.0,9.5,0.5,0.0,1.5,0.0,0.0,43,1,False,8,False,2,Work-focused
10.416666666666666,9.5,0.75,0.0,0.0,0.0,0.0,50,1,False,4,False,2,Work-focused
7.216666666666667,0.0,1.1666666666666667,0.0,1.3333333333333333,3.4166666666666665,0.0,64,1,True,10,False,0,Typical mix
5.0,8.416666666666666,1.0,0.0,1.3333333333333333,3.6666666666666665,0.0,64,1,True,7,False,2,Work-focused
8.983333333333333,0.0,0.0,0.0,3.0,0.0,2.6666666666666665,33,2,False,7,False,4,Computer-leisure
10.0,0.0,1.0,5.533333333333333,0.0,1.0,0.0,67,1,False,8,False,3,Active
3.5,5.8,0.0,0.0,0.0,2.75,0.0,58,1,False,3,False,2,Work-focused
7.0,0.0,1.5,0.0,0.0,3.0,0.0,70,1,True,8,False,0,Typical mix
5.25,0.0,1.0,1.5,0.0,4.5,2.0,66,2,False,9,False,0,Typical mix
10.0,2.0,2.6666666666666665,0.0,0.0,3.1666666666666665,0.0,43,1,True,6,False,0,Typical mix
9.45,0.0,0.1666666666666666,0.0,0.0,3.9166666666666665,0.0,54,2,True,7,False,0,Typical mix
9.25,9.166666666666666,1.0,0.0,0.0,1.25,0.5,68,1,False,10,False,2,Work-focused
10.25,0.0,2.0833333333333335,0.75,0.0,2.5833333333333335,0.0,77,2,True,10,False,0,Typical mix
11.333333333333334,0.0,0.6666666666666666,0.0,0.0,5.916666666666667,0.0,85,2,True,7,False,0,Typical mix
15.0,0.0,0.8333333333333334,0.0,0.0,7.166666666666667,0.0,58,1,False,10,False,0,Typical mix
8.0,0.0,2.75,0.0,0.0,2.0,0.0,53,2,True,5,False,0,Typical mix
7.0,0.0,1.0,2.0,2.4833333333333334,0.0,0.0,33,1,True,8,False,1,Social
9.5,0.0,1.3333333333333333,0.5,1.9833333333333336,1.8333333333333333,2.5,73,2,False,5,False,4,Computer-leisure
10.0,0.0,0.8333333333333334,0.0,0.0,0.0,0.8666666666666667,28,2,True,7,False,0,Typical mix
10.5,0.0,0.0333333333333333,0.0,0.0,0.0,0.0,44,2,False,0,False,0,Typical mix
10.0,3.0,0.1666666666666666,1.25,0.0,1.75,0.0,40,1,True,7,False,0,Typical mix
14.483333333333333,0.0,0.35,0.0,0.0,1.5,0.0,64,1,False,0,False,0,Typical mix
9.5,8.0,0.9166666666666666,0.0,0.0,1.0,0.0,47,1,False,6,False,2,Work-focused
9.0,0.0,2.25,0.0,0.75,1.0,0.0,49,2,False,7,False,0,Typical mix
6.116666666666666,0.0,0.3333333333333333,0.6666666666666666,1.5833333333333333,1.75,0.1666666666666666,40,2,False,8,False,0,Typical mix
5.5,0.0,2.5,0.0,0.0,7.2,0.0,62,2,True,5,False,0,Typical mix
6.666666666666667,0.0,0.8333333333333334,0.0,0.0,0.0,0.0,44,1,True,10,False,0,Typical mix
9.25,0.0,0.3333333333333333,0.0,0.0,2.8333333333333335,0.0,54,2,True,5,False,0,Typical mix
9.5,6.383333333333334,1.0,0.0,1.0,2.0,0.0,15,1,False,8,False,2,Work-focused
11.0,0.0,1.5,0.0,0.0,8.5,0.0,74,2,True,1,False,0,Typical mix
10.416666666666666,0.0,0.0,3.5,0.0,3.0,0.0,22,1,False,7,False,3,Active
8.5,0.0,0.3333333333333333,0.0,0.0,9.05,0.0,85,2,True,5,False,0,Typical mix
10.5,0.0,1.5,0.0,0.0,8.5,0.0,74,1,True,3,False,0,Typical mix
9.5,0.0,1.5833333333333333,0.0,0.0,4.55,0.0,56,2,True,6,False,0,Typical mix
10.0,0.0,1.6666666666666667,0.0,1.8333333333333333,2.5,0.0,85,2,False,7,False,0,Typical mix
6.583333333333333,8.516666666666667,1.7166666666666666,1.5,0.0,1.1666666666666667,0.0,25,2,False,7,False,2,Work-focused
9.0,8.166666666666666,1.0,0.0,2.0,0.0,0.0,48,1,False,7,False,2,Work-focused
8.25,0.0,1.0833333333333333,0.0,0.0,0.0,0.0,46,1,True,7,False,0,Typical mix
8.75,0.0,1.6666666666666667,0.0,0.0,9.916666666666666,0.0,85,1,True,8,False,0,Typical mix
8.833333333333334,1.0,1.0,0.0,0.0,2.0,1.0,51,2,True,7,False,0,Typical mix
9.25,7.0,1.75,0.0,0.0,0.0,0.0,51,1,False,3,False,2,Work-focused
8.333333333333334,3.5,1.1666666666666667,0.0,0.0,0.0,0.0,15,2,False,8,False,2,Work-focused
10.75,0.0,1.75,1.0,0.0,2.0,0.0,59,1,True,6,False,0,Typical mix
11.0,0.0,0.5,0.0,4.0,5.083333333333333,0.0,60,1,False,10,False,1,Social
6.683333333333334,0.0,1.0833333333333333,0.0,0.5,0.75,0.0,36,2,True,6,False,0,Typical mix
12.0,0.0,0.3333333333333333,1.5,1.0,2.8666666666666667,0.0,53,2,True,7,False,0,Typical mix
9.0,0.0,0.5833333333333334,0.0,0.1666666666666666,1.4166666666666667,0.0,35,2,True,7,False,0,Typical mix
8.166666666666666,0.0,1.0833333333333333,0.0,0.0,4.0,0.0,43,1,True,7,False,0,Typical mix
10.5,7.383333333333334,0.5833333333333334,0.0,0.55,0.0,1.0,16,2,True,8,False,2,Work-focused
7.333333333333333,0.0,0.75,0.0,1.5,6.783333333333333,0.0,61,2,True,10,False,0,Typical mix
8.5,0.0,3.0,0.75,0.5,0.8333333333333334,0.0,64,2,True,7,False,0,Typical mix
16.0,0.0,0.3333333333333333,0.0,0.0,7.0,0.0,47,2,False,5,False,0,Typical mix
6.75,7.833333333333333,1.5,0.0,0.9166666666666666,1.0,0.0,32,1,False,10,False,2,Work-focused
8.0,0.0,0.5,0.0,3.0,1.8,0.0,78,2,True,5,False,1,Social
11.666666666666666,0.0,0.75,0.0,0.0,6.666666666666667,0.0,58,2,True,10,False,0,Typical mix
6.75,0.0,0.5166666666666667,0.0,5.0,0.25,0.0,74,2,True,8,False,1,Social
8.0,11.0,1.0,0.0,0.0,0.0,0.0,59,1,False,5,False,2,Work-focused
8.833333333333334,0.0,4.416666666666667,0.0,0.0,1.5,0.0,53,2,False,8,False,0,Typical mix
7.0,0.0,3.95,0.0,0.0,1.1666666666666667,0.0,39,1,False,9,False,0,Typical mix
12.65,0.0,1.0,0.0,1.0166666666666666,6.7,0.5,35,1,True,3,False,0,Typical mix
11.666666666666666,0.0,1.5,0.0,1.5,1.5,0.0,16,2,True,7,False,0,Typical mix
8.583333333333334,0.0,2.0,0.0,0.0,3.5,0.0,45,2,False,10,False,0,Typical mix
9.0,8.5,1.0,0.0,0.0,2.0,0.0,26,2,True,7,False,2,Work-focused
8.65,6.5,0.3333333333333333,0.0,0.0,1.0,0.0,44,2,False,7,False,2,Work-focused
9.666666666666666,0.0,0.6666666666666666,0.0,0.0,6.833333333333333,0.0,50,2,False,5,False,0,Typical mix
8.25,7.25,1.4166666666666667,0.0,0.0,0.0,0.0,27,1,False,10,False,2,Work-focused
12.416666666666666,0.0,1.0,0.0,0.0,9.5,0.0,75,2,False,8,False,0,Typical mix
6.5,0.0,0.5,0.0,0.0,7.966666666666667,0.0,35,2,False,8,False,0,Typical mix
9.0,0.0,2.5,0.0,5.083333333333333,4.666666666666667,0.0,33,2,True,9,False,1,Social
6.5,0.0,0.0,0.0,0.0,3.75,0.0,60,1,True,7,False,0,Typical mix
9.0,0.0,0.8333333333333334,0.0,4.416666666666667,4.583333333333333,0.0,70,2,False,5,False,1,Social
8.0,0.0,0.5833333333333334,0.0,0.0,3.8333333333333335,0.0,48,2,False,2,False,0,Typical mix
7.416666666666667,0.0,0.3333333333333333,0.0,0.0,0.0,0.0,27,2,False,10,False,0,Typical mix
10.0,0.0,1.5,0.0,0.0,0.0,0.0,57,2,False,10,False,0,Typical mix
2.0,0.0,0.5,0.0,15.166666666666666,0.0,0.0,26,1,False,10,False,1,Social
7.5,0.0,1.6666666666666667,0.0,1.0,7.5,1.0,78,1,False,7,False,0,Typical mix
14.0,0.0,2.25,0.0,2.0,2.0,0.0,19,1,False,9,False,0,Typical mix
6.5,0.0,0.0,0.0,0.0,0.0,0.0,23,2,True,8,False,0,Typical mix
11.833333333333334,0.0,0.8833333333333333,0.0,1.0,0.0,0.0,27,2,True,10,False,0,Typical mix
11.5,0.0,1.0,0.0,0.0,0.75,0.0,64,1,True,10,False,0,Typical mix
6.583333333333333,8.916666666666666,0.75,0.0,0.5,0.0,0.0,48,1,False,4,False,2,Work-focused
12.083333333333334,0.0,0.25,0.0,0.1666666666666666,2.5,0.0,17,2,True,10,False,0,Typical mix
7.75,0.6666666666666666,1.0,1.0,0.0,0.9166666666666666,1.5,45,2,True,8,False,0,Typical mix
9.25,0.0,0.4166666666666667,0.0,0.25,8.583333333333334,0.0,75,2,True,4,False,0,Typical mix
8.7,0.0,1.0,0.75,0.0,6.8,0.0,47,2,False,6,False,0,Typical mix
8.416666666666666,3.5,3.5,0.0,0.0,1.0,2.0,34,1,True,8,False,0,Typical mix
8.083333333333334,0.0,0.3333333333333333,1.0,0.0,2.0,0.0,45,2,True,5,False,0,Typical mix
7.5,8.25,1.0,0.0,0.0,3.5,0.0,36,1,False,6,False,2,Work-focused
10.666666666666666,0.0,1.1666666666666667,0.0,2.5,2.0,0.0,56,2,True,5,False,1,Social
8.916666666666666,0.0,1.1666666666666667,0.6666666666666666,0.0,1.5833333333333333,0.0,15,1,False,7,False,0,Typical mix
8.5,0.0,1.6166666666666667,0.0,0.0,3.9833333333333334,0.0,16,2,False,7,False,0,Typical mix
13.633333333333333,0.0,1.0,3.0,0.6666666666666666,0.5,0.0,21,1,False,4,False,3,Active
7.0,0.0,2.8333333333333335,4.0,4.0,0.0,0.0,34,2,True,9,False,3,Active
10.5,0.0,0.8333333333333334,0.0,2.5833333333333335,1.0,0.0,36,2,True,6,False,1,Social
9.0,0.0,3.0,9.166666666666666,0.0,1.6666666666666667,0.0,36,1,True,8,False,3,Active
6.75,0.0,0.5,0.0,5.416666666666667,4.4,0.0,70,1,True,10,False,1,Social
8.5,0.0,0.8333333333333334,0.0,2.55,7.416666666666667,0.0,68,1,True,8,False,0,Typical mix
9.5,4.016666666666667,1.0833333333333333,0.0,0.0,0.0,0.0,35,2,False,7,False,2,Work-focused
10.983333333333333,0.0,2.0,0.0,2.0,1.5,0.0,31,1,True,8,False,0,Typical mix
6.5,8.65,2.0833333333333335,1.5,0.0,1.3333333333333333,0.0,56,1,False,9,False,2,Work-focused
5.0,0.0,0.3333333333333333,0.0,3.0,3.5,0.0,57,2,True,4,False,1,Social
11.333333333333334,0.0,0.1666666666666666,4.0,0.0,2.0,0.0,16,1,False,10,False,3,Active
9.0,7.083333333333333,0.1666666666666666,0.0,2.0,1.55,0.0,15,2,False,5,False,2,Work-focused
7.0,0.0,0.3333333333333333,0.0,0.0,2.25,0.5,51,1,False,6,False,0,Typical mix
12.0,10.0,0.0,0.0,0.0,0.0,0.0,44,2,False,8,False,2,Work-focused
7.916666666666667,7.766666666666667,0.8333333333333334,1.0,0.0,1.1666666666666667,0.0,35,2,False,7,False,2,Work-focused
8.5,0.0,1.25,4.916666666666667,0.0,3.5,0.0,25,2,True,7,False,3,Active
7.333333333333333,0.0,1.7166666666666666,0.0,0.5,1.8833333333333333,0.0,41,2,False,8,False,0,Typical mix
7.916666666666667,8.416666666666666,0.9,1.5,0.0,1.0,0.0,30,2,False,8,False,2,Work-focused
6.583333333333333,7.0,4.75,0.0,0.0,0.0,0.0,28,1,False,6,False,2,Work-focused
7.5,12.0,1.6666666666666667,0.0,0.0,0.0,0.0,30,1,False,7,False,2,Work-focused
6.75,9.75,1.4166666666666667,0.0,0.05,0.0,0.0,44,1,False,9,False,2,Work-focused
7.0,0.0,2.5,0.0,2.0,0.0,0.0,49,1,True,8,False,1,Social
7.333333333333333,8.666666666666666,0.4166666666666667,0.0,0.0,3.0,0.0,30,1,False,7,False,2,Work-focused
6.916666666666667,0.0,0.8333333333333334,0.0,1.0833333333333333,1.8333333333333333,0.25,43,2,False,8,False,0,Typical mix
9.5,0.0,3.0,2.1666666666666665,0.0,0.5,0.0,48,1,True,8,False,0,Typical mix
5.75,8.0,1.0,0.0,0.0,2.25,0.0,30,1,True,8,False,2,Work-focused
8.0,0.0,0.8333333333333334,0.0,0.0,10.0,1.5,36,2,True,9,False,0,Typical mix
6.75,0.0,2.0,0.0,3.0,0.0,0.0,43,1,True,8,False,1,Social
9.5,0.0,1.5,0.0,4.433333333333334,1.75,1.0,58,1,False,7,False,1,Social
9.583333333333334,0.0,0.5,0.0,5.5,2.1666666666666665,0.0,45,1,True,10,False,1,Social
5.916666666666667,0.0,1.4166666666666667,0.0,0.0,4.5,0.0,56,2,False,8,False,0,Typical mix
8.25,0.5,1.25,0.0,0.0,3.75,0.0,52,1,True,6,False,0,Typical mix
9.0,0.0,1.1666666666666667,0.0,0.0,10.466666666666669,0.0,62,1,True,5,False,0,Typical mix
9.0,1.6666666666666667,1.0,0.0,0.0,6.5,0.0,46,1,True,6,False,0,Typical mix
7.5,7.833333333333333,1.25,0.0,1.0,1.4166666666666667,2.8333333333333335,47,1,False,2,False,4,Computer-leisure
5.5,11.666666666666666,1.5,1.0,0.8333333333333334,0.5,0.0,56,2,False,7,False,2,Work-focused
4.5,0.0,3.0,0.0,1.0,0.0,2.5,32,2,True,8,False,4,Computer-leisure
11.75,8.5,1.0,0.0,0.0,0.2666666666666666,0.0,42,2,True,9,False,2,Work-focused
9.0,10.5,1.5,0.0,0.5,0.0,0.0,50,2,True,8,False,2,Work-focused
4.666666666666667,2.9833333333333334,1.0,5.4,0.1,3.0,0.0,34,2,True,9,False,3,Active
9.0,0.0,2.0,1.0,0.5,0.0,1.5,34,1,True,9,False,0,Typical mix
8.5,0.0,3.0,0.6666666666666666,0.0,4.0,1.0,31,1,True,6,False,0,Typical mix
7.166666666666667,0.0,1.1666666666666667,0.0,0.0,1.5,0.0,32,2,True,5,False,0,Typical mix
10.0,0.0,0.5833333333333334,0.0,0.5,2.3333333333333335,0.0,65,2,True,5,False,0,Typical mix
8.833333333333334,0.0,1.0,0.0,0.0,6.5,0.0,68,2,True,8,False,0,Typical mix
5.75,0.0,2.6333333333333333,0.0,0.0,0.0,0.0,32,2,False,8,False,0,Typical mix
8.5,2.0,0.9166666666666666,5.916666666666667,0.0,5.583333333333333,0.0,78,1,True,7,False,3,Active
8.5,4.666666666666667,1.75,0.0,0.0,0.5,0.0,46,2,False,9,False,2,Work-focused
7.75,0.0,0.6666666666666666,0.0,1.4,4.0,0.0,35,1,False,4,False,0,Typical mix
6.083333333333333,0.0,1.5,0.0,1.75,5.633333333333334,0.0,85,1,True,7,False,0,Typical mix
7.0,0.0,0.0,2.0,0.1666666666666666,3.6666666666666665,0.0,55,1,False,3,False,0,Typical mix
7.75,0.0,1.5,3.25,0.0,2.0,0.0,15,1,True,7,False,3,Active
10.0,0.0,2.05,0.0,0.0,1.25,0.0,42,1,False,6,False,0,Typical mix
8.866666666666667,0.0,0.4666666666666667,6.0,0.0,2.25,0.0,54,1,True,7,False,3,Active
7.7,14.55,0.4166666666666667,0.6666666666666666,0.0,0.0,0.0,43,1,False,8,False,2,Work-focused
8.5,0.0,2.0,0.0,5.083333333333333,2.25,0.0,29,1,False,7,False,1,Social
9.0,0.0,0.6666666666666666,0.0,0.0,1.3333333333333333,0.0,79,1,True,7,False,0,Typical mix
11.0,0.0,0.1666666666666666,0.0,0.0,0.5,3.0,17,2,True,8,False,4,Computer-leisure
10.5,0.0,1.1666666666666667,0.0,0.0,0.0,0.0,35,1,True,8,False,0,Typical mix
9.0,0.0,0.8333333333333334,0.0,0.5,3.4166666666666665,0.0,42,1,True,6,False,0,Typical mix
10.8,2.0,0.4166666666666667,0.0,3.9166666666666665,2.0,0.0,32,2,False,8,False,1,Social
11.0,0.0,2.1666666666666665,0.0,0.0,0.0,0.0,57,2,True,5,False,0,Typical mix
9.45,0.0,0.5,0.0,0.0,0.0,0.0,62,2,False,6,False,0,Typical mix
11.233333333333333,0.6666666666666666,1.0,0.0,1.0,1.3333333333333333,0.0,44,2,False,2,False,0,Typical mix
8.0,0.0,1.0,0.0,1.0,3.3333333333333335,0.0,59,2,True,8,False,0,Typical mix
7.0,5.166666666666667,2.0833333333333335,0.0,0.0,0.0,0.0,62,1,False,8,False,2,Work-focused
10.333333333333334,0.0,0.25,0.5,8.416666666666666,2.0,0.0,23,2,True,3,False,1,Social
7.25,0.0,0.8333333333333334,1.0,2.1666666666666665,7.5,0.0,73,2,False,9,False,0,Typical mix
11.0,0.0,0.8333333333333334,0.3333333333333333,0.0,1.0,0.0,17,1,True,7,False,0,Typical mix
9.0,0.0,0.75,0.0,0.0,11.2,0.0,66,2,False,10,False,0,Typical mix
10.5,0.0,0.5,0.0,4.0,2.25,0.0,35,2,True,6,False,1,Social
6.933333333333334,0.0,0.25,0.0,0.0,0.0,0.0,33,2,True,9,False,0,Typical mix
10.0,0.0,0.5833333333333334,0.0,0.0,3.5833333333333335,0.0,35,2,False,8,False,0,Typical mix
4.416666666666667,7.75,0.8333333333333334,0.0,0.0,8.666666666666666,0.0,56,2,False,7,False,2,Work-focused
10.666666666666666,0.0,1.5833333333333333,0.0,0.5,4.883333333333334,0.0,66,2,False,9,False,0,Typical mix
11.166666666666666,3.1666666666666665,0.75,0.5,1.75,2.3333333333333335,0.0,16,1,True,6,False,0,Typical mix
9.0,0.0,1.5,0.0,0.0,10.5,0.0,71,1,True,10,False,0,Typical mix
7.25,0.0,0.3333333333333333,0.0,0.0,5.583333333333333,0.0,68,2,True,10,False,0,Typical mix
9.4,0.0,1.0,0.0,0.0,4.0,0.0,77,2,False,8,False,0,Typical mix
9.333333333333334,0.0,0.3333333333333333,0.0,1.8333333333333333,0.6666666666666666,0.0,68,2,True,6,False,0,Typical mix
7.5,0.0,3.0,0.0,1.0,1.5,0.0,77,1,True,5,False,0,Typical mix
8.0,0.0,0.5,0.0,0.0,4.733333333333333,0.0,55,1,True,2,False,0,Typical mix
9.0,0.0,0.0,0.0,0.0,0.0,14.75,28,2,True,6,False,4,Computer-leisure
7.0,8.0,2.0,0.0,1.9166666666666667,0.5,0.0,22,1,False,8,False,2,Work-focused
9.2,0.0,1.9166666666666667,4.7,2.783333333333333,0.4166666666666667,0.0,63,1,True,8,False,3,Active
6.0,0.25,1.9166666666666667,0.0,1.4666666666666666,2.0,0.0,32,1,False,6,False,0,Typical mix
8.5,0.0,1.25,0.0,0.0,7.25,0.0,85,1,True,8,False,0,Typical mix
7.75,0.0,2.75,3.0,0.0,4.5,2.0,62,1,True,7,False,3,Active
7.083333333333333,8.666666666666666,1.0333333333333334,0.0,0.0,1.0,0.0,35,1,False,7,False,2,Work-focused
14.366666666666667,0.0,0.3333333333333333,0.0,0.0,0.3333333333333333,0.0,28,1,True,9,False,0,Typical mix
8.75,4.583333333333333,2.0166666666666666,0.0,0.0,1.0666666666666669,0.0,37,2,False,8,False,2,Work-focused
8.0,0.0,1.0,0.0,4.666666666666667,0.75,0.0,32,2,True,9,False,1,Social
7.5,5.75,1.0,0.75,0.0,3.3333333333333335,0.0,49,1,False,9,False,2,Work-focused
8.916666666666666,0.0,0.3333333333333333,0.0,0.0,1.0,0.0,26,2,True,3,False,0,Typical mix
10.0,6.666666666666667,0.75,0.0,0.0,3.5,0.0,18,1,False,8,False,2,Work-focused
7.5,0.0,1.0833333333333333,0.0,0.3333333333333333,2.0,0.0,41,2,True,7,False,0,Typical mix
9.5,0.0,1.0,0.0,1.6666666666666667,2.0833333333333335,0.0,76,1,True,7,False,0,Typical mix
9.833333333333334,0.0,0.75,0.0,0.0,7.75,0.0,48,1,True,8,False,0,Typical mix
7.95,0.0,1.1666666666666667,0.0,3.5,3.0,0.75,57,2,False,7,False,1,Social
7.216666666666667,0.0,1.0,0.0,0.0,9.0,0.0,62,2,False,10,False,0,Typical mix
6.5,1.0,0.75,0.0,0.0,8.35,0.0,19,2,True,4,False,0,Typical mix
10.666666666666666,5.75,1.0,0.5,0.0,1.0,0.0,23,1,False,7,False,2,Work-focused
3.6666666666666665,12.916666666666666,2.4166666666666665,0.0,0.0,0.0,0.0,37,2,True,4,False,2,Work-focused
8.5,2.0,0.1666666666666666,0.0,0.0,0.0,0.0,18,2,False,7,False,0,Typical mix
10.0,0.0,0.5,0.0,2.1666666666666665,0.0,2.0,27,1,False,8,False,1,Social
7.0,3.3833333333333333,1.45,0.75,2.25,0.0,0.0,60,2,True,9,False,1,Social
11.0,0.0,1.3333333333333333,0.0,0.0,11.666666666666666,0.0,85,2,True,5,False,0,Typical mix
8.75,9.0,1.25,0.3333333333333333,0.0,1.7166666666666666,0.0,39,2,False,7,False,2,Work-focused
12.0,0.0,1.3333333333333333,0.0,0.0,6.166666666666667,0.0,43,2,True,5,False,0,Typical mix
10.25,1.5,2.0,0.0,4.083333333333333,0.25,0.0,69,1,True,10,False,1,Social
13.0,0.0,0.1666666666666666,0.0,0.5,4.083333333333333,0.0,21,2,True,5,False,0,Typical mix
7.416666666666667,0.0,0.6666666666666666,1.3,0.75,0.6666666666666666,0.5,46,2,False,5,False,0,Typical mix
8.666666666666666,0.0,1.0,0.0,0.0,2.0,0.0,19,2,True,8,False,0,Typical mix
5.916666666666667,9.416666666666666,0.1666666666666666,0.0,0.0,3.1666666666666665,0.0,60,2,False,9,False,2,Work-focused
8.5,0.0,2.0,0.0,5.583333333333333,0.0,0.0,62,2,True,8,False,1,Social
7.5,7.883333333333334,0.75,0.0,0.0,4.666666666666667,0.0,56,1,True,5,False,2,Work-focused
6.0,0.0,1.8333333333333333,0.0,1.0,3.5,0.5,34,2,True,7,False,0,Typical mix
8.833333333333334,0.0,0.4166666666666667,0.0,0.0,1.9166666666666667,0.0,30,2,True,9,False,0,Typical mix
5.666666666666667,7.75,1.0,0.0,1.25,2.75,0.0,62,2,False,8,False,2,Work-focused
8.583333333333334,7.833333333333333,0.5,0.0,0.5,2.3333333333333335,0.0,32,1,False,5,False,2,Work-focused
6.5,0.0,0.3,0.0,1.0,7.833333333333333,0.0,57,1,True,7,False,0,Typical mix
8.5,0.0,0.5,0.0,0.0,4.75,0.0,69,2,True,8,False,0,Typical mix
14.0,0.0,3.0,0.0,0.0,1.5,0.0,66,1,True,9,False,0,Typical mix
11.0,0.0,3.0,0.0,0.5,1.0,0.0,76,1,True,5,False,0,Typical mix
7.416666666666667,7.666666666666667,1.5,1.25,2.0833333333333335,1.0,0.0,25,1,False,8,False,2,Work-focused
9.0,7.0,0.3333333333333333,0.0,0.0,4.416666666666667,0.0,47,1,False,7,False,2,Work-focused
10.333333333333334,4.0,0.3333333333333333,0.0,0.0,2.0,0.0,27,2,False,5,False,0,Typical mix
8.85,0.0,1.4166666666666667,0.3333333333333333,0.0,0.0,0.0,43,2,True,7,False,0,Typical mix
10.5,0.0,0.5,0.0,3.25,0.0,0.0,32,1,False,7,False,1,Social
10.0,0.0,2.5,0.0,0.0,0.0,0.0,29,2,True,10,False,0,Typical mix
6.5,9.5,1.25,0.0,0.0,1.0,0.0,31,1,False,7,False,2,Work-focused
10.583333333333334,0.0,1.5,1.0,0.0,2.5,0.0,85,1,False,5,False,0,Typical mix
8.25,0.0,1.0833333333333333,0.0,1.4166666666666667,1.3666666666666667,0.0,46,2,False,7,False,0,Typical mix
12.5,0.0,1.0,0.0,0.0,6.25,0.0,25,2,False,5,False,0,Typical mix
8.0,0.0,1.4166666666666667,1.3333333333333333,2.1666666666666665,0.0,0.0,48,1,False,2,False,1,Social
8.116666666666667,9.416666666666666,0.3333333333333333,0.0,0.25,0.0,0.55,46,2,False,6,False,2,Work-focused
7.016666666666667,14.416666666666666,0.3333333333333333,0.0,0.0,0.25,0.0,41,1,False,7,False,2,Work-focused
8.666666666666666,11.416666666666666,0.75,0.0,0.0,0.0,0.0,51,2,False,10,False,2,Work-focused
10.416666666666666,0.0,1.6666666666666667,0.0,0.0,4.133333333333334,1.25,29,2,True,5,False,0,Typical mix
13.0,0.0,0.5,3.0,0.0,0.0,0.0,57,1,True,8,False,3,Active
8.5,0.0,1.0833333333333333,0.0,0.0,0.0,0.0,73,2,False,8,False,0,Typical mix
10.133333333333333,0.0,2.0833333333333335,2.0,2.5,0.3333333333333333,0.0,36,2,True,8,False,1,Social
9.0,0.0,4.0,0.0,6.75,0.0,0.0,51,2,True,8,False,1,Social
6.5,0.0,1.5,0.0,0.0,3.0,1.5,48,1,True,8,False,0,Typical mix
8.25,0.0,0.8333333333333334,0.0,5.0,0.25,0.0,42,1,True,5,False,1,Social
9.0,0.0,2.75,0.5,1.0,0.75,0.0,75,2,False,8,False,0,Typical mix
8.5,11.916666666666666,0.3333333333333333,0.0,0.0,0.0,0.0,35,1,True,5,False,2,Work-focused
10.0,7.5,0.5,0.0,0.0,1.4166666666666667,0.0,20,1,False,8,False,2,Work-focused
6.0,0.0,0.4166666666666667,2.0,0.0,5.483333333333333,0.0,59,1,True,8,False,0,Typical mix
7.916666666666667,8.25,1.1666666666666667,0.0,0.0,3.0,0.0,51,1,False,8,False,2,Work-focused
6.35,0.0,3.15,0.0,0.75,4.833333333333333,0.5,69,1,False,5,False,0,Typical mix
7.75,8.183333333333334,0.6666666666666666,0.0,0.0,0.0,0.5,57,2,False,3,False,2,Work-focused
10.0,0.0,2.5,0.0,0.0,1.0,0.0,55,1,False,8,False,0,Typical mix
8.75,0.0,2.25,0.0,2.0,0.0,3.0,58,1,True,4,False,4,Computer-leisure
7.5,2.0,0.5,0.0,0.0,0.0,0.0,34,2,True,7,False,2,Work-focused
9.0,6.25,0.75,0.0,0.0,2.0,2.0,28,1,False,6,False,2,Work-focused
8.583333333333334,0.0,0.25,0.0,1.5,1.0,0.0,68,1,True,10,False,0,Typical mix
10.5,1.5,0.6666666666666666,2.0,0.0,2.5833333333333335,0.0,62,2,True,8,False,0,Typical mix
9.75,9.666666666666666,1.5,0.8333333333333334,0.0,0.25,0.0,50,1,False,8,False,2,Work-focused
9.333333333333334,0.0,2.25,0.0,1.3833333333333333,0.6666666666666666,0.0,30,2,False,7,False,0,Typical mix
10.0,0.0,1.25,0.0,0.0,8.416666666666666,0.0,67,2,False,9,False,0,Typical mix
8.5,12.5,0.5,0.0,0.0,0.6666666666666666,0.0,28,1,False,8,False,2,Work-focused
8.0,9.666666666666666,0.5,0.0,0.0,3.1666666666666665,0.0,28,1,True,6,False,2,Work-focused
7.833333333333333,0.0,4.083333333333333,0.1666666666666666,0.0,4.233333333333333,0.0,37,1,True,8,False,0,Typical mix
10.5,0.0,1.0,1.0,0.0,0.0,1.5,22,2,True,5,False,0,Typical mix
6.25,2.5,1.0833333333333333,0.0,1.65,1.0,0.0,31,2,False,9,False,2,Work-focused
6.5,8.0,0.6666666666666666,0.0,0.0,0.0,0.0,29,1,False,10,False,2,Work-focused
7.5,0.0,1.9166666666666667,0.0,3.75,1.5,0.0,68,2,True,9,False,1,Social
11.0,0.0,0.5,0.0,0.0,6.0,0.0,69,2,False,5,False,0,Typical mix
6.716666666666667,8.666666666666666,1.3333333333333333,0.0,1.5,0.0,0.0,51,1,False,10,False,2,Work-focused
10.833333333333334,0.0,0.6666666666666666,0.0,1.0,7.166666666666667,0.0,48,2,True,6,False,0,Typical mix
15.5,0.0,1.0,0.0,0.0,3.0,0.0,17,2,False,8,False,0,Typical mix
7.75,0.0,0.5833333333333334,0.0,2.1666666666666665,5.0,0.75,24,2,True,6,False,0,Typical mix
9.166666666666666,9.666666666666666,1.5833333333333333,0.0,0.0,1.25,0.0,55,1,False,8,False,2,Work-focused
5.166666666666667,7.25,0.25,0.0,0.0,0.0,0.0,37,2,False,5,False,2,Work-focused
4.5,4.833333333333333,0.75,0.0,0.0,8.7,0.0,52,2,False,6,False,2,Work-focused
5.5,6.333333333333333,2.0,0.0,0.0,8.0,0.0,68,1,True,8,False,2,Work-focused
0.0,2.0,0.0,0.0,0.0,0.0,0.0,32,1,True,9,False,2,Work-focused
9.916666666666666,0.0,0.25,0.0,2.0,2.0,0.0,42,2,True,5,False,0,Typical mix
0.5,22.5,0.3333333333333333,0.0,0.0,0.0,0.0,47,1,True,8,False,2,Work-focused
6.5,12.25,1.0,0.0,0.0,2.25,0.0,28,2,True,8,False,2,Work-focused
7.5,7.75,0.6666666666666666,0.0,1.25,2.3333333333333335,0.0,31,2,False,8,False,2,Work-focused
15.333333333333334,0.0,0.75,0.0,3.05,1.0,0.0,44,1,False,5,False,1,Social
8.5,0.0,1.75,0.0,0.0,3.5,1.0,23,1,False,7,False,0,Typical mix
8.0,7.333333333333333,1.0,0.0,0.0,6.433333333333334,0.0,55,1,False,2,False,2,Work-focused
7.833333333333333,3.0,0.6666666666666666,0.0,0.0,1.6666666666666667,0.6666666666666666,73,1,False,5,False,0,Typical mix
7.466666666666667,8.133333333333333,1.5,0.0,0.0,2.5,0.0,36,1,False,5,False,2,Work-focused
8.5,7.8,1.0,0.0,0.0,0.0,0.0,37,2,False,7,False,2,Work-focused
10.0,0.0,0.5,0.0,0.0,0.0,0.0,60,2,True,9,False,0,Typical mix
5.083333333333333,0.0,1.0,0.0,3.2333333333333334,2.5,0.0,64,2,False,5,False,1,Social
3.5,0.0,1.0,1.5,8.0,1.0,0.0,23,2,False,7,False,1,Social
14.0,0.0,1.25,0.0,0.0,6.833333333333333,0.0,49,2,False,5,False,0,Typical mix
17.5,0.0,0.0,0.0,0.0,6.333333333333333,0.0,62,1,False,7,False,0,Typical mix
6.25,9.483333333333333,0.25,0.0,0.0,1.4166666666666667,0.75,48,2,False,9,False,2,Work-focused
10.833333333333334,0.0,2.75,0.0,0.0,3.1666666666666665,0.0,41,2,True,9,False,0,Typical mix
8.816666666666666,0.0,0.5,2.0,0.0,4.416666666666667,0.0,51,1,True,7,False,0,Typical mix
7.25,0.0,0.75,2.9166666666666665,0.3333333333333333,1.0,1.0,62,2,False,5,False,3,Active
11.833333333333334,0.0,0.5,2.0,0.0,1.0,0.0,42,1,True,8,False,0,Typical mix
7.5,0.0,2.0,0.0,0.0,1.0,0.25,24,2,True,8,False,0,Typical mix
16.333333333333332,0.0,1.0,0.0,0.0,4.0,0.0,78,1,True,10,False,0,Typical mix
12.0,0.0,1.1666666666666667,0.5,0.0,4.75,0.0,57,1,False,7,False,0,Typical mix
7.5,0.0,0.9166666666666666,0.0,8.0,0.0,0.0,21,2,True,8,False,1,Social
10.666666666666666,0.0,2.3333333333333335,0.0,0.25,3.0,0.0,74,2,False,8,False,0,Typical mix
8.0,0.0,1.0,2.5,7.5,2.0,0.0,41,1,False,6,False,1,Social
8.5,0.0,1.0,1.0,0.0,2.0,1.0,54,1,True,8,False,0,Typical mix
10.016666666666667,0.0,0.1666666666666666,0.0,3.0833333333333335,1.5833333333333333,0.0,35,2,False,8,False,1,Social
10.0,4.083333333333333,1.5833333333333333,0.0,1.5,1.0,0.0,51,1,True,9,False,0,Typical mix
11.833333333333334,0.0,1.5,1.0,0.0,0.0,0.0,58,1,False,7,False,0,Typical mix
7.333333333333333,8.583333333333334,0.3333333333333333,0.0,0.0,3.0,0.0,43,1,True,8,False,2,Work-focused
9.0,0.0,1.8333333333333333,1.5,0.0,0.0,0.0,41,2,False,9,False,0,Typical mix
10.5,0.0,1.0,3.0,1.5,0.0,0.0,26,1,True,7,False,3,Active
9.583333333333334,0.0,1.0833333333333333,0.5,2.0,0.0,0.25,23,2,False,5,False,0,Typical mix
9.916666666666666,0.0,1.75,0.0,0.0,2.0,0.0,80,2,False,5,False,0,Typical mix
8.0,0.0,1.5833333333333333,1.0,1.5,0.0,1.0,80,2,False,8,False,0,Typical mix
5.5,8.033333333333333,0.5833333333333334,0.25,0.0,3.0,1.0,38,1,False,7,False,2,Work-focused
9.0,0.0,1.75,0.0,0.0,12.25,0.0,52,2,False,8,False,0,Typical mix
10.416666666666666,0.0,0.6166666666666667,0.0,0.75,5.533333333333333,0.0,33,2,True,4,False,0,Typical mix
8.75,0.0,1.25,0.0,0.0,4.216666666666667,0.0,38,1,True,10,False,0,Typical mix
8.0,0.0,2.0,0.0,0.0,1.6666666666666667,0.0,72,2,True,8,False,0,Typical mix
7.166666666666667,6.916666666666667,1.0,0.0,0.0,1.4166666666666667,0.0,50,2,False,8,False,2,Work-focused
7.75,0.0,1.3333333333333333,1.0,1.75,0.7833333333333333,0.0,32,2,False,8,False,0,Typical mix
6.25,7.933333333333334,0.5833333333333334,0.0,1.75,2.0,0.0,41,2,False,8,False,2,Work-focused
6.9,7.566666666666666,1.25,0.8333333333333334,0.5,0.75,0.0,53,2,False,8,False,2,Work-focused
7.916666666666667,0.0,3.0,2.0,1.0,3.0,0.0,32,1,True,10,False,0,Typical mix
10.0,0.0,1.8333333333333333,0.0,2.25,1.0,0.0,62,2,True,8,False,1,Social
10.5,0.0,0.75,0.0,0.0,8.0,0.0,18,2,True,6,False,0,Typical mix
9.0,0.0,1.0833333333333333,0.0,0.0,6.1,0.0,58,2,False,5,False,0,Typical mix
8.0,0.0,0.0,0.0,0.0,0.0,0.0,38,2,True,6,False,0,Typical mix
7.966666666666667,7.583333333333333,0.5833333333333334,0.0,1.9166666666666667,0.3333333333333333,0.0,43,2,False,8,False,2,Work-focused
10.95,0.0,1.1666666666666667,0.0,0.0,1.25,0.0,20,2,False,8,False,0,Typical mix
10.0,0.0,0.4166666666666667,8.833333333333334,1.5833333333333333,0.5,0.0,34,2,True,8,False,3,Active
4.5,0.0,0.75,0.0,1.3333333333333333,1.0,0.0,58,2,True,7,False,0,Typical mix
11.083333333333334,0.0,3.1666666666666665,0.0,0.0,4.0,0.0,57,2,True,10,False,0,Typical mix
7.0,8.0,1.0,0.0,0.2166666666666666,0.0,0.0,36,2,False,5,False,2,Work-focused
7.833333333333333,8.5,1.25,0.0,0.0,4.0,0.0,47,1,True,7,False,2,Work-focused
10.0,0.0,1.75,0.0,0.0,6.083333333333333,0.0,62,1,True,8,False,0,Typical mix
6.333333333333333,7.0,1.25,0.0,0.0,1.5,0.0,54,1,False,5,False,2,Work-focused
9.0,0.0,2.25,1.0,2.0,6.916666666666667,0.0,80,2,True,10,False,0,Typical mix
9.5,0.0,1.0,0.0,0.0,6.466666666666667,0.0,80,2,False,10,False,0,Typical mix
6.466666666666667,12.55,0.4166666666666667,1.25,0.0,1.5,0.25,48,1,False,6,False,2,Work-focused
9.5,0.0,1.5,0.0,0.5,3.0,0.0,49,1,False,7,False,0,Typical mix
12.0,0.0,1.75,0.3333333333333333,0.0,3.0,0.0,31,2,True,8,False,0,Typical mix
8.5,0.0,1.25,0.0,1.0,0.0,0.5,15,1,True,7,False,0,Typical mix
6.0,0.0,1.5833333333333333,0.0,0.8333333333333334,4.0,0.0,71,2,False,8,False,0,Typical mix
7.666666666666667,0.0,7.416666666666667,0.0,0.0,0.0,0.0,53,2,True,6,False,0,Typical mix
8.666666666666666,0.0,1.25,0.0,2.25,0.0,0.0,34,2,False,8,False,1,Social
8.0,0.0,1.0,0.0,3.3333333333333335,5.5,0.0,60,2,False,10,False,1,Social
6.0,8.666666666666666,1.5,0.0,0.0,5.666666666666667,0.0,61,1,False,8,False,2,Work-focused
10.0,7.916666666666667,0.9166666666666666,0.0,0.25,0.0,0.1666666666666666,41,1,False,8,False,2,Work-focused
6.833333333333333,8.416666666666666,1.0,1.0,0.5,0.5,0.0,44,2,False,9,False,2,Work-focused
8.75,0.0,1.25,0.0,0.0,1.0,0.0,28,2,False,6,False,0,Typical mix
10.0,0.0,1.4166666666666667,1.5,0.0,0.0,0.0,33,2,True,7,False,0,Typical mix
9.5,0.0,1.5,0.0,0.3333333333333333,3.15,0.0,50,1,True,5,False,0,Typical mix
8.5,0.0,1.0,0.0,0.0,0.0,0.0,77,1,True,10,False,0,Typical mix
7.5,7.583333333333333,1.25,0.0,0.75,0.25,0.0,57,2,False,7,False,2,Work-focused
10.0,0.0,0.5833333333333334,0.0,0.0,10.916666666666666,0.0,39,1,True,4,False,0,Typical mix
7.216666666666667,0.0,0.6666666666666666,0.0,0.0,5.333333333333333,0.0,70,1,True,8,False,0,Typical mix
9.5,0.0,2.0,0.0,0.0,1.0,5.0,16,1,False,7,False,4,Computer-leisure
11.333333333333334,0.0,0.0,0.0,1.0,0.0,0.0,28,2,True,9,False,0,Typical mix
11.0,0.0,0.5,1.0,0.0,7.0,0.0,52,1,True,9,False,0,Typical mix
8.15,0.0,1.75,3.0,0.0,0.0,0.0,27,1,True,9,False,3,Active
10.0,0.0,1.0,0.0,0.0,2.9166666666666665,0.0,73,2,True,8,False,0,Typical mix
11.75,0.0,0.5833333333333334,0.0,0.0,4.666666666666667,0.0,74,2,False,6,False,0,Typical mix
10.383333333333333,0.0,0.0,0.0,0.3333333333333333,3.0,0.0,37,1,False,6,False,0,Typical mix
8.5,0.0,0.8333333333333334,0.0,0.0,4.083333333333333,0.0,68,1,False,8,False,0,Typical mix
6.75,0.0,2.0,1.5,0.0,3.3333333333333335,0.0,77,1,True,10,False,0,Typical mix
11.5,0.0,1.0,0.0,0.0,0.0833333333333333,0.0,59,2,True,10,False,0,Typical mix
13.3,0.0,2.5,0.0,0.0,0.0,0.0,51,2,True,9,False,0,Typical mix
8.333333333333334,0.0,2.1666666666666665,0.0,0.0,4.166666666666667,0.0,56,2,False,2,False,0,Typical mix
8.816666666666666,0.0,1.5,0.0,0.0,3.0,0.0,63,2,True,5,False,0,Typical mix
9.15,0.0,0.6666666666666666,0.0,0.0,0.3333333333333333,0.0,64,2,True,9,False,0,Typical mix
8.5,8.5,1.25,0.0,0.0,3.6666666666666665,0.0,33,1,False,7,False,2,Work-focused
9.5,0.0,2.0,0.0,0.0,0.0,2.6666666666666665,85,2,False,10,False,4,Computer-leisure
10.333333333333334,7.5,1.0,0.0,0.0,0.0,0.25,32,2,False,3,False,2,Work-focused
11.0,0.0,0.6666666666666666,0.0,0.0,3.9166666666666665,0.0,61,2,False,0,False,0,Typical mix
9.5,0.0,1.0,0.0,4.083333333333333,4.25,0.0,35,1,True,5,False,1,Social
9.916666666666666,0.0,1.5,0.0,1.25,3.5,0.0,80,1,False,10,False,0,Typical mix
8.083333333333334,0.0,2.5833333333333335,7.5,0.0,0.0,0.0,33,1,True,5,False,3,Active
7.0,0.0,0.6666666666666666,0.0,7.833333333333333,1.8333333333333333,0.0,42,1,True,8,False,1,Social
9.5,0.0,2.5,0.0,7.0,2.0,0.0,65,2,True,5,False,1,Social
7.5,9.0,1.25,0.0,0.0,1.3333333333333333,0.0,42,1,False,8,False,2,Work-focused
10.0,1.5833333333333333,1.3333333333333333,0.0,0.5,2.5,0.0,52,2,True,8,False,0,Typical mix
10.0,0.0,2.05,0.0,0.5,1.5,0.0,58,2,True,7,False,0,Typical mix
5.083333333333333,0.0,0.8333333333333334,0.0,4.166666666666667,3.0,2.25,32,2,False,6,False,1,Social
9.166666666666666,4.5,0.1666666666666666,0.0,0.7,4.75,0.0,17,1,True,4,False,0,Typical mix
14.333333333333334,0.0,0.25,0.0,0.3333333333333333,3.0,0.0,17,2,True,5,False,0,Typical mix
8.833333333333334,0.0,1.3333333333333333,0.5,0.0,1.5,0.0,67,1,True,8,False,0,Typical mix
9.5,0.0,0.0,0.0,0.0,7.0,0.0,70,2,False,5,False,0,Typical mix
6.75,6.25,0.75,0.0,0.0,6.5,0.0,56,1,False,4,False,2,Work-focused
5.5,5.583333333333333,0.0,0.0,1.0,0.0,1.9166666666666667,51,1,False,6,False,2,Work-focused
7.5,0.0,2.5,0.0,0.0,1.4166666666666667,0.0,17,2,True,5,False,0,Typical mix
8.0,0.0,3.5,0.0,2.25,0.0,0.0,46,2,True,7,False,1,Social
9.0,0.0,0.5833333333333334,1.0,0.0,1.1666666666666667,0.0,20,1,True,7,False,0,Typical mix
9.5,9.25,0.6666666666666666,0.0,0.5,0.5,0.0,64,2,False,5,False,2,Work-focused
8.0,0.0,2.5,0.0,0.0,0.0,0.0,30,2,True,7,False,0,Typical mix
7.0,7.833333333333333,0.1666666666666666,0.0,0.0,7.5,0.0,39,1,True,8,False,2,Work-focused
7.166666666666667,7.833333333333333,1.0,0.0,1.0,0.0,0.0,38,1,False,8,False,2,Work-focused
8.0,0.0,2.1666666666666665,0.0,0.5,0.0,0.0,59,2,False,5,False,0,Typical mix
9.5,0.0,0.75,0.0,3.25,2.0,0.0,18,2,True,6,False,1,Social
10.0,0.0,2.5,0.0,0.0,2.3333333333333335,0.0,48,1,False,2,False,0,Typical mix
8.583333333333334,8.0,1.5833333333333333,1.3333333333333333,1.4166666666666667,0.0,0.0,34,1,False,8,False,2,Work-focused
11.916666666666666,0.0,2.8333333333333335,0.0,0.0,3.3333333333333335,0.0,85,1,True,4,False,0,Typical mix
9.083333333333334,0.0,1.5,0.0,0.8333333333333334,3.716666666666667,0.0,63,2,False,10,False,0,Typical mix
9.0,0.0,1.3333333333333333,0.0,0.0,7.25,0.0,57,2,True,8,False,0,Typical mix
11.483333333333333,5.0,0.3333333333333333,0.5,1.5,2.4166666666666665,0.0,18,2,False,8,False,0,Typical mix
9.75,0.0,1.25,0.0,0.0,1.1666666666666667,0.5,68,2,False,6,False,0,Typical mix
5.5,0.0,2.0,0.0,5.166666666666667,2.5,0.0,20,1,True,8,False,1,Social
9.833333333333334,0.0,1.25,0.0,0.0,0.0,0.0,30,2,True,8,False,0,Typical mix
10.0,0.0,1.0,0.0,0.0,0.5,0.0,66,2,True,8,False,0,Typical mix
7.916666666666667,12.033333333333331,0.5,0.0,0.0,0.0,0.0,39,1,False,6,False,2,Work-focused
8.0,0.0,0.1666666666666666,0.0,2.5,11.833333333333334,0.0,59,1,True,5,False,0,Typical mix
8.0,8.0,0.0,0.0,0.0166666666666666,0.0,0.2333333333333333,64,2,True,6,False,2,Work-focused
7.0,0.0,0.25,0.0,0.0,14.0,0.0,64,2,True,2,False,0,Typical mix
8.0,0.0,0.75,0.0,0.0,6.5,0.0,69,2,True,9,False,0,Typical mix
7.333333333333333,0.0,2.1666666666666665,0.0,0.0,2.3333333333333335,0.0,67,1,True,7,False,0,Typical mix
7.716666666666667,7.166666666666667,0.75,0.0,2.75,2.4166666666666665,0.25,42,2,False,9,False,2,Work-focused
12.25,8.916666666666666,0.1666666666666666,0.0,0.0,0.0,0.0,29,1,False,9,False,2,Work-focused
8.9,0.0,1.0,0.0,0.0,3.0,0.5,53,2,False,4,False,0,Typical mix
10.0,0.0,3.6666666666666665,0.0,0.0,2.0,0.0,72,1,True,10,False,0,Typical mix
9.75,2.0,1.0,0.5,1.6666666666666667,1.0,0.0,24,2,True,9,False,0,Typical mix
6.666666666666667,10.666666666666666,1.0,0.0,0.0,1.0,0.0,23,2,False,6,False,2,Work-focused
8.0,0.0,0.5,0.0,0.0,3.1666666666666665,0.0,36,2,False,9,False,0,Typical mix
7.983333333333333,0.0,2.25,0.0,0.0,4.016666666666667,0.0,56,1,True,3,False,0,Typical mix
5.5,8.0,1.0,0.1666666666666666,0.1666666666666666,0.0,0.0,53,2,False,5,False,2,Work-focused
8.0,0.0,0.5,0.0,0.0,2.0,0.0,30,1,True,10,False,0,Typical mix
8.25,8.0,1.25,0.0,0.25,2.4166666666666665,0.0,42,2,False,10,False,2,Work-focused
9.0,0.0,1.5,0.0,0.0,0.0,0.0,16,1,False,9,False,0,Typical mix
11.6,0.0,1.0,0.0,3.25,3.0,0.0,25,1,True,6,False,1,Social
7.666666666666667,0.0,0.5,2.0,0.0,0.0,0.0,30,2,False,5,False,0,Typical mix
9.416666666666666,0.0,3.5,0.0,0.0,4.5,0.0,85,2,True,4,False,0,Typical mix
6.5,0.0,1.7,0.0,0.75,0.0,0.0,16,1,False,8,False,0,Typical mix
6.083333333333333,10.583333333333334,1.0,0.0,0.0,2.3333333333333335,0.0,33,1,False,8,False,2,Work-focused
10.383333333333333,9.666666666666666,2.3333333333333335,0.0,0.0,1.0,0.0,30,1,False,9,False,2,Work-focused
5.5,0.0,1.8333333333333333,0.75,0.75,5.5,0.0,65,2,True,8,False,0,Typical mix
10.916666666666666,0.0,0.8333333333333334,1.0,0.0,1.0,0.0,42,1,False,5,False,0,Typical mix
6.0,0.0,0.25,0.0,12.166666666666666,0.0,0.0,53,2,True,10,False,1,Social
9.5,0.0,0.5833333333333334,0.0,0.0,0.75,0.0,47,2,True,5,False,0,Typical mix
11.0,0.0,0.5,0.0,0.0,12.083333333333334,0.0,62,1,False,7,False,0,Typical mix
7.5,0.0,0.0,0.0,0.0,3.75,0.0,72,2,True,8,False,0,Typical mix
8.35,0.0,2.8333333333333335,0.0,0.9166666666666666,0.0,0.0,85,2,True,9,False,0,Typical mix
10.0,0.0,1.3333333333333333,0.0,0.0,6.5,0.0,80,2,False,8,False,0,Typical mix
9.5,0.0,0.25,0.3333333333333333,0.0,1.6666666666666667,0.0,65,1,True,4,False,0,Typical mix
6.05,0.0,2.25,0.0,2.0,1.0,0.0,52,2,False,8,False,1,Social
11.1,0.0,0.5,3.0,0.0,0.0,0.0,16,1,True,10,False,3,Active
8.816666666666666,0.0,2.0,0.0,0.0,1.5,0.0,75,1,True,8,False,0,Typical mix
8.5,6.666666666666667,1.3333333333333333,0.0,0.0,0.0,0.0,34,1,False,5,False,2,Work-focused
12.5,0.0,2.5,0.0,0.0,4.75,0.0,85,2,False,6,False,0,Typical mix
9.0,0.0,0.4166666666666667,1.5,0.5,4.25,0.0,35,2,False,9,False,0,Typical mix
9.833333333333334,0.0,1.9166666666666667,0.0,0.0,0.6666666666666666,0.0,56,2,True,7,False,0,Typical mix
9.0,0.0,0.0833333333333333,0.0,1.0,4.916666666666667,0.0,40,1,True,4,False,0,Typical mix
10.0,0.0,0.0833333333333333,1.0,0.0,0.0,0.0,48,2,False,8,False,0,Typical mix
7.916666666666667,12.583333333333334,0.3333333333333333,0.0,0.0,1.4166666666666667,0.0,21,1,True,7,False,2,Work-focused
8.0,6.5,0.5,0.0,0.5,1.0,0.0,31,1,True,8,False,2,Work-focused
7.25,0.0,1.75,0.0,1.5,0.0,0.0,16,2,False,7,False,0,Typical mix
7.916666666666667,11.366666666666667,0.25,0.0,0.0,3.0,0.0,34,1,True,8,False,2,Work-focused
9.0,0.0,0.3333333333333333,0.0,0.0,2.0,0.0,65,2,False,10,False,0,Typical mix
11.25,0.0,0.0,0.0,0.0,3.2333333333333334,0.0,67,2,True,10,False,0,Typical mix
5.0,12.466666666666669,0.25,0.0,0.0,0.5,0.0,28,1,False,8,False,2,Work-focused
10.0,0.0,0.5,0.0,0.0,4.5,0.0,21,2,True,7,False,0,Typical mix
8.0,7.916666666666667,0.5,0.0,0.0,1.4166666666666667,0.0,49,1,False,5,False,2,Work-focused
8.683333333333334,0.0,0.5,3.0,6.0,2.5,0.0,31,2,True,9,False,1,Social
9.75,3.3333333333333335,1.5,0.0,0.0,2.0,0.0,37,2,True,7,False,0,Typical mix
9.0,0.0,3.0,1.0,0.0,2.0,0.0,28,1,False,8,False,0,Typical mix
7.5,0.0,1.0,0.0,1.0,3.0,0.0,66,2,True,4,False,0,Typical mix
9.75,0.0,0.5,0.0,0.0,6.0,0.0,58,2,False,5,False,0,Typical mix
10.0,0.0,1.0,0.0,0.0,3.3333333333333335,0.0,37,2,False,7,False,0,Typical mix
6.166666666666667,5.75,1.1666666666666667,1.0833333333333333,0.0,0.0,0.0,34,2,False,8,False,2,Work-focused
9.0,7.416666666666667,1.3333333333333333,0.0,0.0,3.25,0.0,57,1,True,8,False,2,Work-focused
8.666666666666666,0.0,0.1666666666666666,0.0,6.833333333333333,3.75,0.0,21,2,True,5,False,1,Social
6.916666666666667,9.166666666666666,0.6666666666666666,1.5,0.0,1.5,0.0,48,1,False,7,False,2,Work-focused
10.0,0.0,1.5833333333333333,0.0,0.75,5.0,0.0,68,2,True,8,False,0,Typical mix
9.0,7.333333333333333,1.3333333333333333,0.0,0.0,2.0,0.0,35,1,True,4,False,2,Work-focused
11.5,0.0,0.1666666666666666,0.0,0.0,9.333333333333334,0.0,58,1,True,0,False,0,Typical mix
11.433333333333334,0.0,0.5,0.0,0.0,5.25,0.0,70,1,True,6,False,0,Typical mix
6.5,11.5,1.0833333333333333,0.0,0.0,2.0,0.0,43,1,False,5,False,2,Work-focused
7.5,0.0,0.1666666666666666,1.5,0.0,9.333333333333334,0.0,68,1,False,7,False,0,Typical mix
9.0,0.0,1.5,0.0,1.3333333333333333,0.0,3.0,48,2,True,10,False,4,Computer-leisure
5.0,7.916666666666667,0.6666666666666666,0.0,0.6666666666666666,3.3333333333333335,0.0,38,1,False,9,False,2,Work-focused
7.333333333333333,6.383333333333334,1.0,1.0833333333333333,0.25,0.0,0.5833333333333334,35,2,False,9,False,2,Work-focused
6.5,8.0,1.0,0.0,0.0,1.5,0.0,29,1,False,10,False,2,Work-focused
8.333333333333334,9.0,0.5,0.0,0.3333333333333333,1.5,0.0,33,2,False,7,False,2,Work-focused
2.0,0.0,0.5,0.0,7.166666666666667,0.0,0.0,55,2,True,10,False,1,Social
10.0,5.0,0.5,0.0,0.0,5.333333333333333,0.0,46,2,False,6,False,0,Typical mix
12.166666666666666,0.0,0.5,0.0,0.0,1.5,0.0,24,2,False,5,False,0,Typical mix
10.5,0.0,1.0,0.0,0.0,0.0,1.9166666666666667,16,2,False,5,False,0,Typical mix
4.75,0.0,0.3333333333333333,0.0,0.0,13.166666666666666,0.0,36,2,True,5,False,0,Typical mix
7.0,8.083333333333334,1.4166666666666667,0.0,0.0,2.0,0.0,30,1,False,7,False,2,Work-focused
9.0,0.0,2.0,0.0,1.6666666666666667,7.25,0.0,27,1,False,9,False,0,Typical mix
5.25,8.25,0.0,0.0,0.0,1.0,0.0,34,1,True,7,False,2,Work-focused
8.666666666666666,0.0,1.25,0.0,0.0,2.0833333333333335,0.0,39,2,True,7,False,0,Typical mix
5.333333333333333,0.0,5.0,0.25,0.5,7.333333333333333,0.0,67,1,False,10,False,0,Typical mix
11.0,0.0,1.0,0.0,0.0,0.0,0.0,46,2,True,5,False,0,Typical mix
9.0,0.0,0.5,0.0,0.0,11.0,0.0,71,2,True,10,False,0,Typical mix
4.0,0.0,0.4166666666666667,0.0,1.0333333333333334,13.5,0.0,50,1,True,8,False,0,Typical mix
9.0,0.0,0.5,0.0,1.5,10.666666666666666,0.0,33,1,True,8,False,0,Typical mix
10.083333333333334,0.0,2.5,0.0,0.0,0.0,0.0,45,1,True,8,False,0,Typical mix
10.75,0.0,0.1666666666666666,0.0,0.3333333333333333,2.9166666666666665,0.0,62,2,True,5,False,0,Typical mix
8.666666666666666,0.0,1.5,1.5,0.0,3.25,0.0,53,2,True,8,False,0,Typical mix
8.0,0.0,2.75,0.0,5.5,3.75,0.75,50,2,True,6,False,1,Social
10.25,0.0,1.0833333333333333,0.0,0.0,2.0,0.0,17,1,False,8,False,0,Typical mix
11.0,0.0,1.5,0.0,0.0,1.0,2.0,44,2,False,8,False,0,Typical mix
13.5,4.616666666666666,0.1666666666666666,0.0,0.0,0.0,0.0,59,2,True,10,False,0,Typical mix
9.5,9.583333333333334,0.75,0.0,0.0,0.0,0.0,37,2,False,6,False,2,Work-focused
9.0,0.0,3.25,0.0,0.0,1.0,0.0,65,1,False,10,False,0,Typical mix
8.666666666666666,0.0,1.0,0.0,0.0,3.0,0.0,44,2,True,5,False,0,Typical mix
7.3,6.75,1.85,0.0,0.0,3.0,0.0,50,2,False,7,False,2,Work-focused
9.75,12.0,0.75,0.0,0.0,0.0,0.0,60,1,False,7,False,2,Work-focused
7.333333333333333,3.0,0.5,0.0,0.0,3.6666666666666665,0.0,28,2,False,7,False,0,Typical mix
12.166666666666666,0.0,0.3333333333333333,0.0,0.0,7.833333333333333,0.0,72,1,True,0,False,0,Typical mix
11.833333333333334,0.0,0.75,0.0,0.3333333333333333,2.6666666666666665,0.0,49,1,True,7,False,0,Typical mix
8.0,5.083333333333333,0.75,3.1666666666666665,0.0,1.25,0.0,37,1,False,9,False,3,Active
9.0,6.083333333333333,1.0833333333333333,0.3333333333333333,0.0,2.0,0.0,53,2,False,9,False,2,Work-focused
8.25,0.0,2.25,0.0,0.0,2.15,0.0,44,2,True,9,False,0,Typical mix
6.0,0.0,1.0,0.0,0.0,1.0,0.0,60,1,False,10,False,0,Typical mix
6.0,9.5,0.5,0.0,0.0,3.3333333333333335,0.0,39,1,False,6,False,2,Work-focused
8.166666666666666,0.0,1.5,0.0,1.0,7.0,0.0,48,1,True,7,False,0,Typical mix
8.0,0.5,1.6666666666666667,0.0,0.3333333333333333,2.3333333333333335,0.0,59,2,True,7,False,0,Typical mix
8.05,11.583333333333334,0.1666666666666666,1.0,0.0,0.0,0.0,23,2,False,7,False,2,Work-focused
10.233333333333333,0.0,1.5833333333333333,0.0,0.0,0.0,0.0,32,2,False,5,False,0,Typical mix
6.5,7.583333333333333,0.6333333333333333,0.0,0.0,5.75,0.0,36,1,False,10,False,2,Work-focused
9.5,0.0,3.1666666666666665,0.0,0.0,0.3333333333333333,0.0,41,2,True,5,False,0,Typical mix
9.5,8.183333333333334,0.25,1.0,2.15,0.0,0.0,29,1,False,7,False,2,Work-focused
12.0,3.0,0.0,0.0,0.0,3.9,0.0,32,2,True,8,False,0,Typical mix
13.75,0.0,1.5,0.0,0.0,0.0,0.0,34,2,True,5,False,0,Typical mix
8.5,0.0,2.0,0.0,1.0833333333333333,4.666666666666667,0.0,41,2,True,10,False,0,Typical mix
7.083333333333333,0.0,0.8333333333333334,2.8333333333333335,0.4166666666666667,3.6666666666666665,0.0,19,2,True,5,False,3,Active
11.416666666666666,0.0,1.5,0.0,1.8333333333333333,3.0,0.0,72,2,False,8,False,0,Typical mix
9.75,0.0,0.75,0.0,0.0,2.0,0.0,58,1,False,8,False,0,Typical mix
8.75,0.0,0.25,0.0,1.0833333333333333,2.25,5.666666666666667,44,2,False,6,False,4,Computer-leisure
8.25,0.0,0.25,0.0,4.75,0.0,0.0,52,1,False,5,False,1,Social
8.0,8.0,1.25,0.0,0.0,3.1666666666666665,0.0,24,1,False,5,False,2,Work-focused
5.0,0.0,0.9166666666666666,0.0,1.7166666666666666,8.166666666666666,0.0,31,2,True,3,False,0,Typical mix
8.75,4.083333333333333,0.3333333333333333,0.0,0.3333333333333333,2.5,0.0,36,2,False,6,False,2,Work-focused
7.116666666666666,0.0,0.0833333333333333,0.0,0.25,6.25,0.75,57,1,False,10,False,0,Typical mix
11.5,0.0,3.0,0.0,0.0,3.8333333333333335,0.0,50,2,True,10,False,0,Typical mix
8.0,0.0,2.5,0.0,0.0,2.0,0.0,35,1,False,3,False,0,Typical mix
7.166666666666667,10.25,1.1666666666666667,0.0,0.0,0.1666666666666666,0.0,40,2,False,6,False,2,Work-focused
9.5,0.0,0.25,0.0,3.5,3.3333333333333335,0.0,37,2,True,10,False,1,Social
10.75,0.0,1.1666666666666667,0.0,0.0,6.333333333333333,0.0,27,2,True,7,False,0,Typical mix
10.5,0.0,0.4166666666666667,0.0,0.0,12.333333333333334,0.0,58,1,False,7,False,0,Typical mix
10.333333333333334,0.0,0.0,0.0,1.0833333333333333,6.416666666666667,0.0,40,2,False,8,False,0,Typical mix
9.466666666666669,0.0,1.0,0.0,0.8333333333333334,1.5,0.0,26,2,False,5,False,0,Typical mix
9.5,0.0,0.25,0.0,0.0,7.75,0.0,66,2,True,10,False,0,Typical mix
9.0,8.233333333333333,1.6666666666666667,0.0,0.0,0.0,0.0,39,1,False,9,False,2,Work-focused
9.966666666666669,0.0,1.0333333333333334,0.0,0.0,0.45,0.0,36,2,False,4,False,0,Typical mix
6.0,8.833333333333334,0.5,0.0,0.0,3.1666666666666665,0.0,21,1,True,7,False,2,Work-focused
7.5,0.0,2.0,0.0,0.0,12.0,0.0,63,1,True,8,False,0,Typical mix
13.0,0.0,3.0,0.0,3.5,0.0,0.0,29,2,True,10,False,1,Social
11.0,0.0,2.25,0.0,0.0,6.5,0.0,48,1,True,7,False,0,Typical mix
10.75,0.0,0.5833333333333334,0.3333333333333333,0.0,5.5,0.0,55,2,False,5,False,0,Typical mix
8.5,0.25,0.5,1.0,0.5,4.55,0.5,31,2,True,8,False,0,Typical mix
10.5,4.5,0.75,0.0,0.0,6.166666666666667,0.0,77,2,False,6,False,0,Typical mix
11.066666666666666,0.0,1.0,0.0,0.0,6.0,1.5,40,2,True,8,False,0,Typical mix
8.916666666666666,0.0,2.0,0.0,0.0833333333333333,3.3666666666666667,1.5,27,1,True,2,False,0,Typical mix
8.75,0.0,0.5,0.0,0.0,0.0,0.0,47,2,True,7,False,0,Typical mix
9.75,0.0,2.0833333333333335,0.0,0.0,1.5,0.0,55,2,True,10,False,0,Typical mix
10.5,0.0,0.0,0.0,0.0,2.0,2.9,39,2,False,4,False,4,Computer-leisure
7.5,1.7666666666666666,0.75,0.0,1.4166666666666667,2.25,0.0,28,2,False,7,False,0,Typical mix
7.666666666666667,0.25,1.6666666666666667,0.0,0.0,0.6666666666666666,0.0,46,2,False,8,False,0,Typical mix
8.416666666666666,0.0,0.5,0.0,0.0,1.0,0.0,80,2,True,10,False,0,Typical mix
8.5,0.0,2.5,0.0,1.0,3.1666666666666665,0.0,74,2,False,10,False,0,Typical mix
8.0,6.25,2.3333333333333335,1.0,0.0,3.25,0.0,30,1,False,7,False,2,Work-focused
13.666666666666666,0.0,1.9166666666666667,0.0,1.0,0.5,0.0,35,2,False,10,False,0,Typical mix
9.666666666666666,11.25,1.5,0.0,0.0,0.5,0.0,69,1,True,9,False,2,Work-focused
7.583333333333333,6.583333333333333,1.5,1.5,0.0,2.0,0.0,35,1,False,6,False,2,Work-focused
8.5,0.0,3.4166666666666665,0.0,1.0,4.083333333333333,0.0,72,2,False,8,False,0,Typical mix
7.0,0.0,3.5,0.0,0.0,7.5,0.0,49,1,True,7,False,0,Typical mix
9.216666666666669,0.0,0.1666666666666666,0.0,0.0,10.5,0.0,68,2,True,10,False,0,Typical mix
8.0,7.666666666666667,1.1666666666666667,0.0,1.9166666666666667,2.0833333333333335,0.0,47,1,False,5,False,2,Work-focused
10.916666666666666,5.416666666666667,2.0,0.0,0.0,3.0,0.0,51,2,False,6,False,0,Typical mix
7.0,0.0,1.8333333333333333,0.75,0.0,2.3333333333333335,0.0,54,2,True,8,False,0,Typical mix
7.833333333333333,0.0,1.0,0.0,3.0,2.0,0.0,85,1,False,10,False,1,Social
6.0,7.75,1.5,0.0,0.0,1.5,0.0,35,2,False,8,False,2,Work-focused
9.0,2.0,1.5,0.0,1.5,2.816666666666667,0.0,70,2,True,8,False,0,Typical mix
9.5,0.0333333333333333,1.5,0.0,0.3333333333333333,4.666666666666667,0.0,56,1,True,7,False,0,Typical mix
7.666666666666667,0.0,1.25,0.0,0.5,6.5,0.0,41,2,True,8,False,0,Typical mix
8.5,8.25,1.75,0.0,0.0,2.0,0.0,57,2,False,2,False,2,Work-focused
8.0,4.75,0.3333333333333333,0.0,0.0,3.0833333333333335,0.0,68,2,False,7,False,2,Work-focused
7.416666666666667,0.0,1.1666666666666667,0.5,0.0,1.75,0.0,16,2,True,5,False,0,Typical mix
8.25,8.75,0.75,0.0,0.0,1.4666666666666666,0.0,39,1,False,6,False,2,Work-focused
8.0,10.25,0.5,0.0,0.0,0.5,0.0,58,1,False,3,False,2,Work-focused
8.0,0.0,0.3333333333333333,0.0,0.0,2.9166666666666665,0.0,71,2,True,7,False,0,Typical mix
8.5,0.0,1.0833333333333333,0.0,0.0,0.4166666666666667,1.5,58,2,False,8,False,0,Typical mix
6.25,7.916666666666667,1.75,1.0,0.0,3.25,0.0,34,1,False,6,False,2,Work-focused
8.5,0.5,2.6666666666666665,0.0,2.933333333333333,0.0,1.0,35,2,True,6,False,1,Social
8.666666666666666,0.0,0.5,0.0,0.0,0.0,0.0,74,2,False,10,False,0,Typical mix
10.0,0.0,1.0,3.0,0.0,3.3333333333333335,0.0,36,1,True,10,False,3,Active
5.166666666666667,0.0,1.5,0.0,1.0,0.0,0.0,37,2,False,7,False,0,Typical mix
10.0,0.0,0.0,2.0,0.0,9.833333333333334,0.0,31,1,True,9,False,0,Typical mix
9.8,0.0,0.25,0.0,1.0,4.0,0.0,59,2,False,5,False,0,Typical mix
8.0,0.0,1.1333333333333333,0.0,0.1666666666666666,4.016666666666667,0.0,17,1,False,8,False,0,Typical mix
7.666666666666667,2.0,1.3333333333333333,0.0,0.0,2.0,3.0,39,2,True,5,False,4,Computer-leisure
8.5,0.0,0.5,0.0,0.0,3.5,0.0,32,1,True,10,False,0,Typical mix
10.666666666666666,0.0,1.0,4.0,0.0,1.0,0.0,58,1,False,5,False,3,Active
9.0,4.833333333333333,0.0,0.0,0.0,9.833333333333334,0.0,30,1,False,2,False,0,Typical mix
9.166666666666666,10.416666666666666,0.8333333333333334,0.0,0.0,0.0,0.0,53,2,False,6,False,2,Work-focused
5.0,6.416666666666667,0.5,0.0,0.0,8.166666666666666,0.0,61,2,False,6,False,2,Work-focused
9.333333333333334,9.416666666666666,0.0,0.0,0.0,1.5,0.0,44,2,False,4,False,2,Work-focused
7.5,0.0,2.25,0.0,1.5,5.166666666666667,0.0,75,1,False,10,False,0,Typical mix
5.75,7.083333333333333,2.6666666666666665,0.0,1.3333333333333333,2.0833333333333335,0.0,31,2,False,7,False,2,Work-focused
8.816666666666666,0.0,3.0,0.0,2.1666666666666665,0.0,0.75,64,2,True,4,False,1,Social
9.5,0.0,3.0,0.0,0.0,0.0,0.0,60,2,False,10,False,0,Typical mix
9.333333333333334,0.0,0.1666666666666666,0.0,0.0,0.0,0.0,48,1,False,6,False,0,Typical mix
9.0,0.0,0.0833333333333333,0.0,0.0,0.0,0.0,64,2,True,8,False,0,Typical mix
8.5,0.0,0.6666666666666666,1.6666666666666667,2.75,0.5,0.25,66,2,False,10,False,1,Social
7.5,5.583333333333333,1.5,0.0,0.0,0.0,3.8333333333333335,27,1,True,6,False,4,Computer-leisure
7.166666666666667,8.583333333333334,0.6666666666666666,0.0,0.0,1.25,0.0,61,2,False,5,False,2,Work-focused
9.1,0.0,0.6666666666666666,0.0,0.0,0.8,0.0,39,2,True,6,False,0,Typical mix
10.333333333333334,0.0,0.5833333333333334,0.0,2.5,2.5,0.0,16,1,True,7,False,1,Social
13.583333333333334,0.0,0.5,0.0,0.0,4.25,0.0,16,2,True,10,False,0,Typical mix
11.283333333333331,0.0,1.5833333333333333,0.0,0.0,4.25,0.0,21,1,False,4,False,0,Typical mix
7.166666666666667,7.083333333333333,0.6666666666666666,0.0,0.25,0.0,0.0,28,1,False,6,False,2,Work-focused
7.833333333333333,0.0,1.5833333333333333,1.0,0.0,5.25,0.0,48,1,True,7,False,0,Typical mix
5.0,7.716666666666667,0.0,0.0,0.0,10.716666666666669,0.0,28,1,True,5,False,2,Work-focused
4.833333333333333,0.0,0.3333333333333333,0.0,0.5,0.0,1.1666666666666667,41,2,True,10,False,2,Work-focused
9.5,0.0,0.0,0.0,0.0,6.833333333333333,0.0,48,1,True,6,False,0,Typical mix
9.25,5.833333333333333,2.5,0.0,2.0,2.75,0.0,68,1,True,8,False,2,Work-focused
11.5,0.0,1.5,0.0,0.0,3.8333333333333335,0.0,63,1,False,5,False,0,Typical mix
10.75,0.0,2.0833333333333335,0.0,0.0,4.0,0.0,85,2,True,6,False,0,Typical mix
11.083333333333334,0.0,0.6666666666666666,0.0,0.0,3.0,0.0,28,2,True,6,False,0,Typical mix
10.5,0.0,2.5,2.5,0.0,3.5,2.0,76,1,True,9,False,3,Active
12.116666666666667,0.0,1.6666666666666667,0.0,0.0,4.5,0.0,68,2,True,5,False,0,Typical mix
8.333333333333334,9.75,1.0,0.0,0.25,0.0,2.8333333333333335,37,2,False,7,False,4,Computer-leisure
8.5,7.5,0.9166666666666666,0.0,0.0,4.3,0.0,22,1,True,5,False,2,Work-focused
9.816666666666666,0.0,1.5,0.0,1.5,4.416666666666667,0.0,20,1,True,6,False,0,Typical mix
9.0,0.0,0.75,0.0,3.0,5.333333333333333,0.0,68,1,False,4,False,1,Social
10.166666666666666,6.5,1.0,1.0,0.0,1.75,0.0,33,1,True,7,False,2,Work-focused
10.583333333333334,0.0,0.25,0.0,0.0,0.0,0.0,74,2,False,10,False,0,Typical mix
5.75,7.833333333333333,1.1666666666666667,0.0,0.0,0.0,0.0,44,2,True,8,False,2,Work-focused
11.583333333333334,0.0,1.3333333333333333,0.0,0.0,1.5,0.0,43,2,False,8,False,0,Typical mix
7.416666666666667,7.416666666666667,0.5,0.0,0.0,0.6666666666666666,0.0,49,2,True,4,False,2,Work-focused
9.416666666666666,0.0,1.0,0.0,0.0,4.5,0.0,34,2,False,9,False,0,Typical mix
13.5,0.0,0.5,0.0,0.0,8.0,0.0,45,2,False,10,False,0,Typical mix
9.066666666666666,0.0,1.25,0.0,3.3333333333333335,0.0,0.0,64,2,True,10,False,1,Social
10.333333333333334,0.0,0.3333333333333333,0.0,2.0833333333333335,6.083333333333333,0.0,61,1,False,7,False,0,Typical mix
5.75,0.0,0.0,0.0,0.5,7.783333333333333,0.0,60,1,False,6,False,0,Typical mix
11.0,0.0,2.0,1.0,0.0,4.333333333333333,0.0,30,1,True,8,False,0,Typical mix
13.25,0.0,2.5833333333333335,0.0,0.0,0.0,0.0,30,2,True,7,False,0,Typical mix
9.0,0.0,0.5,0.0,0.0,5.5,0.0,42,2,True,5,False,0,Typical mix
7.0,13.0,1.5,0.75,0.0,0.0,0.0,60,1,False,8,False,2,Work-focused
9.5,0.0,0.0,0.0,0.0,2.4166666666666665,0.0,16,1,True,9,False,0,Typical mix
5.0,7.666666666666667,1.0833333333333333,0.0,0.0,6.916666666666667,1.0,36,1,False,8,False,2,Work-focused
11.0,0.0,2.0833333333333335,0.0,0.0,0.0,0.0,67,2,True,7,False,0,Typical mix
5.0,0.0,4.166666666666667,0.0,0.3166666666666666,6.25,0.0,65,2,True,5,False,0,Typical mix
11.0,0.0,1.0,0.0,0.0,1.5,0.0,80,1,False,8,False,0,Typical mix
8.416666666666666,12.75,0.5,0.0,0.0,0.0,0.0,32,1,False,7,False,2,Work-focused
12.166666666666666,0.0,0.25,0.0,0.0,2.5,0.0,31,1,True,10,False,0,Typical mix
11.083333333333334,0.0,0.25,0.0,0.0,8.5,0.0,20,2,False,5,False,0,Typical mix
6.25,0.0,0.0,2.0,0.0,0.0,0.0,28,2,True,5,False,0,Typical mix
9.25,0.0,1.0,0.0,0.0,5.583333333333333,0.0,67,1,False,6,False,0,Typical mix
9.25,0.0,1.5,0.0,0.0,3.0833333333333335,1.0,63,1,True,7,False,0,Typical mix
7.5,10.5,0.25,0.0,0.0,0.0,0.0,57,1,False,7,False,2,Work-focused
9.166666666666666,0.0,2.3666666666666667,0.0,2.466666666666667,0.0,0.0,71,2,False,10,False,1,Social
8.483333333333333,0.0,1.25,0.0,0.0,7.6,0.0,60,1,True,8,False,0,Typical mix
6.5,0.0,1.8333333333333333,0.0,0.0,2.0,0.0,49,2,True,10,False,0,Typical mix
10.0,5.0,1.0,0.0,0.0,4.0,0.0,28,2,False,10,False,0,Typical mix
7.5,0.0,2.2666666666666666,0.0,0.0,7.666666666666667,2.316666666666667,61,2,False,8,False,4,Computer-leisure
9.333333333333334,0.0,1.0,0.0,0.0,9.333333333333334,0.0,35,1,True,8,False,0,Typical mix
8.666666666666666,0.0,1.25,0.0,2.75,3.0,0.0,30,2,True,10,False,1,Social
8.583333333333334,13.666666666666666,0.0,0.0,0.0,0.0,0.0,21,1,True,3,False,2,Work-focused
5.75,9.416666666666666,0.5833333333333334,0.0,0.0,2.5833333333333335,0.0,55,2,False,8,False,2,Work-focused
9.0,0.0,0.5833333333333334,0.0,2.5,4.916666666666667,0.0,54,1,True,8,False,0,Typical mix
6.916666666666667,0.0,1.0,0.0,2.9166666666666665,9.333333333333334,0.0,69,1,False,8,False,1,Social
8.416666666666666,0.0,3.3333333333333335,0.0,1.9166666666666667,2.0,0.0,69,2,True,10,False,0,Typical mix
6.5,7.066666666666666,0.5,0.0,0.0,4.0,2.0,62,2,False,8,False,2,Work-focused
6.5,0.0,2.216666666666667,0.0,4.25,4.0,0.0,53,1,True,6,False,1,Social
7.0,0.0,3.0,0.0,0.4166666666666667,4.483333333333333,0.0,19,2,True,10,False,0,Typical mix
7.5,0.0,1.25,1.0,0.0,9.166666666666666,0.0,70,1,True,6,False,0,Typical mix
9.75,9.5,0.5,0.0,0.0,0.5,0.0,27,2,False,5,False,2,Work-focused
9.5,0.0,1.1666666666666667,0.0,0.0,3.466666666666667,0.0,75,2,False,7,False,0,Typical mix
8.0,0.0,1.5,0.0,0.0,1.9166666666666667,0.0,59,2,False,10,False,0,Typical mix
10.25,0.0,0.8333333333333334,0.0,0.0,6.25,0.0,57,2,True,4,False,0,Typical mix
7.85,0.0,0.4166666666666667,0.0,8.366666666666667,0.75,0.0,32,2,False,5,False,1,Social
11.833333333333334,0.0,1.3333333333333333,2.0,0.0,2.1666666666666665,0.0,17,1,True,9,False,0,Typical mix
9.0,8.0,0.4166666666666667,0.0,0.6666666666666666,1.8333333333333333,0.0,55,2,False,8,False,2,Work-focused
9.333333333333334,8.166666666666666,1.5,0.0,0.0,0.0,0.0,30,2,True,5,False,2,Work-focused
9.583333333333334,0.0,0.8333333333333334,0.0,0.0,2.5,0.0,29,2,False,7,False,0,Typical mix
18.766666666666666,0.0,0.0333333333333333,0.0,0.0,5.0,0.0,66,2,False,0,False,0,Typical mix
9.233333333333333,0.0,0.5,0.0,0.9166666666666666,2.0,0.0,68,2,True,5,False,0,Typical mix
13.166666666666666,0.0,0.9166666666666666,0.0,0.0,0.0,0.0,20,1,True,8,False,0,Typical mix
6.5,0.0,1.5,0.5,1.0,1.0,0.0,48,2,False,5,False,0,Typical mix
13.5,0.0,0.5,0.0,6.0,2.0,0.0,15,2,True,7,False,1,Social
9.0,0.0,1.0833333333333333,0.0,0.0,3.0,0.0,80,1,False,10,False,0,Typical mix
9.883333333333333,0.0,1.5833333333333333,0.5,0.0,2.5,0.0,17,2,False,10,False,0,Typical mix
10.0,0.0,0.75,0.0,0.0,2.3,0.0,60,2,True,5,False,0,Typical mix
9.5,0.0,0.5,0.0,0.5,2.0,0.0,85,2,True,8,False,0,Typical mix
8.166666666666666,8.083333333333334,0.3333333333333333,0.0,0.0,0.3333333333333333,0.0,59,2,False,5,False,2,Work-focused
9.25,0.0,1.6666666666666667,0.0,3.5,0.0,0.0,55,2,True,8,False,1,Social
9.333333333333334,2.0,0.5,0.0,1.5,1.5,0.5,34,2,True,8,False,0,Typical mix
7.0,0.0,0.0,4.833333333333333,4.333333333333333,5.25,0.0,44,1,True,8,False,3,Active
8.75,0.0,0.0,0.0,0.0,5.166666666666667,2.0,60,2,False,3,False,0,Typical mix
9.5,0.0,3.5,0.0,0.0,3.6666666666666665,0.0,69,2,False,10,False,0,Typical mix
11.0,0.0,0.5,0.0,6.583333333333333,0.0,0.0,17,2,False,5,False,1,Social
8.5,0.0333333333333333,2.0,1.25,0.0,0.0,0.0,45,2,True,7,False,0,Typical mix
4.25,2.0,0.6666666666666666,2.0,0.0,0.0,0.0,28,2,False,9,False,2,Work-focused
7.0,0.0,0.0833333333333333,0.0,0.0,6.416666666666667,0.0,17,1,False,8,False,0,Typical mix
8.466666666666667,0.0,1.3333333333333333,0.0,0.3333333333333333,2.4166666666666665,0.0,66,1,True,6,False,0,Typical mix
7.65,0.8333333333333334,2.5,0.0,3.0166666666666666,0.0,0.5,41,1,True,8,False,1,Social
9.0,8.05,0.75,0.0,0.0,0.5,0.0,43,2,False,6,False,2,Work-focused
7.5,0.0,1.0,0.0,0.0,2.1666666666666665,0.0,61,2,False,10,False,0,Typical mix
9.0,0.0,0.0,0.0,0.0,12.5,0.0,50,1,True,7,False,0,Typical mix
10.0,5.833333333333333,1.6666666666666667,0.0,0.0,5.75,0.0,61,1,False,5,False,0,Typical mix
10.25,0.0,0.6666666666666666,0.0,4.416666666666667,0.0,0.0,80,2,True,7,False,1,Social
8.25,8.05,1.8333333333333333,0.0,0.0,0.0,0.0,41,2,False,10,False,2,Work-focused
7.75,3.1666666666666665,0.6666666666666666,0.0,0.0,1.9166666666666667,0.0,37,2,False,8,False,2,Work-focused
12.25,0.0,1.0,0.0,0.0,0.75,0.0,35,2,True,10,False,0,Typical mix
9.5,8.0,1.0,0.0,0.0,0.75,0.0,33,2,False,8,False,2,Work-focused
9.333333333333334,1.5,1.0,0.0,0.0,2.2,0.0,34,2,True,8,False,0,Typical mix
6.5,0.0,0.6666666666666666,1.0,2.4833333333333334,7.0,0.0,75,2,False,5,False,0,Typical mix
6.5,0.0,0.55,0.0,0.0,13.933333333333334,0.0,66,1,True,10,False,0,Typical mix
7.0,0.0,2.6666666666666665,0.0,0.0,3.45,0.0,57,1,True,8,False,0,Typical mix
6.75,0.0,1.1666666666666667,0.0,0.0,2.1666666666666665,0.0,41,2,True,4,False,0,Typical mix
4.75,0.0,1.4166666666666667,0.0,0.0,7.25,0.0,80,2,False,10,False,0,Typical mix
10.383333333333333,0.0,0.2833333333333333,2.0,4.916666666666667,2.0,0.0,17,2,True,7,False,1,Social
11.75,0.0,0.5,0.0,0.0833333333333333,0.0,0.0,18,2,True,5,False,0,Typical mix
5.75,8.5,1.6666666666666667,0.0,1.0,2.0,0.0,50,2,False,10,False,2,Work-focused
10.0,0.0,1.0,0.0,6.0,0.8333333333333334,0.0,77,2,True,5,False,1,Social
10.916666666666666,0.0,0.5,0.0,0.0,3.75,0.0,30,2,False,10,False,0,Typical mix
9.0,0.0,0.5,0.0,0.0,0.0,0.0,15,1,True,6,False,0,Typical mix
10.5,0.0,0.5,0.0,0.0,1.5,0.0,58,2,True,10,False,0,Typical mix
5.0,0.0,0.0,0.0,0.0,0.0,0.0,30,2,False,9,False,2,Work-focused
8.25,7.166666666666667,0.5,0.0,0.0,2.5,0.0,36,1,False,8,False,2,Work-focused
5.5,0.0,0.75,0.0,0.0,8.6,0.0,44,1,False,7,False,0,Typical mix
11.5,0.0,1.5,0.0,0.0,4.0,0.0,66,2,True,10,False,0,Typical mix
7.5,3.0,2.6333333333333333,0.0,2.2666666666666666,0.0,0.0,55,2,False,4,False,1,Social
7.35,0.0,0.4,0.0,2.0,0.0,0.0,44,2,True,7,False,1,Social
8.166666666666666,8.916666666666666,0.25,0.0,0.0,2.0,0.0,55,1,False,8,False,2,Work-focused
7.0,13.0,0.75,0.75,0.0,1.75,0.0,58,1,False,8,False,2,Work-focused
11.5,0.0,1.5,0.0,1.0,5.0,0.0,17,1,True,9,False,0,Typical mix
6.75,0.5,0.25,1.0,0.0,4.5,0.0,57,1,False,7,False,0,Typical mix
10.0,0.0,0.75,0.0,0.0,5.0,0.0,50,1,True,8,False,0,Typical mix
4.5,5.333333333333333,0.5,0.0,0.0,0.2,0.0,44,2,False,8,False,2,Work-focused
6.25,0.0,1.0,0.5,0.0,0.5,0.0,37,2,True,7,False,0,Typical mix
7.833333333333333,3.4166666666666665,0.5,0.0,0.3333333333333333,3.0,0.3333333333333333,28,2,False,2,False,0,Typical mix
8.166666666666666,0.0,1.0833333333333333,1.0,0.0,1.0,0.0,73,1,False,9,False,0,Typical mix
11.5,0.0,1.0,0.0,0.0,1.5,0.0,41,2,True,8,False,0,Typical mix
10.0,0.0,0.1666666666666666,0.0,0.0,2.6666666666666665,0.0,80,2,True,6,False,0,Typical mix
9.75,0.0,1.75,6.083333333333333,0.0,0.25,0.0,80,1,False,8,False,3,Active
8.5,0.0,0.6666666666666666,0.5,0.0,5.75,0.0,80,2,False,3,False,0,Typical mix
8.0,3.0,0.0,0.0,0.0,8.833333333333334,0.0,32,1,True,8,False,0,Typical mix
7.0,7.083333333333333,1.5833333333333333,0.0,0.0,1.6666666666666667,1.0,47,1,False,3,False,2,Work-focused
9.633333333333333,0.0,1.25,0.1666666666666666,1.0,6.5,0.0,58,2,True,5,False,0,Typical mix
6.633333333333334,8.75,0.6666666666666666,0.0,1.8333333333333333,1.3333333333333333,0.0,38,1,False,8,False,2,Work-focused
9.833333333333334,0.0,1.5,0.0,0.75,7.383333333333334,0.0,76,2,True,5,False,0,Typical mix
8.5,0.0,1.0,7.0,4.0,0.0,0.0,31,1,False,8,False,3,Active
7.5,0.0,1.6666666666666667,0.0,0.0,0.0,0.0,30,2,False,8,False,0,Typical mix
8.5,1.0,1.0,0.0,0.0,4.5,0.0,40,2,True,9,False,0,Typical mix
6.5,8.583333333333334,0.6666666666666666,2.25,1.5,2.5833333333333335,0.0,28,2,True,6,False,2,Work-focused
9.5,0.0,1.4166666666666667,0.0,0.0,1.5,0.0,60,2,True,10,False,0,Typical mix
10.5,0.0,0.5,0.0,0.0,3.1666666666666665,0.0,44,2,True,8,False,0,Typical mix
8.5,0.0,0.0,0.0,0.0,10.5,0.0,66,1,True,10,False,0,Typical mix
11.983333333333333,0.0,0.9166666666666666,0.0,4.0,0.0,0.0,60,2,False,2,False,1,Social
11.0,0.1666666666666666,1.5833333333333333,0.0,0.0,10.333333333333334,0.0,48,2,True,7,False,0,Typical mix
9.75,4.583333333333333,1.5,0.0,0.0,6.083333333333333,0.0,27,1,True,7,False,0,Typical mix
9.5,0.0,1.9166666666666667,0.0,3.75,0.0,0.0,66,2,True,6,False,1,Social
4.5,0.0,0.75,0.0,0.75,1.0,0.0,57,2,True,6,False,0,Typical mix
9.333333333333334,0.6666666666666666,2.4166666666666665,0.0,0.0,0.0,0.1666666666666666,52,1,True,9,False,0,Typical mix
11.0,0.0,0.3333333333333333,0.0,0.0,4.166666666666667,0.0,69,1,False,7,False,0,Typical mix
10.333333333333334,6.683333333333334,0.5,0.0,0.0,2.0,0.0,22,2,False,7,False,2,Work-focused
7.75,0.0,1.4166666666666667,0.0,2.0,1.5,0.0,72,2,True,8,False,0,Typical mix
12.0,0.0,0.4166666666666667,0.0,0.0,8.916666666666666,0.0,18,1,True,7,False,0,Typical mix
9.75,0.0,0.75,1.45,0.0,3.8666666666666663,0.0,22,1,True,7,False,0,Typical mix
7.0,0.0,1.0,0.0,0.0,15.333333333333334,0.0,80,1,True,6,False,0,Typical mix
11.0,0.0,0.25,0.0,0.0,8.0,0.0,65,1,True,3,False,0,Typical mix
11.5,0.0,0.3333333333333333,0.0,1.0,0.0,0.0,41,2,True,6,False,0,Typical mix
9.5,0.0,1.5,0.0,0.0,0.0,0.0,33,1,True,10,False,0,Typical mix
8.5,0.0,1.5833333333333333,2.1666666666666665,0.0,2.6666666666666665,0.5,53,2,True,10,False,0,Typical mix
11.5,0.0,0.9166666666666666,0.0,0.0,0.0,0.0,67,1,False,8,False,0,Typical mix
6.716666666666667,0.0,1.0,0.0,0.0,1.0,0.0,44,2,False,6,False,0,Typical mix
14.066666666666666,0.0,1.4166666666666667,0.0,0.0,2.0,0.0,53,2,True,7,False,0,Typical mix
7.0,0.0,0.5833333333333334,0.0,0.0,15.95,0.0,62,2,False,6,False,0,Typical mix
2.0,0.0,0.8333333333333334,0.5,0.0,19.5,0.0,72,2,False,6,False,0,Typical mix
9.0,0.0,1.0,1.0,0.0,3.0,0.0,77,2,False,5,False,0,Typical mix
9.166666666666666,0.0,0.1666666666666666,0.0,0.1666666666666666,0.0,0.0,16,2,False,9,False,0,Typical mix
9.666666666666666,0.0,2.0,0.0,0.0,0.0,0.0,18,2,False,8,False,0,Typical mix
11.5,0.0,0.8333333333333334,0.0,0.0,9.5,0.0,42,1,True,5,False,0,Typical mix
7.983333333333333,11.85,0.5,0.0,0.0,2.0166666666666666,0.0,45,1,False,6,False,2,Work-focused
8.833333333333334,0.0,0.4166666666666667,0.0,0.9166666666666666,3.7666666666666666,0.0,23,2,True,8,False,0,Typical mix
6.0,0.0,1.3333333333333333,1.75,0.3333333333333333,0.0,0.0,16,2,False,5,False,0,Typical mix
7.5,0.0,2.5,0.0,2.2,3.75,0.0,70,2,True,7,False,0,Typical mix
7.5,7.333333333333333,0.4166666666666667,0.0,0.0,0.0,0.75,37,1,False,3,False,2,Work-focused
8.333333333333334,0.0,0.5833333333333334,0.0,0.6666666666666666,0.6666666666666666,0.1666666666666666,38,2,False,8,False,0,Typical mix
9.716666666666669,0.0,1.75,2.0,0.0,0.9166666666666666,0.0,19,2,True,7,False,0,Typical mix
10.0,0.0,0.75,0.0,0.0,4.5,0.0,54,1,True,8,False,0,Typical mix
8.5,5.666666666666667,1.0,0.0,0.0,1.25,0.0,32,2,False,5,False,2,Work-focused
5.55,0.0833333333333333,0.75,0.5,3.4166666666666665,0.0,0.0,30,1,True,5,False,1,Social
9.5,0.1666666666666666,3.0,0.0,0.5,2.0,0.0,28,2,True,8,False,0,Typical mix
8.583333333333334,0.0,0.8333333333333334,0.0,0.5,4.0,0.0,39,1,True,5,False,0,Typical mix
10.416666666666666,8.416666666666666,1.25,0.0,0.0,2.6666666666666665,0.0,22,2,False,5,False,2,Work-focused
7.083333333333333,12.0,1.1666666666666667,0.0,0.0,2.0,0.0,28,1,False,7,False,2,Work-focused
9.0,0.0,0.4166666666666667,0.0,0.0,2.0,0.75,44,2,True,9,False,0,Typical mix
10.4,0.0,0.9166666666666666,0.0,0.0,0.0,0.0,51,2,True,4,False,0,Typical mix
17.75,0.0,1.25,0.5,0.0,4.5,0.0,56,1,True,5,False,0,Typical mix
10.5,0.0,0.75,1.0,0.0,3.8833333333333337,2.0,58,2,False,7,False,0,Typical mix
8.25,0.0,1.0,0.0,0.0,6.0,2.5,62,1,True,8,False,4,Computer-leisure
12.25,0.0,0.5,0.0,0.0,3.5,0.0,29,1,True,6,False,0,Typical mix
9.45,7.683333333333334,1.1666666666666667,0.0,0.0,2.4166666666666665,0.3333333333333333,33,2,False,6,False,2,Work-focused
8.0,0.0,1.1666666666666667,0.0,0.0,1.75,0.5,33,2,False,8,False,0,Typical mix
9.0,0.0,2.5,0.0,2.0,2.0,0.0,44,1,True,8,False,0,Typical mix
12.283333333333331,0.0,2.5,0.0,0.0,6.0,0.0,53,1,True,6,False,0,Typical mix
11.583333333333334,0.0,1.0,0.0,0.0,5.0,0.0,49,2,True,9,False,0,Typical mix
9.5,0.0,0.75,0.0,0.5,5.9,0.0,36,1,True,7,False,0,Typical mix
8.583333333333334,6.45,0.6666666666666666,1.1833333333333331,0.0,1.25,0.0,38,2,False,10,False,2,Work-focused
9.0,0.0,1.8333333333333333,3.0,0.0,1.75,0.0,44,1,False,6,False,3,Active
9.25,0.0,0.3333333333333333,0.9166666666666666,1.0833333333333333,1.0,0.0,24,2,False,8,False,0,Typical mix
7.5,0.0,1.1666666666666667,0.0,0.0,3.15,0.0,49,1,True,8,False,0,Typical mix
9.75,0.0,1.5,0.0,0.0,1.5,0.0,57,2,True,5,False,0,Typical mix
13.333333333333334,0.0,1.0,0.0,0.0,8.75,0.0,16,1,True,8,False,0,Typical mix
6.333333333333333,5.466666666666667,0.25,0.0,1.75,1.0,0.0,20,1,False,10,False,2,Work-focused
9.0,0.0,1.8333333333333333,6.5,2.1666666666666665,1.0,0.0,52,2,True,8,False,3,Active
4.25,9.083333333333334,0.25,0.0,1.0,1.9166666666666667,0.0,53,1,True,10,False,2,Work-focused
7.0,7.5,0.25,0.0,1.5,4.583333333333333,0.0,41,2,False,7,False,2,Work-focused
11.0,4.966666666666667,0.25,0.0,0.0,3.6666666666666665,0.0,44,1,False,5,False,0,Typical mix
11.0,0.0,1.0833333333333333,0.0,0.0,0.0,0.0,77,2,True,8,False,0,Typical mix
10.5,0.0,1.1166666666666667,0.0,0.0,7.833333333333333,0.0,71,2,False,0,False,0,Typical mix
8.25,11.166666666666666,0.3333333333333333,0.0,0.0,1.1666666666666667,0.0,52,2,False,5,False,2,Work-focused
11.416666666666666,0.0,0.8333333333333334,0.0,3.8333333333333335,1.0,0.0,26,2,True,8,False,1,Social
5.45,0.0,3.5,0.0,0.0,1.5,0.0,57,1,True,6,False,0,Typical mix
8.416666666666666,1.9166666666666667,0.5,0.0,0.0,4.166666666666667,0.0,34,1,False,10,False,0,Typical mix
9.333333333333334,1.0833333333333333,0.75,1.4166666666666667,0.0833333333333333,2.0,0.0,41,2,True,8,False,0,Typical mix
3.5,6.266666666666667,1.5,1.5,0.0,6.5,0.0,39,1,True,7,False,2,Work-focused
5.0,0.0,0.5,0.0,0.0,9.0,0.0,33,2,True,5,False,0,Typical mix
5.75,0.0,1.25,1.9166666666666667,0.0,0.0,0.0,61,2,False,10,False,0,Typical mix
9.416666666666666,0.0,0.3333333333333333,0.0,0.0,2.0,0.0,66,1,False,0,False,0,Typical mix
9.5,0.25,0.3333333333333333,0.0,0.0,1.0,0.0,26,2,True,8,False,0,Typical mix
8.0,0.0,3.0,0.0,0.0,6.833333333333333,0.0,85,1,True,9,False,0,Typical mix
5.5,0.0,0.5,0.0,1.25,6.216666666666667,0.0,74,2,True,8,False,0,Typical mix
6.583333333333333,8.0,0.8333333333333334,0.0,0.0,3.5833333333333335,0.0,49,2,True,8,False,2,Work-focused
8.416666666666666,0.0,0.8333333333333334,0.0,0.0,0.5,1.0,32,2,False,5,False,0,Typical mix
9.0,0.0,0.6666666666666666,0.0,0.5,1.1666666666666667,0.0,19,2,True,4,False,0,Typical mix
8.416666666666666,0.0,2.5,1.25,2.0,0.0,6.5,17,1,False,4,False,4,Computer-leisure
9.166666666666666,0.0,0.0,0.0,0.0,0.0,0.0,38,1,False,8,False,0,Typical mix
11.583333333333334,0.0,0.5833333333333334,0.0,0.0,2.1666666666666665,0.0,31,2,False,10,False,0,Typical mix
5.5,0.0,1.0,0.0,0.6666666666666666,1.5833333333333333,1.0,47,2,False,7,False,0,Typical mix
5.666666666666667,5.283333333333333,0.75,0.0,0.3333333333333333,2.1666666666666665,0.0,34,1,True,9,False,2,Work-focused
6.166666666666667,0.0,1.1,0.0,3.0,8.916666666666666,0.0,41,2,True,7,False,1,Social
6.5,0.0,0.0,1.5,0.0,3.0,0.0,71,1,True,8,False,0,Typical mix
11.0,0.0,0.0833333333333333,0.0,0.0,2.0,0.0,57,2,False,3,False,0,Typical mix
11.083333333333334,0.0,2.3333333333333335,0.0,0.0,1.0,0.0,41,2,True,10,False,0,Typical mix
7.133333333333334,7.7,0.5,0.0,2.3833333333333333,1.4666666666666666,0.5,29,2,False,7,False,2,Work-focused
6.5,3.0,1.0,0.0,0.0,8.25,0.0,85,2,False,8,False,0,Typical mix
11.0,0.0,3.0,0.0,0.0,5.583333333333333,0.0,48,2,True,6,False,0,Typical mix
5.0,0.0,2.0,0.0,0.0,6.916666666666667,0.0,78,2,False,9,False,0,Typical mix
6.916666666666667,6.366666666666666,0.25,0.6666666666666666,2.1333333333333333,0.0,0.0333333333333333,47,2,False,9,False,2,Work-focused
7.25,0.0,0.2,0.0,0.0,9.75,0.0,71,2,True,10,False,0,Typical mix
10.666666666666666,1.0,1.75,1.0,0.0,1.0,0.0,63,2,True,10,False,0,Typical mix
7.25,0.0,1.7,0.0,3.45,2.1666666666666665,0.0,39,2,False,8,False,1,Social
5.5,10.0,0.75,0.0,0.0,2.0,0.0,67,2,False,8,False,2,Work-focused
8.0,0.0,0.25,0.0,0.0,10.383333333333333,0.0,61,2,True,5,False,0,Typical mix
7.416666666666667,8.75,0.0,0.0,0.25,0.0,0.0,33,2,False,6,False,2,Work-focused
7.416666666666667,2.9166666666666665,0.75,0.0,2.0,5.75,0.0,49,1,False,3,False,0,Typical mix
8.166666666666666,0.0,2.0,1.5,0.0,2.5,0.0,50,1,True,6,False,0,Typical mix
7.75,7.7,0.8833333333333333,2.4166666666666665,0.0,0.0,0.5,60,1,False,7,False,2,Work-focused
4.0,0.0,2.25,0.0,0.0,0.0,0.0,50,2,True,5,False,0,Typical mix
11.0,0.0,0.25,0.0,0.0,12.55,0.0,47,1,True,7,False,0,Typical mix
11.75,0.0,0.1666666666666666,0.0,0.0,5.0,0.0,74,1,False,7,False,0,Typical mix
8.0,0.0,1.8333333333333333,0.0,0.0,4.0,0.0,36,2,True,9,False,0,Typical mix
9.966666666666669,0.0,2.0,0.0,0.0,0.0,0.0,72,1,True,10,False,0,Typical mix
8.533333333333333,7.083333333333333,0.5,0.0,0.0,2.0,0.0,60,1,False,7,False,2,Work-focused
9.083333333333334,0.0,0.5,0.0,0.0,0.0,0.0,35,2,False,8,False,0,Typical mix
9.916666666666666,0.0,0.25,0.0,0.0,0.3333333333333333,0.0,41,2,False,5,False,0,Typical mix
10.0,4.416666666666667,0.6666666666666666,0.0,0.0,4.966666666666667,0.0,16,1,True,7,False,0,Typical mix
7.5,12.116666666666667,0.25,0.3333333333333333,0.0,1.5,0.75,59,2,False,10,False,2,Work-focused
5.5,0.0,1.0,0.0,0.0,0.0,0.0,65,2,True,5,False,0,Typical mix
9.0,0.0,0.75,0.0,0.0,5.5,0.0,60,1,True,3,False,0,Typical mix
10.0,8.5,0.8333333333333334,0.0,1.0,0.0,0.0,45,1,False,7,False,2,Work-focused
8.25,0.0,0.6666666666666666,0.0,0.5,6.4,0.0,45,2,False,0,False,0,Typical mix
8.0,0.0,1.5,0.0,0.0,1.0,1.0,42,1,False,5,False,0,Typical mix
10.333333333333334,8.5,0.5,0.0,0.0,1.0,0.0,62,2,False,9,False,2,Work-focused
8.85,10.55,0.5333333333333333,0.0,0.0833333333333333,1.5,0.0,28,1,False,6,False,2,Work-focused
10.666666666666666,0.0,0.6666666666666666,0.0,0.0,11.683333333333334,0.0,37,1,True,3,False,0,Typical mix
10.333333333333334,0.0,1.5,2.75,0.0,0.0,0.0,44,1,True,5,False,3,Active
10.833333333333334,0.0,1.0,0.0,1.0833333333333333,3.9166666666666665,0.0,16,2,True,6,False,0,Typical mix
6.266666666666667,7.7,0.6333333333333333,3.1166666666666667,0.1666666666666666,2.0,0.0,38,1,True,7,False,3,Active
10.5,0.0,0.0,0.0,0.0,6.833333333333333,0.0,44,2,True,8,False,0,Typical mix
9.916666666666666,0.0,2.0,0.0,0.25,1.5833333333333333,0.0,36,2,True,8,False,0,Typical mix
7.666666666666667,8.383333333333333,1.25,0.0,0.0,1.3333333333333333,0.0,29,1,True,8,False,2,Work-focused
7.5,12.25,3.1666666666666665,0.0,0.6666666666666666,0.0,0.0,41,1,False,6,False,2,Work-focused
15.95,0.0,1.1666666666666667,0.0,0.5833333333333334,0.75,0.0,49,2,False,2,False,0,Typical mix
14.7,0.0,1.0,0.0,0.0,0.0,0.0,47,2,False,10,False,0,Typical mix
10.166666666666666,0.0,0.4166666666666667,0.0,0.0,0.25,0.0,30,2,True,8,False,0,Typical mix
9.983333333333333,0.0,0.5,0.0,3.65,3.0,0.0,28,2,True,7,False,1,Social
7.0,0.0,0.4166666666666667,0.0,0.5,4.166666666666667,0.0,51,2,False,5,False,0,Typical mix
9.5,0.0,1.3333333333333333,0.0,0.0,0.5,0.0,39,2,True,8,False,0,Typical mix
6.75,0.0,1.0,0.0,0.0,7.283333333333333,0.0,69,2,True,7,False,0,Typical mix
8.666666666666666,0.0,1.4666666666666666,5.966666666666667,4.0,0.0,0.0,28,2,True,5,False,3,Active
6.5,7.783333333333333,0.1666666666666666,0.0,0.0,0.5,0.0,54,2,False,8,False,2,Work-focused
5.0,8.0,0.75,0.0,0.25,4.0,1.0,54,1,True,10,False,2,Work-focused
7.5,0.0,2.5,0.0,0.0,4.5,0.0,48,1,True,5,False,0,Typical mix
7.0,7.25,0.5833333333333334,0.0,2.1666666666666665,0.0,0.0,38,2,False,7,False,2,Work-focused
10.0,0.0,0.5,0.0,0.0,4.0,0.0,29,2,True,8,False,0,Typical mix
8.0,0.0,1.0,1.0,5.0,1.1666666666666667,0.0,41,2,True,8,False,1,Social
10.0,0.0,1.8333333333333333,2.5,0.5,5.25,0.0,67,1,True,7,False,3,Active
7.416666666666667,8.716666666666667,0.4166666666666667,0.0,0.0,2.5,0.0,45,2,False,8,False,2,Work-focused
10.0,7.583333333333333,0.5833333333333334,0.0,0.0,0.25,0.0,60,2,False,5,False,2,Work-focused
7.083333333333333,6.966666666666667,0.1666666666666666,0.7,0.0,5.583333333333333,0.0,65,2,False,3,False,2,Work-focused
8.0,0.0,1.25,0.0,3.0,6.883333333333334,0.0,63,1,False,10,False,1,Social
10.5,1.25,1.8333333333333333,0.0,0.0,3.1166666666666667,0.0,36,2,False,6,False,0,Typical mix
7.833333333333333,9.333333333333334,0.0,0.0,0.6666666666666666,1.0,0.0,38,1,False,8,False,2,Work-focused
11.0,0.0,0.0,0.0,0.0,3.05,0.0,23,2,True,10,False,0,Typical mix
9.0,8.0,1.75,0.0,2.5,0.0,0.0,54,2,False,10,False,2,Work-focused
5.916666666666667,0.0,2.0,0.0,0.0,0.0,0.0,16,1,False,8,False,0,Typical mix
9.416666666666666,0.0,2.5,0.0,0.0,5.5,0.0,59,1,True,8,False,0,Typical mix
8.166666666666666,6.5,1.5833333333333333,3.5,0.0,0.0,0.0,46,1,False,5,False,3,Active
7.0,0.0,0.0,0.0,0.0,8.5,0.0,42,2,True,4,False,0,Typical mix
11.416666666666666,4.583333333333333,1.5,0.0,0.0,2.0,0.0,41,1,False,6,False,0,Typical mix
8.666666666666666,0.0,0.5,0.0,1.1666666666666667,3.7333333333333334,0.0,80,1,False,6,False,0,Typical mix
7.083333333333333,8.0,0.9166666666666666,0.0,0.0,2.5,0.0,43,1,False,6,False,2,Work-focused
7.916666666666667,0.0,0.75,0.0,0.0,4.166666666666667,0.0,31,2,True,8,False,0,Typical mix
10.583333333333334,7.833333333333333,0.25,0.0,0.0,0.0,0.0,27,1,False,2,False,2,Work-focused
4.166666666666667,7.0,2.0,1.0,0.0,2.0,0.0,52,1,False,8,False,2,Work-focused
9.75,0.0,2.1666666666666665,0.0,0.5,4.0,0.0,61,2,False,8,False,0,Typical mix
9.5,0.0,0.6666666666666666,0.0,0.0,1.0,1.0,45,2,True,7,False,0,Typical mix
8.75,11.083333333333334,0.5,0.0,0.0,0.0,0.0,69,1,False,6,False,2,Work-focused
7.916666666666667,0.0,0.4166666666666667,0.0,1.75,0.0,0.0,16,1,True,8,False,0,Typical mix
7.916666666666667,10.5,0.4166666666666667,0.0,0.0,2.25,0.5,55,1,False,9,False,2,Work-focused
9.5,8.583333333333334,1.75,0.0,0.0,1.0833333333333333,0.0,34,1,False,7,False,2,Work-focused
11.416666666666666,0.0,0.75,0.5,0.0,6.5,0.0,15,1,True,7,False,0,Typical mix
6.0,12.0,1.0,0.8333333333333334,0.0,1.3333333333333333,0.0,70,1,False,10,False,2,Work-focused
9.166666666666666,0.0,1.8333333333333333,0.3333333333333333,0.0,4.75,0.0,77,2,True,5,False,0,Typical mix
9.0,8.583333333333334,1.25,0.0,0.0,2.8333333333333335,0.0,43,1,False,7,False,2,Work-focused
6.5,0.0,1.5,12.5,0.0,0.0,0.0,40,1,True,8,False,3,Active
8.05,3.4833333333333334,0.6,0.0,0.5,3.4166666666666665,2.5,54,2,False,10,False,4,Computer-leisure
7.0,8.333333333333334,0.5,0.0,0.0,4.0,0.0,28,1,False,9,False,2,Work-focused
9.15,0.0,1.6666666666666667,0.0,0.0,3.5,0.0,32,1,True,6,False,0,Typical mix
9.333333333333334,0.0,1.0833333333333333,0.0,0.0,3.566666666666667,2.0,74,2,False,10,False,0,Typical mix
7.25,0.0,2.0,0.0,0.0,5.466666666666667,0.0,80,1,True,10,False,0,Typical mix
5.0,11.5,0.8333333333333334,0.0,0.6333333333333333,1.9166666666666667,0.0,57,2,True,8,False,2,Work-focused
9.0,0.0,0.3333333333333333,0.0,0.0,1.5,1.0,41,2,True,8,False,0,Typical mix
7.666666666666667,7.833333333333333,1.4333333333333331,0.0,0.1666666666666666,0.3333333333333333,0.25,37,2,False,9,False,2,Work-focused
9.0,8.583333333333334,3.0,0.0,0.0,0.0,0.0,32,1,False,10,False,2,Work-focused
4.333333333333333,0.0,3.1666666666666665,0.0,1.1666666666666667,1.0,0.0,37,2,True,8,False,0,Typical mix
7.25,0.0,0.5,1.8166666666666669,0.25,6.15,0.0,16,2,True,8,False,0,Typical mix
9.833333333333334,0.0,0.5,0.0,0.1666666666666666,8.966666666666667,1.5,48,1,False,10,False,0,Typical mix
10.65,0.0,0.25,0.0,0.0,1.5,0.75,65,2,False,2,False,0,Typical mix
8.5,12.833333333333334,0.1666666666666666,0.0,0.0,0.25,0.0,32,1,False,6,False,2,Work-focused
6.583333333333333,12.166666666666666,1.4166666666666667,0.25,0.25,1.0833333333333333,0.0,45,1,False,7,False,2,Work-focused
8.0,0.0,0.75,0.0,0.0,4.0,0.0,64,1,True,8,False,0,Typical mix
4.0,0.0,1.1666666666666667,0.0,13.083333333333334,0.0,0.0,25,2,True,7,False,1,Social
7.666666666666667,0.0,1.3333333333333333,0.0,2.5,3.75,0.0,55,2,False,5,False,1,Social
8.0,0.0,1.0,0.0,3.25,3.0,0.0,27,2,True,5,False,1,Social
7.75,0.0,1.0,0.0,0.0,7.333333333333333,1.0,58,1,True,7,False,0,Typical mix
8.0,0.0,0.25,0.0,5.733333333333333,2.9833333333333334,0.0,62,2,True,9,False,1,Social
9.666666666666666,0.0,3.5,0.0,0.0,2.5,0.0,62,2,False,10,False,0,Typical mix
6.166666666666667,7.65,0.25,0.0,0.5,0.5,0.0,40,2,False,5,False,2,Work-focused
9.5,0.0,2.5,0.0,0.0333333333333333,8.966666666666667,0.0,61,1,True,8,False,0,Typical mix
6.5,0.0,0.5,0.0,0.0,3.75,0.0,71,2,False,8,False,0,Typical mix
9.0,0.0,0.6666666666666666,0.0,3.5833333333333335,4.5,0.0,48,2,True,10,False,1,Social
8.75,8.25,0.75,0.0,0.0,1.1666666666666667,0.0,49,2,False,8,False,2,Work-focused
8.666666666666666,0.0,1.0833333333333333,0.0,0.0,0.0,2.0,17,2,False,8,False,0,Typical mix
12.0,0.0,0.0,0.0,1.0,7.833333333333333,0.0,28,1,True,7,False,0,Typical mix
6.416666666666667,0.0,1.0833333333333333,0.0,0.0,3.6666666666666665,0.0,65,2,False,10,False,0,Typical mix
8.983333333333333,0.0,0.6666666666666666,0.0,0.0,10.416666666666666,0.0,40,1,True,7,False,0,Typical mix
5.916666666666667,0.0,0.1666666666666666,1.0,0.0,2.0,0.0,51,2,False,3,False,0,Typical mix
9.016666666666667,0.0,2.6666666666666665,0.0,0.75,6.25,1.5,40,1,True,8,False,0,Typical mix
8.0,0.0,0.0,0.0,0.0,2.6666666666666665,0.0,79,2,True,7,False,0,Typical mix
9.0,0.0,1.5,0.0,2.5833333333333335,1.05,0.0,38,2,True,10,False,1,Social
13.0,0.0,2.75,0.0,0.0,4.333333333333333,0.0,80,2,True,9,False,0,Typical mix
7.75,0.0,1.0,1.0,3.5,0.0,0.0,60,2,False,5,False,1,Social
11.5,0.0,1.6166666666666667,0.0,0.0,3.1666666666666665,0.0,45,2,True,5,False,0,Typical mix
8.0,0.0,0.5833333333333334,0.0,0.0,4.0,0.0,23,1,True,7,False,0,Typical mix
9.0,0.0,1.25,0.0,0.0,0.5,0.0,24,2,False,7,False,0,Typical mix
9.166666666666666,8.0,0.25,0.0,0.0,1.3333333333333333,0.0,29,1,False,7,False,2,Work-focused
7.166666666666667,0.0,2.0,1.5,0.75,2.0,0.0,45,1,True,7,False,0,Typical mix
7.75,0.0,0.3333333333333333,0.0,0.0,12.083333333333334,0.0,69,1,True,10,False,0,Typical mix
8.25,0.0,1.0,0.0,0.0,3.3333333333333335,0.0,80,1,True,10,False,0,Typical mix
15.0,0.0,0.5,0.0,0.0,0.5,0.0,63,1,True,3,False,0,Typical mix
7.75,0.0,0.3333333333333333,0.0,2.0,7.5,0.5,66,2,True,7,False,0,Typical mix
6.65,0.0,2.5,0.0,3.4166666666666665,3.3333333333333335,0.0,67,2,True,7,False,1,Social
10.083333333333334,0.0,0.8333333333333334,0.5,0.0,0.5,0.5,54,2,True,7,False,0,Typical mix
8.5,0.1666666666666666,0.3333333333333333,0.0,13.333333333333334,0.0,0.0,55,2,False,10,False,1,Social
7.333333333333333,5.0,1.0,0.0,0.0,0.9166666666666666,0.0,30,2,False,8,False,2,Work-focused
13.016666666666667,0.0,1.0333333333333334,0.0,0.0,4.0,0.0,32,1,False,4,False,0,Typical mix
12.5,0.0,0.5833333333333334,0.0,3.0,0.9666666666666668,0.0,16,2,True,8,False,1,Social
9.5,0.0,0.1666666666666666,0.0,0.0,9.25,0.0,85,2,False,10,False,0,Typical mix
7.583333333333333,0.0,0.8333333333333334,0.0,0.0,1.0,0.0,40,1,False,9,False,0,Typical mix
8.45,4.5,0.0,4.25,0.0,4.0,0.0,54,1,True,8,False,3,Active
8.083333333333334,0.0,1.1666666666666667,0.0,0.0,5.5,0.0,69,1,True,5,False,0,Typical mix
9.083333333333334,0.0,0.8166666666666667,0.0,0.0,2.0,0.0,51,2,True,10,False,0,Typical mix
7.25,0.0,1.6166666666666667,0.0,1.75,1.0,0.0,39,1,True,9,False,0,Typical mix
7.0,8.666666666666666,1.0,0.0,1.75,1.6666666666666667,0.0,51,2,False,6,False,2,Work-focused
7.133333333333334,0.0,1.5,1.5,0.5,6.316666666666666,0.0,26,1,False,4,False,0,Typical mix
8.0,5.916666666666667,2.5,1.1666666666666667,0.0,2.0,0.0,37,1,True,7,False,2,Work-focused
12.0,0.0,0.1666666666666666,0.0,0.0,1.0,0.0,25,2,True,7,False,0,Typical mix
17.466666666666665,0.0,0.0833333333333333,0.0,0.0,3.3833333333333333,0.0,33,1,False,5,False,0,Typical mix
9.0,0.0,0.5,0.0,0.0,5.25,2.0,56,1,True,9,False,0,Typical mix
10.166666666666666,0.0,2.3333333333333335,0.0,1.0,1.9166666666666667,0.0,59,1,True,5,False,0,Typical mix
7.25,0.0,1.0833333333333333,0.0,0.0,2.5,0.0,70,2,True,8,False,0,Typical mix
9.75,0.0,4.833333333333333,5.5,0.0,1.0,0.0,60,1,True,10,False,3,Active
5.0,0.0,0.5833333333333334,0.0,0.0,0.0,0.0,36,1,False,5,False,0,Typical mix
8.833333333333334,7.75,1.4166666666666667,0.0,0.0,0.0,0.0,27,2,False,6,False,2,Work-focused
8.333333333333334,9.333333333333334,1.1666666666666667,0.0,0.0,0.0,0.0,36,1,False,6,False,2,Work-focused
14.366666666666667,0.0,1.25,0.0,0.5,4.25,0.0,23,1,False,4,False,0,Typical mix
8.5,0.0,0.5,0.0,0.5,8.633333333333333,0.0,64,1,True,8,False,0,Typical mix
8.0,0.0,1.0,0.0,0.0,1.0,0.0,20,1,False,5,False,0,Typical mix
8.25,7.5,1.5,0.25,0.0,3.1666666666666665,0.0,85,1,False,10,False,2,Work-focused
8.5,0.0,1.0,0.0,0.9166666666666666,4.416666666666667,0.0,72,2,True,10,False,0,Typical mix
9.0,0.0,1.0,0.0,0.0,6.166666666666667,0.0,35,2,False,10,False,0,Typical mix
8.5,0.0,1.5,0.0,0.0,0.9166666666666666,0.0,63,2,True,8,False,0,Typical mix
6.333333333333333,0.0,1.3333333333333333,0.5,1.25,2.25,0.0,85,2,False,5,False,0,Typical mix
10.0,0.0,2.0833333333333335,0.0,3.0,0.0,0.0,50,1,True,8,False,1,Social
9.0,10.75,0.5,0.0,0.0,0.0,0.0,50,2,False,7,False,2,Work-focused
6.416666666666667,9.75,0.5,0.0,0.75,0.25,0.0,54,1,False,4,False,2,Work-focused
13.0,0.0,0.5,0.0,0.0,1.5,0.0,56,1,True,8,False,0,Typical mix
5.466666666666667,9.2,1.0,0.75,0.0,0.0,0.0,26,2,False,9,False,2,Work-focused
10.0,0.0,0.75,0.0,0.0,2.0,0.0,57,2,True,8,False,0,Typical mix
9.0,5.0,0.25,0.0,0.0,1.5833333333333333,2.0,65,2,False,5,False,2,Work-focused
12.0,0.0,0.75,0.0,0.5,7.0,0.0,61,2,False,5,False,0,Typical mix
12.333333333333334,0.0,0.1666666666666666,0.0,0.0,10.283333333333331,0.0,42,2,True,3,False,0,Typical mix
2.0,0.0,0.35,0.0,0.1666666666666666,3.5,0.0,79,2,True,7,False,2,Work-focused
7.5,0.0,0.75,0.6666666666666666,0.0,8.416666666666666,2.6666666666666665,67,1,True,5,False,4,Computer-leisure
12.666666666666666,0.0,3.0,0.0,0.5,0.0,1.0,33,2,True,6,False,0,Typical mix
8.0,10.833333333333334,1.25,0.0,0.0,1.4166666666666667,0.0,53,1,False,9,False,2,Work-focused
8.0,6.416666666666667,1.6666666666666667,0.0,0.0,2.9166666666666665,0.0,24,2,True,6,False,2,Work-focused
7.75,12.25,0.0,0.0,0.0,0.0,0.0,58,1,False,5,False,2,Work-focused
8.5,0.0,0.6666666666666666,0.0,1.5,2.5,0.0,62,1,False,9,False,0,Typical mix
7.0,0.5,0.3333333333333333,0.0,3.0,3.216666666666667,0.0,54,1,True,7,False,1,Social
7.566666666666666,0.0,1.5,0.0,0.0,1.0,0.0,22,2,True,7,False,0,Typical mix
7.766666666666667,0.0,0.35,4.0,2.0,4.25,0.0,19,1,False,8,False,3,Active
5.5,0.0,0.6666666666666666,0.0,0.0,2.0,0.0,70,1,False,4,False,0,Typical mix
9.75,6.25,1.0833333333333333,0.0,0.25,1.4166666666666667,0.0,71,2,False,5,False,2,Work-focused
12.5,0.0,3.5,0.0,0.0,4.166666666666667,0.0,44,1,True,8,False,0,Typical mix
9.0,0.0,1.0,0.0,0.0,11.833333333333334,0.0,80,2,False,5,False,0,Typical mix
10.0,0.0,0.1666666666666666,0.0,5.833333333333333,3.0,0.0,31,2,True,5,False,1,Social
8.333333333333334,0.0,0.8333333333333334,6.0,0.0,5.166666666666667,0.0,70,1,True,9,False,3,Active
9.5,8.833333333333334,2.0,0.0,0.0,2.0,0.0,54,1,False,8,False,2,Work-focused
10.0,0.0,0.3333333333333333,0.0,0.0,4.333333333333333,0.0,80,2,False,6,False,0,Typical mix
8.666666666666666,0.0,0.8333333333333334,0.0,1.0,0.5,0.0,18,2,False,5,False,0,Typical mix
10.083333333333334,11.25,0.1666666666666666,0.0,0.0,0.5,0.0,18,1,True,6,False,2,Work-focused
9.5,6.833333333333333,1.0,0.0,0.0,2.6666666666666665,0.0,63,1,False,10,False,2,Work-focused
8.833333333333334,8.083333333333334,1.4166666666666667,0.0,0.0,0.9166666666666666,0.0,41,1,False,7,False,2,Work-focused
5.5,13.833333333333334,0.75,0.0,0.0,0.6666666666666666,0.0,39,1,False,6,False,2,Work-focused
9.466666666666669,9.933333333333334,2.0,0.0,0.0,0.5,0.0,51,2,True,5,False,2,Work-focused
10.916666666666666,0.0,1.5,0.0,0.0,3.0833333333333335,0.0,31,2,True,8,False,0,Typical mix
12.5,0.0,2.5,0.1666666666666666,0.0,4.0,0.0,55,1,True,5,False,0,Typical mix
8.0,0.0,2.8333333333333335,0.0,1.25,1.3333333333333333,0.0,66,2,False,7,False,0,Typical mix
9.5,0.0,1.3333333333333333,0.0,0.0,2.75,0.0,60,1,True,8,False,0,Typical mix
9.0,0.0,1.0,0.0,0.0,0.0,0.0,80,2,True,10,False,0,Typical mix
8.416666666666666,0.0,2.3333333333333335,1.5,1.0,6.166666666666667,0.0,80,1,False,7,False,0,Typical mix
10.0,0.0,1.5,0.0,0.0,1.25,0.0,22,2,False,7,False,0,Typical mix
8.0,0.0,0.3333333333333333,0.0,0.0,9.916666666666666,1.0,52,1,True,9,False,0,Typical mix
8.0,0.0,1.6666666666666667,0.0,0.0,5.166666666666667,0.0,57,2,False,10,False,0,Typical mix
10.333333333333334,0.0,0.1666666666666666,0.0,3.0,8.0,0.0,55,2,True,4,False,1,Social
8.666666666666666,11.916666666666666,0.0,0.5,0.0,0.25,0.0,29,1,False,7,False,2,Work-focused
9.0,0.0,2.5,0.0,0.5,0.0,0.0,49,2,True,7,False,0,Typical mix
7.75,0.0,2.0833333333333335,0.0,0.5,3.066666666666667,0.0,42,1,False,5,False,0,Typical mix
9.633333333333333,0.0,1.0,0.0,0.0,1.0,0.0,61,2,False,5,False,0,Typical mix
9.0,0.0,2.1333333333333333,0.0,0.5,0.5,0.0,47,2,True,8,False,0,Typical mix
9.25,0.0,2.5,1.1666666666666667,0.0,1.8333333333333333,0.0,31,2,True,8,False,0,Typical mix
8.0,0.0,0.8333333333333334,0.0,0.25,0.0,0.0,40,2,False,9,False,0,Typical mix
8.083333333333334,0.0,0.6666666666666666,0.0,1.5,2.0,0.0,37,2,True,7,False,0,Typical mix
9.75,0.0,4.083333333333333,0.0,0.0,0.5833333333333334,0.0,67,2,False,8,False,0,Typical mix
11.0,0.0,2.75,0.0,1.5,3.0,0.0,66,2,False,8,False,0,Typical mix
9.3,0.0,0.5,0.0,7.583333333333333,0.0,0.0,25,2,True,5,False,1,Social
13.25,0.0,2.3833333333333333,0.0,0.0,4.0,0.0,39,2,True,8,False,0,Typical mix
8.25,7.916666666666667,1.75,1.0,0.8333333333333334,0.0,0.0,46,2,False,8,False,2,Work-focused
7.083333333333333,7.983333333333333,0.6666666666666666,0.0,2.75,0.0,0.0,24,2,False,8,False,2,Work-focused
10.833333333333334,0.0,2.0,0.0,1.0,3.3333333333333335,0.0,65,2,True,8,False,0,Typical mix
10.166666666666666,3.0,1.5,1.0,0.0,0.9666666666666668,0.0,44,2,True,10,False,0,Typical mix
12.25,0.0,0.5833333333333334,2.2666666666666666,0.0,3.5,0.0,16,1,True,10,False,0,Typical mix
9.0,0.0,0.75,0.0,1.3333333333333333,0.5,0.0,66,1,True,9,False,0,Typical mix
7.333333333333333,7.083333333333333,1.0,0.3333333333333333,0.0,0.75,0.0,60,2,False,6,False,2,Work-focused
11.5,0.0,1.0,0.0,0.0,6.416666666666667,0.0,75,2,False,7,False,0,Typical mix
4.5,0.0,0.5,0.0,0.0,1.75,0.0,61,2,True,5,False,0,Typical mix
14.666666666666666,0.0,0.25,0.0,0.0,2.3833333333333333,0.0,50,2,False,10,False,0,Typical mix
9.666666666666666,0.0,0.0,0.0,0.0,10.5,0.0,66,1,True,8,False,0,Typical mix
8.316666666666666,5.0,0.5833333333333334,1.0,0.0,1.0,0.0,60,1,True,5,False,2,Work-focused
8.0,1.25,2.25,0.0,0.0,2.75,0.0,28,1,True,6,False,0,Typical mix
8.933333333333334,1.5,3.75,0.0,0.0,5.9,0.0,51,1,True,7,False,0,Typical mix
9.416666666666666,0.0,2.3333333333333335,0.0,0.0,3.0833333333333335,0.0,37,2,True,8,False,0,Typical mix
7.583333333333333,12.0,0.3333333333333333,0.0,0.0,0.75,0.0,54,2,False,10,False,2,Work-focused
5.0,0.0,0.1666666666666666,0.0,0.1666666666666666,8.316666666666666,0.0,49,2,False,1,False,0,Typical mix
9.666666666666666,8.0,1.0,0.0,0.0,1.5,0.0,60,1,False,8,False,2,Work-focused
4.916666666666667,7.066666666666666,0.3333333333333333,0.0,4.0,4.0,0.0,37,2,False,9,False,1,Social
9.25,0.0,0.5833333333333334,0.0,0.0,0.0,0.0,17,2,False,6,False,0,Typical mix
4.833333333333333,13.583333333333334,0.5,0.0,0.0,0.3333333333333333,0.0,52,1,False,6,False,2,Work-focused
7.5,8.083333333333334,1.75,0.0,0.0,0.0,0.0,42,1,True,8,False,2,Work-focused
12.5,0.0,1.0,0.0,6.5,0.0,0.0,65,2,True,10,False,1,Social
8.0,0.0,0.75,3.0,0.0,4.15,0.0,67,1,True,10,False,3,Active
9.25,0.0,0.5,0.0,0.0,9.166666666666666,0.0,69,1,False,5,False,0,Typical mix
7.2,7.216666666666667,1.0833333333333333,0.0,1.25,0.0,0.0,65,2,False,7,False,2,Work-focused
11.666666666666666,0.0,0.5,0.0,0.0,3.0,0.0,53,2,False,5,False,0,Typical mix
8.5,7.666666666666667,1.75,0.0,0.0,1.9166666666666667,0.0,41,1,False,7,False,2,Work-focused
10.5,0.0,0.5,0.0,0.0,9.833333333333334,0.0,49,2,True,4,False,0,Typical mix
8.0,0.0,1.0833333333333333,0.0,1.0,11.35,0.0,77,2,True,2,False,0,Typical mix
8.5,7.75,0.5,0.3333333333333333,0.0,0.25,0.0,38,1,True,5,False,2,Work-focused
12.0,0.0,0.1666666666666666,0.0,0.0,7.833333333333333,0.0,42,1,True,7,False,0,Typical mix
9.0,0.0,1.5,0.75,0.0,10.75,0.0,71,1,True,8,False,0,Typical mix
11.083333333333334,0.0,0.5,0.0,0.0,1.0,0.0,47,2,True,4,False,0,Typical mix
8.75,7.166666666666667,0.6666666666666666,0.0,0.75,1.8,0.0,54,2,False,9,False,2,Work-focused
7.25,0.0,1.75,0.0,1.0833333333333333,5.0,0.0,85,1,True,9,False,0,Typical mix
9.983333333333333,0.0,0.2666666666666666,4.5,0.0,4.283333333333333,0.0,17,1,False,5,False,3,Active
6.0,9.166666666666666,0.0,0.0,1.6666666666666667,0.0,0.0,52,1,False,5,False,2,Work-focused
8.0,7.25,0.1666666666666666,0.0,0.0,5.5,0.0,31,1,False,8,False,2,Work-focused
7.083333333333333,0.0,0.1666666666666666,0.0,1.3333333333333333,1.6666666666666667,0.75,46,2,False,8,False,0,Typical mix
8.0,7.416666666666667,1.25,0.5,0.0,2.0,0.0,33,2,False,8,False,2,Work-focused
11.75,0.0,2.3333333333333335,0.0,1.0,4.666666666666667,0.0,54,2,True,8,False,0,Typical mix
8.5,2.0,0.5,0.0,0.0,4.333333333333333,0.0,37,2,False,9,False,0,Typical mix
10.0,0.0,0.5,0.0,0.0,1.25,2.0,52,2,True,7,False,0,Typical mix
6.0,15.0,0.8333333333333334,0.0,0.6666666666666666,0.0,0.0,27,1,True,5,False,2,Work-focused
6.5,0.0,0.1666666666666666,0.0,0.0,11.95,0.0,54,1,True,10,False,0,Typical mix
7.0,9.0,0.5,0.75,0.0,3.75,0.0,65,2,False,6,False,2,Work-focused
8.5,0.0,1.3333333333333333,1.0,0.0,9.916666666666666,0.0,77,1,True,6,False,0,Typical mix
5.833333333333333,0.0,2.0,0.0,0.0,0.0,0.0,71,2,True,7,False,0,Typical mix
8.5,0.0,4.25,0.0,4.0,0.0,0.0,28,2,False,10,False,1,Social
4.5,0.0,2.8333333333333335,0.0,0.0,5.0,0.0,45,1,True,7,False,0,Typical mix
11.333333333333334,8.833333333333334,0.0,0.0,0.0,1.0833333333333333,0.0,31,2,True,7,False,2,Work-focused
9.85,0.0,0.5,0.0,0.0,7.3,0.0,31,1,True,7,False,0,Typical mix
8.5,0.0,1.0,0.5833333333333334,0.0,6.0,3.0,67,1,True,8,False,4,Computer-leisure
7.0,0.0,1.5,0.0,0.0,11.416666666666666,0.0,85,2,False,5,False,0,Typical mix
10.0,0.0,2.0,0.0,0.0,3.0,0.0,61,2,False,10,False,0,Typical mix
7.5,0.0,0.5,0.0,0.0,5.216666666666667,0.0,30,2,False,8,False,0,Typical mix
8.133333333333333,0.0,1.5,0.75,0.9666666666666668,0.5,0.0,41,2,True,9,False,0,Typical mix
15.0,3.0,2.0,0.0,0.0,0.0,0.0,56,1,False,5,False,0,Typical mix
8.666666666666666,6.216666666666667,0.25,0.0,2.3333333333333335,0.0,0.0,56,1,False,7,False,2,Work-focused
7.916666666666667,7.666666666666667,1.0,0.0,2.1666666666666665,0.0,0.1666666666666666,39,2,True,9,False,2,Work-focused
7.75,9.083333333333334,1.0,0.0,0.0,1.55,0.0,43,2,False,9,False,2,Work-focused
8.416666666666666,0.0,1.5,0.0,2.0,0.0,5.8,70,2,True,5,False,4,Computer-leisure
8.983333333333333,0.0,1.0,0.0,2.0,2.0,0.0,49,2,True,5,False,0,Typical mix
8.5,0.0,0.75,0.0,3.783333333333333,1.4166666666666667,0.0,66,1,True,5,False,1,Social
10.166666666666666,0.0,0.75,0.0,3.0,0.6666666666666666,0.0,35,2,False,8,False,1,Social
7.5,13.0,1.5,0.0,0.0,0.0,0.0,57,1,False,8,False,2,Work-focused
11.0,0.0,2.3333333333333335,0.0,2.0,2.8333333333333335,0.0,52,2,True,10,False,0,Typical mix
8.5,7.833333333333333,1.6666666666666667,0.0,0.0,0.5,1.0,58,1,False,4,False,2,Work-focused
10.25,0.0,1.5,1.75,0.0,1.0,0.0,63,2,False,8,False,0,Typical mix
9.75,0.0,2.75,0.3333333333333333,2.25,0.9166666666666666,0.0,61,2,False,9,False,1,Social
6.983333333333333,11.816666666666666,0.6666666666666666,0.0,1.3333333333333333,0.5,0.0,29,1,False,6,False,2,Work-focused
8.75,0.0,1.25,1.5,0.0,8.666666666666666,1.0,61,1,True,10,False,0,Typical mix
9.5,8.916666666666666,0.5833333333333334,0.0,0.0,1.0,0.0,45,1,False,8,False,2,Work-focused
9.5,0.0,2.8333333333333335,0.0,0.0,2.3333333333333335,0.0,45,2,True,8,False,0,Typical mix
8.0,0.0,1.5,1.0,0.0,2.8333333333333335,0.0,64,1,False,8,False,0,Typical mix
9.5,0.0,0.75,0.0,0.0,0.0,0.0,15,2,True,7,False,0,Typical mix
7.666666666666667,0.0,2.5,0.5833333333333334,0.0,1.0,1.0,45,1,True,7,False,0,Typical mix
12.333333333333334,0.0,1.5,0.0,0.75,4.333333333333333,0.0,52,1,True,5,False,0,Typical mix
7.683333333333334,0.0,1.0,0.0,6.0,3.75,0.0,30,1,True,9,False,1,Social
6.5,9.5,1.25,0.0,0.0,0.5,0.0,43,1,False,10,False,2,Work-focused
6.5,15.333333333333334,1.3333333333333333,0.0,0.0,0.0,0.0,60,1,False,8,False,2,Work-focused
8.666666666666666,9.416666666666666,1.0,0.0,0.0,0.0,0.0,27,2,True,5,False,2,Work-focused
7.5,7.55,1.5,0.0,0.0,1.0,0.0,49,2,False,6,False,2,Work-focused
10.583333333333334,0.0,0.5,0.0,0.75,2.0833333333333335,0.0,60,2,True,5,False,0,Typical mix
5.166666666666667,7.75,1.1666666666666667,0.0,1.0,2.0,2.25,43,1,False,9,False,2,Work-focused
8.583333333333334,0.0,0.0,0.0,0.1666666666666666,1.0,0.0,16,2,False,8,False,0,Typical mix
7.5,6.55,0.6666666666666666,0.0,0.6666666666666666,1.0,0.0,55,2,False,5,False,2,Work-focused
12.5,0.0,1.25,0.0,1.5,0.0,1.0,52,1,True,9,False,0,Typical mix
11.0,0.0,0.4166666666666667,0.0,0.0,1.4833333333333334,0.0,29,1,True,7,False,0,Typical mix
7.5,0.0,2.6666666666666665,0.0,1.0,0.9166666666666666,1.5,61,2,True,3,False,0,Typical mix
9.0,0.0,0.3333333333333333,0.0,0.0,0.0,0.0,26,1,False,4,False,0,Typical mix
6.5,10.5,0.5,0.0,0.0,2.5,0.0,58,1,False,7,False,2,Work-focused
8.166666666666666,0.0,0.25,0.0,1.5833333333333333,0.0,0.0,44,2,True,9,False,0,Typical mix
9.0,8.083333333333334,2.25,0.0,0.0,1.25,0.0,59,2,False,10,False,2,Work-focused
10.533333333333331,8.583333333333334,0.75,0.0,1.0,0.0,0.0,20,1,False,7,False,2,Work-focused
11.316666666666666,0.0,1.0,0.0,3.8333333333333335,2.5,0.0,27,1,True,8,False,1,Social
12.5,0.0,1.5,0.0,0.0,9.0,0.0,56,1,True,6,False,0,Typical mix
9.5,0.0,0.5,0.0,0.0,6.75,0.0,29,2,True,8,False,0,Typical mix
9.333333333333334,0.0,1.25,0.0,1.6166666666666667,2.6666666666666665,0.0,66,2,False,9,False,0,Typical mix
11.083333333333334,6.583333333333333,0.5,0.0,0.0,4.0,0.0,41,1,True,10,False,2,Work-focused
6.0,0.0,1.0,0.0,0.1666666666666666,12.633333333333333,0.0,72,2,True,7,False,0,Typical mix
17.0,0.0,0.5,0.0,0.0,0.0,0.0,48,2,True,10,False,0,Typical mix
9.166666666666666,7.983333333333333,1.0,1.0,0.0,2.0,0.0,41,1,False,7,False,2,Work-focused
9.916666666666666,0.0,1.1666666666666667,0.0,0.0,7.716666666666667,0.0,64,2,True,3,False,0,Typical mix
7.0,0.0,1.0,0.0,1.0,2.5,0.5,35,2,True,8,False,0,Typical mix
8.75,10.25,0.5,0.0,1.0,0.5833333333333334,0.0,50,1,True,5,False,2,Work-focused
17.25,0.0,0.3333333333333333,0.0,0.0,3.0,0.0,17,2,True,8,False,0,Typical mix
9.0,0.0,0.75,0.0,0.0,5.666666666666667,0.0,61,1,True,9,False,0,Typical mix
19.0,0.0,1.0,0.0,0.0,1.0,0.0,39,1,True,5,False,0,Typical mix
10.083333333333334,0.0,0.9166666666666666,0.0,1.0,2.3333333333333335,0.3333333333333333,25,2,False,6,False,0,Typical mix
8.0,8.133333333333333,1.3333333333333333,1.0,0.0,3.5,0.0,60,1,False,8,False,2,Work-focused
8.75,0.0,2.0,0.0,0.0,2.25,1.0,80,2,True,4,False,0,Typical mix
8.416666666666666,0.0,0.6666666666666666,0.0,0.75,4.083333333333333,0.0,62,2,True,5,False,0,Typical mix
7.916666666666667,1.0,2.0,0.0,0.0,1.5,0.0,33,2,True,5,False,0,Typical mix
14.75,0.0,1.9166666666666667,2.75,0.0,2.0,1.0,23,1,True,5,False,3,Active
7.5,0.0,1.5,0.0,0.0,0.1666666666666666,4.75,38,2,True,5,False,4,Computer-leisure
8.0,0.0,0.5833333333333334,0.0,0.1666666666666666,4.5,0.0,32,2,False,6,False,0,Typical mix
9.083333333333334,0.0,0.5,0.0,0.0,1.0,0.0,72,1,False,8,False,0,Typical mix
8.5,0.0,1.4166666666666667,0.0,2.0,4.0,0.0,52,2,True,8,False,0,Typical mix
8.5,0.0,1.5,0.0,0.0,8.583333333333334,0.0,68,1,True,8,False,0,Typical mix
12.35,0.0,0.95,2.966666666666667,1.85,0.0,1.0,52,2,True,8,False,3,Active
9.0,0.0,1.4166666666666667,0.0,2.5,2.25,0.0,78,2,True,5,False,1,Social
9.5,3.0,0.8333333333333334,2.0,0.0,1.3333333333333333,0.0,62,1,True,8,False,0,Typical mix
11.666666666666666,0.0,0.75,0.0,0.9166666666666666,2.0,0.0,55,2,True,6,False,0,Typical mix
9.5,0.0,0.5,0.0,0.0,5.666666666666667,0.0,44,1,True,8,False,0,Typical mix
10.5,0.0,0.5,0.0,0.0,11.75,0.0,69,1,True,10,False,0,Typical mix
8.416666666666666,0.0,0.1666666666666666,1.6333333333333333,0.0,3.0,3.9166666666666665,54,1,False,6,False,4,Computer-leisure
7.333333333333333,0.0,0.4166666666666667,0.0,1.0,6.466666666666667,0.0,47,2,False,2,False,0,Typical mix
9.5,0.0,0.9166666666666666,0.0,0.0,13.583333333333334,0.0,57,1,True,5,False,0,Typical mix
9.316666666666666,0.0,1.0833333333333333,0.5,0.75,2.2,0.0,62,1,False,9,False,0,Typical mix
6.45,0.0,0.5,0.0,0.0,0.0,0.0,40,1,True,5,False,0,Typical mix
12.0,0.0,0.75,0.0,0.0,2.0,0.0,33,2,True,8,False,0,Typical mix
10.0,3.0,3.0,2.0,0.0,4.0,0.0,49,2,True,9,False,0,Typical mix
8.25,6.5,0.8333333333333334,0.0,0.0,1.75,0.0,59,2,True,4,False,2,Work-focused
9.0,0.0,1.0,0.0,0.0,6.0,1.0,15,2,True,7,False,0,Typical mix
8.75,10.166666666666666,0.6666666666666666,0.0,0.0,0.5,0.0,37,1,False,9,False,2,Work-focused
8.0,0.0,0.5,1.5,0.0,0.5,0.0,37,1,True,7,False,0,Typical mix
5.5,0.0,1.5,0.0,0.5,11.0,0.0,56,1,False,6,False,0,Typical mix
10.0,0.0,0.5,0.0,0.0,1.4166666666666667,0.0,39,2,True,8,False,0,Typical mix
11.083333333333334,0.0,1.0,0.0,0.0,3.0,0.0,32,1,True,8,False,0,Typical mix
7.5,0.0,2.0,0.75,2.0,4.75,0.0,33,1,True,2,False,0,Typical mix
3.5,3.6666666666666665,0.0,0.0,0.0,7.0,0.0,28,2,True,4,False,2,Work-focused
11.0,0.0,2.3333333333333335,0.0,0.0,2.8333333333333335,0.0,56,2,True,8,False,0,Typical mix
9.0,4.766666666666667,0.5833333333333334,0.0,0.0,1.4833333333333334,0.0,36,2,True,6,False,2,Work-focused
10.25,0.0,1.0833333333333333,0.0,0.0,0.5,0.0,70,2,False,9,False,0,Typical mix
8.0,0.0,1.5,0.0,0.0,14.0,0.0,70,1,True,8,False,0,Typical mix
6.166666666666667,0.0,1.4166666666666667,0.0,0.0,0.3333333333333333,0.0,63,2,True,9,False,0,Typical mix
4.516666666666667,0.0,0.3333333333333333,2.0,0.0,2.0,0.0,64,2,True,10,False,0,Typical mix
11.0,0.0,1.0,0.0,0.0,8.083333333333334,1.0,36,1,True,6,False,0,Typical mix
8.0,0.25,1.0,0.0,0.0,4.5,0.75,46,1,True,6,False,0,Typical mix
8.5,0.0,1.5,0.0,0.0,3.0,0.0,85,2,False,8,False,0,Typical mix
9.5,0.0,0.5,0.0,1.5,7.083333333333333,0.0,72,2,False,8,False,0,Typical mix
10.0,0.0,0.8333333333333334,1.5,0.0,7.666666666666667,0.0,74,1,True,3,False,0,Typical mix
9.0,8.75,1.5833333333333333,0.0,0.0,2.4166666666666665,0.0,46,1,False,7,False,2,Work-focused
11.0,0.0,0.75,0.0,0.0,1.5833333333333333,0.0,29,2,True,7,False,0,Typical mix
9.0,0.0,1.0,0.0,0.0,1.5,0.0,35,2,False,7,False,0,Typical mix
4.0,8.866666666666667,0.75,0.0,0.0,0.0,0.0,39,2,True,10,False,2,Work-focused
10.333333333333334,0.3333333333333333,1.4166666666666667,0.0,0.0,3.5,0.0,42,2,True,7,False,0,Typical mix
8.5,7.733333333333333,0.6666666666666666,0.0,0.0,1.5,2.1166666666666667,18,2,False,2,False,2,Work-focused
6.5,8.166666666666666,0.9166666666666666,0.0,0.25,4.25,0.0,55,2,False,8,False,2,Work-focused
15.666666666666666,0.0,2.0,0.0,1.0,1.0,0.0,41,1,False,7,False,0,Typical mix
6.0,8.5,0.75,0.0,0.0,6.166666666666667,0.0,53,1,False,7,False,2,Work-focused
6.333333333333333,0.0,0.8333333333333334,0.0,0.0,0.0,0.0,63,1,False,5,False,0,Typical mix
8.5,0.0,1.0,0.0,0.0,9.666666666666666,0.0,53,2,True,10,False,0,Typical mix
8.25,0.0,2.0,0.0,2.4166666666666665,3.3666666666666667,0.0,74,2,True,8,False,1,Social
10.5,0.0,0.1666666666666666,0.0,0.0,5.5,0.0,18,2,False,8,False,0,Typical mix
7.916666666666667,10.75,0.25,0.0,0.0,0.0,0.0,53,2,True,8,False,2,Work-focused
9.0,0.0,2.5833333333333335,0.0,0.0,10.416666666666666,0.0,64,1,True,5,False,0,Typical mix
7.5,0.0,2.6666666666666665,0.3333333333333333,0.9166666666666666,2.466666666666667,0.0,56,2,True,8,False,0,Typical mix
9.666666666666666,0.0,0.25,0.0,0.75,6.5,0.0,79,2,True,3,False,0,Typical mix
5.916666666666667,7.5,1.5,0.0,0.0,0.75,0.0,33,1,True,8,False,2,Work-focused
8.25,0.0,1.25,0.0,0.0,2.0833333333333335,0.75,34,2,True,8,False,0,Typical mix
10.0,3.4166666666666665,0.6666666666666666,0.0,4.25,1.8333333333333333,1.5,43,1,True,6,False,1,Social
10.0,0.0,1.3333333333333333,0.0,0.0,6.0,0.0,52,2,False,8,False,0,Typical mix
10.0,2.5,2.0,0.0,0.0,8.0,0.0,60,2,True,9,False,0,Typical mix
8.25,5.55,1.0,0.0,0.0,0.0,0.0,42,2,False,5,False,2,Work-focused
10.0,0.0,0.75,0.0,0.0,6.083333333333333,0.0,79,1,True,4,False,0,Typical mix
13.0,0.0,0.5,0.0,5.5,0.0,5.0,67,2,True,5,False,4,Computer-leisure
7.75,8.25,1.0833333333333333,0.0,0.9166666666666666,2.25,0.0,73,2,False,10,False,2,Work-focused
9.583333333333334,0.0,1.8333333333333333,0.0,1.25,2.0,0.0,57,2,True,4,False,0,Typical mix
8.0,0.0,0.9166666666666666,0.75,0.0,2.55,0.0,49,2,True,7,False,0,Typical mix
12.9,0.0,0.5,0.0,1.0,2.75,0.0,17,1,True,10,False,0,Typical mix
6.0,8.333333333333334,0.3333333333333333,0.3333333333333333,0.0,2.0,0.0,41,2,False,7,False,2,Work-focused
8.0,0.0,1.75,0.0,1.1666666666666667,0.1833333333333333,0.0,35,2,False,10,False,0,Typical mix
10.85,0.0,1.0833333333333333,0.0,0.0,8.5,0.0,38,1,True,10,False,0,Typical mix
9.666666666666666,0.0,0.8333333333333334,2.4166666666666665,0.8333333333333334,3.6666666666666665,0.0,67,1,True,9,False,3,Active
11.25,0.0,0.8333333333333334,0.0,0.0,4.333333333333333,0.0,57,1,False,0,False,0,Typical mix
8.5,0.0,1.75,1.5,4.666666666666667,0.6666666666666666,0.0,31,1,True,7,False,1,Social
7.25,0.0,1.0,0.0,1.25,1.75,0.0,29,2,True,7,False,0,Typical mix
9.583333333333334,2.5833333333333335,0.25,0.0,1.25,3.55,0.0,32,2,True,7,False,0,Typical mix
8.5,0.0,1.75,0.0,6.25,1.5,0.0,35,1,True,10,False,1,Social
9.75,0.0,1.5,0.0,0.0,6.166666666666667,0.0,71,2,False,5,False,0,Typical mix
9.666666666666666,0.25,1.5,0.0,2.3333333333333335,0.0,0.25,43,2,True,10,False,1,Social
8.75,0.6666666666666666,1.5833333333333333,0.0,0.0,0.75,0.0,48,1,True,8,False,0,Typical mix
8.75,13.25,1.0,0.0,0.0,0.0,0.0,47,1,False,5,False,2,Work-focused
11.416666666666666,9.25,0.75,0.0,0.0,0.0,0.0,24,2,False,8,False,2,Work-focused
8.0,0.0,1.0833333333333333,0.0,0.0,2.75,0.0,71,2,True,5,False,0,Typical mix
7.0,8.833333333333334,3.25,0.0,0.0,1.0833333333333333,0.0,56,1,False,8,False,2,Work-focused
8.25,0.0,1.25,0.0,7.333333333333333,1.0,0.0,85,2,True,9,False,1,Social
8.5,9.05,1.05,0.0,0.0,3.0833333333333335,0.0,26,1,True,3,False,2,Work-focused
8.5,0.0,2.5,0.0,0.75,8.916666666666666,0.0,85,1,True,8,False,0,Typical mix
9.0,0.0,0.0,0.0,2.3333333333333335,2.8333333333333335,0.0,76,1,False,8,False,1,Social
10.0,0.0,0.25,0.0,0.0,13.5,0.0,58,2,True,10,False,0,Typical mix
7.75,0.0,2.25,0.0,0.3333333333333333,3.9166666666666665,0.0,66,2,False,9,False,0,Typical mix
6.016666666666667,0.0,0.75,0.0,0.0,6.483333333333333,0.0,53,2,False,6,False,0,Typical mix
6.5,7.0,0.6666666666666666,0.0,1.0,4.166666666666667,2.1666666666666665,58,2,False,10,False,2,Work-focused
6.75,13.55,0.3333333333333333,0.5,0.0,0.0,0.0,30,2,False,10,False,2,Work-focused
8.75,8.0,1.0,0.0,0.5,3.1666666666666665,0.0,55,1,False,7,False,2,Work-focused
12.783333333333331,0.0,1.0833333333333333,0.0,0.0,2.4166666666666665,0.0,49,1,False,5,False,0,Typical mix
7.25,11.25,0.75,0.0,0.0,2.75,0.0,51,1,False,4,False,2,Work-focused
6.0,9.25,0.3333333333333333,0.0,0.0,5.083333333333333,0.0,32,1,False,5,False,2,Work-focused
7.0,11.5,1.5,0.0,0.0,2.0,0.0,22,1,False,5,False,2,Work-focused
9.666666666666666,0.0,0.5,1.0,1.25,2.5,0.0,39,2,True,8,False,0,Typical mix
7.666666666666667,0.0,0.3333333333333333,2.0,0.0,1.5,0.0,20,1,True,8,False,0,Typical mix
7.833333333333333,0.0,4.333333333333333,2.0,0.1666666666666666,4.8,1.4666666666666666,61,1,True,10,False,0,Typical mix
12.5,0.0,1.0,0.0,0.0,8.166666666666666,0.0,29,2,True,4,False,0,Typical mix
18.0,0.0,0.5,0.0,0.0,1.0,1.5,63,2,True,7,False,0,Typical mix
7.833333333333333,0.0,0.8333333333333334,0.0,0.0,8.0,0.0,61,2,True,6,False,0,Typical mix
12.0,0.0,0.5,1.0,0.0,9.5,0.0,66,1,True,10,False,0,Typical mix
10.166666666666666,0.0,0.6666666666666666,0.5,0.0,8.0,0.0,49,1,True,5,False,0,Typical mix
9.0,0.0,1.0,0.0,0.0,10.166666666666666,0.0,48,2,False,5,False,0,Typical mix
8.75,0.0,0.4166666666666667,0.0,0.0,7.75,0.0,66,1,True,10,False,0,Typical mix
12.5,0.0,0.0,0.0,0.0,8.966666666666667,0.0,57,2,False,7,False,0,Typical mix
14.833333333333334,0.0,0.3333333333333333,0.0,0.0,2.0,0.0,47,1,True,7,False,0,Typical mix
8.5,0.0,1.25,0.0,4.916666666666667,3.1666666666666665,0.0,61,1,True,9,False,1,Social
8.5,1.0,1.0,0.0,0.5,2.1666666666666665,0.0,38,2,True,6,False,0,Typical mix
6.2,3.0,0.6666666666666666,1.5,0.0,2.5,0.0,40,2,False,4,False,2,Work-focused
6.25,0.0,1.25,0.0,2.4166666666666665,3.1166666666666667,0.0,71,2,True,10,False,1,Social
8.75,2.0,1.8333333333333333,0.0,0.9166666666666666,3.5833333333333335,0.0,43,2,True,7,False,0,Typical mix
11.25,0.0,2.0,0.75,0.0,4.0,0.0,27,2,True,6,False,0,Typical mix
9.25,0.0,0.5833333333333334,0.0,0.0,0.5,0.0,85,1,True,5,False,0,Typical mix
11.75,0.0,2.0,0.0,0.0,10.0,0.0,67,1,True,5,False,0,Typical mix
6.166666666666667,2.0,1.0,0.4166666666666667,0.5833333333333334,0.0,0.0,49,2,False,7,False,2,Work-focused
10.333333333333334,0.0,0.5,0.0,0.0,0.3333333333333333,0.0,50,2,True,7,False,0,Typical mix
8.0,0.0,2.1666666666666665,0.0,0.0,2.0,0.0,43,2,True,7,False,0,Typical mix
9.5,8.083333333333334,0.0,0.0,0.0,5.416666666666667,0.0,30,2,True,8,False,2,Work-focused
11.75,0.0,0.6666666666666666,0.0,0.0,0.8333333333333334,0.0,37,2,True,10,False,0,Typical mix
7.5,0.0,2.216666666666667,0.0,0.0,0.0,0.0,68,1,True,10,False,0,Typical mix
8.5,0.0,1.1666666666666667,2.5,4.0,2.1666666666666665,0.0,80,2,False,8,False,1,Social
5.983333333333333,8.0,1.9166666666666667,1.0,0.0,1.0,0.0,58,1,False,8,False,2,Work-focused
7.216666666666667,3.3333333333333335,4.583333333333333,1.0,0.8333333333333334,0.4166666666666667,0.0,52,2,False,9,False,0,Typical mix
8.5,7.25,0.9166666666666666,0.0,0.4166666666666667,1.5,1.8333333333333333,50,1,False,9,False,2,Work-focused
4.0,8.333333333333334,0.75,0.0,0.0,0.0,0.0,26,1,True,10,False,2,Work-focused
7.5,9.0,0.25,0.0,0.0,3.9166666666666665,0.0,47,1,False,5,False,2,Work-focused
8.5,0.0,1.1666666666666667,0.0,0.0,12.75,0.0,80,1,True,10,False,0,Typical mix
8.133333333333333,1.5,2.6666666666666665,0.0,2.033333333333333,2.8333333333333335,0.0,60,2,True,8,False,0,Typical mix
7.5,10.5,0.0,0.3333333333333333,0.0,2.0,1.5,53,2,False,6,False,2,Work-focused
3.5,14.0,3.0,0.5,0.0,0.9166666666666666,0.0,20,1,False,7,False,2,Work-focused
7.0,0.5,1.6666666666666667,1.0,0.0,1.5,1.5,57,1,True,7,False,0,Typical mix
9.95,5.75,0.75,0.0,0.0,1.0,0.95,61,2,False,6,False,2,Work-focused
8.5,0.0,0.5,2.0,0.0,1.0,0.0,31,2,False,10,False,0,Typical mix
6.0,0.0,2.1333333333333333,0.0,3.25,0.0,0.0,59,1,True,10,False,1,Social
8.0,0.0,2.3333333333333335,0.0,0.5,5.75,0.0,74,1,True,6,False,0,Typical mix
10.5,0.0,1.5,0.0,0.0,5.75,1.0,75,2,False,8,False,0,Typical mix
10.166666666666666,0.0,1.75,0.0,0.1666666666666666,1.0,0.0,35,2,True,10,False,0,Typical mix
8.166666666666666,0.0,1.6666666666666667,0.0,2.8333333333333335,1.5,1.0,16,1,True,9,False,1,Social
12.5,0.0,2.4166666666666665,0.0,1.0,2.0833333333333335,0.0,63,1,True,10,False,0,Typical mix
7.25,10.333333333333334,0.75,0.0,0.0,2.25,0.0,37,1,True,7,False,2,Work-focused
10.0,0.0,1.1666666666666667,1.0,0.0,4.166666666666667,0.0,24,1,True,7,False,0,Typical mix
8.25,0.0,1.9166666666666667,0.0,0.0,2.0,0.0,32,2,False,8,False,0,Typical mix
7.0,0.0,0.7833333333333333,0.0,0.25,5.916666666666667,0.0,55,2,True,5,False,0,Typical mix
8.5,0.3333333333333333,1.0833333333333333,0.0,0.0,10.75,0.0,30,1,True,8,False,0,Typical mix
10.0,0.0,0.3333333333333333,0.0,0.0,0.0,0.0,45,2,True,5,False,0,Typical mix
10.0,0.0,1.3333333333333333,0.0,0.0,3.05,0.5,42,2,True,8,False,0,Typical mix
10.416666666666666,0.0,1.1666666666666667,0.0,0.0,2.0,0.0,61,2,True,6,False,0,Typical mix
9.0,0.0,0.5833333333333334,0.0,0.0,6.416666666666667,5.833333333333333,61,1,True,6,False,4,Computer-leisure
7.75,3.9166666666666665,0.8333333333333334,0.0,2.8333333333333335,2.0833333333333335,0.0,31,1,True,7,False,1,Social
9.75,0.0,1.0833333333333333,0.3333333333333333,1.1666666666666667,2.5,0.0,71,2,True,5,False,0,Typical mix
10.5,0.0,1.0,0.0,0.0,4.0,0.0,39,2,True,7,False,0,Typical mix
7.833333333333333,7.75,1.9166666666666667,0.0,0.0,1.6666666666666667,0.0,36,2,False,8,False,2,Work-focused
9.666666666666666,0.0,1.75,0.0,0.0,8.5,0.0,31,2,False,6,False,0,Typical mix
8.833333333333334,0.0,0.1666666666666666,0.0,4.45,5.25,0.0,18,1,False,6,False,1,Social
7.5,0.0,1.9833333333333336,1.3333333333333333,0.0,0.0,1.5,73,2,True,10,False,0,Typical mix
7.416666666666667,0.0,1.0833333333333333,0.0,0.0,0.0,0.0,34,2,True,5,False,0,Typical mix
9.75,0.0,1.75,0.0,0.0,2.0,0.0,37,1,True,8,False,0,Typical mix
12.0,4.25,0.5,0.0,0.0,2.75,0.0,40,2,False,6,False,0,Typical mix
7.75,0.0,0.3333333333333333,0.0,0.0,1.7,0.0,59,2,True,7,False,0,Typical mix
11.083333333333334,0.0,1.0833333333333333,1.0,0.0,1.6666666666666667,1.5833333333333333,42,1,True,7,False,0,Typical mix
7.25,5.333333333333333,0.5,0.0,1.0,0.5,0.0,71,1,False,9,False,2,Work-focused
10.166666666666666,9.65,0.75,0.0,0.3666666666666666,0.5333333333333333,0.0,28,1,False,7,False,2,Work-focused
6.0,0.0,0.25,0.0,0.85,8.75,0.0,65,2,True,10,False,0,Typical mix
11.233333333333333,0.0,1.75,5.583333333333333,0.0,1.9833333333333336,0.0,17,1,True,9,False,3,Active
8.25,8.25,1.5833333333333333,0.0,0.0,0.0,0.0,54,1,False,3,False,2,Work-focused
5.0,0.0,4.0,0.0,3.0,0.5,0.0,63,1,True,5,False,1,Social
4.5,0.0,6.083333333333333,0.0,2.0,0.0,0.0,28,2,True,8,False,1,Social
7.0,0.0,0.3333333333333333,2.5,0.0,0.0,0.0,23,2,True,8,False,3,Active
8.0,0.0,1.0,0.0,1.8333333333333333,1.0,0.0,85,1,False,10,False,0,Typical mix
12.0,0.0,1.1666666666666667,0.0,0.0,5.083333333333333,0.0,24,1,True,9,False,0,Typical mix
9.616666666666667,0.0,1.8,0.0,0.0,4.716666666666667,0.0,77,1,False,4,False,0,Typical mix
9.0,5.5,2.1666666666666665,0.0,0.0,3.0,0.0,40,1,True,8,False,2,Work-focused
8.5,10.716666666666669,1.25,0.5,0.25,2.5,0.0,62,1,False,7,False,2,Work-focused
9.0,2.5,0.5,0.0,0.0,8.933333333333334,2.0,61,1,True,5,False,0,Typical mix
12.25,0.0,1.25,0.0,0.0,1.9,0.0,80,1,False,8,False,0,Typical mix
7.0,8.916666666666666,0.75,0.0,0.0,0.0,0.0,30,2,False,8,False,2,Work-focused
7.75,0.0,0.6666666666666666,0.0,1.3333333333333333,4.0,0.0,53,1,False,10,False,0,Typical mix
12.75,1.0,0.1666666666666666,0.0,0.0,0.0,0.0,47,2,False,3,False,0,Typical mix
8.083333333333334,8.333333333333334,0.75,0.0,0.0,0.0,0.0,25,2,False,7,False,2,Work-focused
11.166666666666666,0.0,2.8333333333333335,0.0,4.166666666666667,2.0,0.0,30,2,True,10,False,1,Social
8.0,9.133333333333333,0.55,0.0,0.0,2.45,0.0,53,2,False,7,False,2,Work-focused
7.966666666666667,7.55,1.0,0.0,1.0,2.25,0.0,44,2,False,7,False,2,Work-focused
9.416666666666666,7.5,1.0,0.0,0.4166666666666667,2.0,0.0,32,1,False,7,False,2,Work-focused
11.833333333333334,7.833333333333333,1.1666666666666667,0.8333333333333334,0.0,0.0,0.0,39,1,False,9,False,2,Work-focused
7.0,0.0,1.2666666666666666,1.25,1.1166666666666667,2.3666666666666667,0.0,16,1,False,9,False,0,Typical mix
7.0,0.0,1.75,0.0,0.0,5.0,0.0,40,1,True,6,False,0,Typical mix
3.75,0.0,0.9166666666666666,0.0,1.0833333333333333,4.416666666666667,0.0,35,2,False,8,False,0,Typical mix
10.583333333333334,0.0,0.4166666666666667,0.0,0.0,3.0,0.0,48,2,True,2,False,0,Typical mix
8.633333333333333,0.0,0.75,0.0,0.0,5.0,1.5,54,2,False,4,False,0,Typical mix
9.5,0.0,1.0,0.0,0.0,2.0,0.0,38,1,True,7,False,0,Typical mix
7.9,6.416666666666667,1.1666666666666667,0.0,1.8333333333333333,2.25,0.0,54,2,False,0,False,2,Work-focused
9.666666666666666,0.0,0.25,0.0,0.0,14.0,0.0,34,1,True,8,False,0,Typical mix
8.0,8.0,2.25,0.0,0.0,0.0,0.0,59,2,False,8,False,2,Work-focused
8.233333333333333,0.0,1.0833333333333333,0.0,3.9,5.233333333333333,0.0,44,2,True,3,False,1,Social
8.0,7.833333333333333,1.75,0.0,0.5,0.5,0.0,67,1,False,7,False,2,Work-focused
6.833333333333333,10.0,0.0,0.0,0.0,1.5,0.0,43,2,False,5,False,2,Work-focused
6.916666666666667,8.833333333333334,0.1666666666666666,0.75,0.0,0.0,0.8333333333333334,61,2,False,8,False,2,Work-focused
6.75,8.0,0.4166666666666667,0.0,0.5,0.25,0.0,38,2,False,7,False,2,Work-focused
10.0,9.75,1.25,0.0,0.0,2.4166666666666665,0.0,57,1,False,8,False,2,Work-focused
8.5,7.5,1.3333333333333333,0.0,0.0,2.5,0.0,71,1,False,7,False,2,Work-focused
9.666666666666666,0.0,2.0,0.0,4.166666666666667,0.5,0.0,74,2,False,10,False,1,Social
6.166666666666667,8.416666666666666,1.1666666666666667,0.0,0.0,1.0,0.0,36,1,False,5,False,2,Work-focused
16.166666666666668,0.0,0.3333333333333333,0.0,0.0,3.3333333333333335,0.0,32,1,False,5,False,0,Typical mix
6.633333333333334,1.0,0.25,0.0,0.2833333333333333,0.0,0.0,17,2,False,8,False,0,Typical mix
11.5,0.0,1.75,0.0,0.0,7.0,0.0,24,2,True,8,False,0,Typical mix
7.583333333333333,10.5,1.75,0.0,0.0,3.0,0.0,61,1,False,9,False,2,Work-focused
10.666666666666666,0.0,0.5833333333333334,0.0,0.0,7.333333333333333,0.0,15,1,True,3,False,0,Typical mix
8.466666666666667,0.0,0.3333333333333333,5.266666666666667,0.0,9.25,0.0,64,1,True,5,False,3,Active
9.666666666666666,0.0,3.1666666666666665,0.75,0.0,5.5,0.0,62,1,True,8,False,0,Typical mix
8.966666666666667,0.0,0.5,2.0,1.0,2.0,0.0,39,2,False,7,False,0,Typical mix
8.5,0.0,0.5,0.0,7.416666666666667,0.0,0.0,38,2,True,6,False,1,Social
11.966666666666669,0.0,0.5,0.0,0.5,0.0,0.0,48,2,True,8,False,0,Typical mix
7.25,1.5,0.5,1.0,0.0,3.533333333333333,0.0,50,1,True,7,False,0,Typical mix
8.5,6.083333333333333,0.8333333333333334,0.0,0.5,3.1,0.0,36,2,False,9,False,2,Work-focused
10.0,0.3333333333333333,0.0,6.0,0.0,4.55,0.0,55,1,True,7,False,3,Active
8.833333333333334,13.0,1.0,0.0,0.0,0.0,0.0,42,1,False,6,False,2,Work-focused
8.966666666666667,0.0,0.25,0.0,0.0,4.0,0.0,60,2,False,6,False,0,Typical mix
7.083333333333333,0.0,1.7666666666666666,0.0,1.0833333333333333,1.0833333333333333,0.0,37,1,False,7,False,0,Typical mix
10.166666666666666,6.583333333333333,1.4166666666666667,0.0,0.0,1.0,0.0,22,2,True,5,False,2,Work-focused
7.5,5.0,1.25,1.5,0.0,5.4,0.0,45,1,False,8,False,0,Typical mix
11.066666666666666,0.0,1.5833333333333333,0.0,0.0,4.916666666666667,0.0,55,2,True,10,False,0,Typical mix
6.416666666666667,7.016666666666667,1.0,0.0,0.3333333333333333,0.0,0.0,57,2,False,5,False,2,Work-focused
11.0,7.75,0.3333333333333333,0.0,0.0,3.4166666666666665,0.0,53,2,False,10,False,2,Work-focused
7.166666666666667,0.0,1.25,1.5,0.0,3.0,0.1666666666666666,23,1,False,9,False,0,Typical mix
8.25,9.05,0.25,0.0,0.0,1.0,0.0,60,2,False,10,False,2,Work-focused
5.416666666666667,6.9,0.3,0.0,0.0,8.75,0.0,46,1,False,9,False,2,Work-focused
6.133333333333334,13.216666666666669,2.5,0.0,0.0,0.0,0.0,35,1,True,5,False,2,Work-focused
7.083333333333333,0.0666666666666666,2.3333333333333335,0.0,1.05,1.25,0.0,56,1,True,6,False,0,Typical mix
13.75,0.0,0.45,0.0,0.0,6.916666666666667,0.0,56,2,False,0,False,0,Typical mix
8.133333333333333,6.833333333333333,2.0833333333333335,0.0,0.0,0.8666666666666667,1.5,33,2,False,5,False,2,Work-focused
9.0,10.5,0.5,0.0,0.0,2.0,0.0,59,2,True,5,False,2,Work-focused
8.25,0.0,1.0,0.0,0.0,7.75,0.0,61,1,True,8,False,0,Typical mix
8.0,7.5,0.75,0.5,0.25,4.0,0.0,52,1,False,8,False,2,Work-focused
11.5,0.0,0.6666666666666666,0.0,0.5,5.7,0.0,28,1,True,6,False,0,Typical mix
17.483333333333334,0.0,0.5333333333333333,0.0,0.0,4.833333333333333,0.0,78,2,True,3,False,0,Typical mix
6.5,0.0,0.6666666666666666,0.0,0.0,6.833333333333333,0.0,63,2,False,8,False,0,Typical mix
6.5,7.183333333333334,0.95,0.25,3.0,0.5,0.0,23,1,False,5,False,2,Work-focused
10.0,0.0,1.0,0.0,5.716666666666667,3.8333333333333335,0.0,21,2,False,6,False,1,Social
8.0,0.0,0.75,0.0,0.4166666666666667,4.716666666666667,0.0,35,1,True,5,False,0,Typical mix
10.0,7.5,0.25,0.0,0.0,0.75,0.0,35,2,True,3,False,2,Work-focused
8.166666666666666,9.783333333333331,0.25,0.0,1.4,2.316666666666667,0.0,56,1,True,10,False,2,Work-focused
5.25,0.0,3.25,0.0,0.0,6.0,1.5,51,2,False,10,False,0,Typical mix
6.383333333333334,0.0,6.0,0.0,0.0,0.5,0.0,66,2,False,7,False,0,Typical mix
9.25,3.783333333333333,0.25,0.0,0.0,0.8,0.0,31,2,False,10,False,2,Work-focused
12.0,0.0,0.5,1.75,0.0,2.0,0.0,21,1,True,6,False,0,Typical mix
9.0,0.0,0.75,0.0,0.75,3.5833333333333335,0.0,72,2,False,10,False,0,Typical mix
6.0,10.416666666666666,1.5,0.0,1.25,2.0,0.0,34,2,False,5,False,2,Work-focused
7.5,7.5,1.0,0.0,0.0,2.0,0.0,29,2,False,5,False,2,Work-focused
7.0,0.0,1.1666666666666667,0.0,0.0,0.0,0.0,32,2,False,5,False,0,Typical mix
10.5,0.0,1.0,0.0,0.25,3.0,0.0,32,2,True,8,False,0,Typical mix
8.616666666666667,0.0,4.733333333333333,0.0,0.0,0.0,0.0,67,2,True,8,False,0,Typical mix
6.0,13.166666666666666,1.0833333333333333,0.0,0.0,2.0,0.0,63,2,False,8,False,2,Work-focused
9.583333333333334,0.0,0.5833333333333334,0.0,0.3333333333333333,2.75,0.0,46,2,True,10,False,0,Typical mix
14.25,0.0,0.8333333333333334,0.0,2.5,1.0,0.0,21,2,True,8,False,0,Typical mix
3.5,0.0,1.75,0.0,0.0,3.0,0.0,46,1,True,7,False,0,Typical mix
6.333333333333333,9.333333333333334,1.25,0.0,0.0,1.0,0.0,67,2,False,8,False,2,Work-focused
4.5,0.0,0.8333333333333334,0.0,3.0,6.0,0.0,56,2,True,7,False,1,Social
8.0,0.0,0.25,0.0,0.0,6.583333333333333,0.0,51,1,False,0,False,0,Typical mix
4.666666666666667,0.0,1.3333333333333333,0.0,0.0,2.0,0.0,65,1,False,9,False,0,Typical mix
8.166666666666666,0.0,2.75,0.0,2.75,1.0,1.0,62,2,True,8,False,1,Social
7.5,0.0,0.75,0.0,1.0,6.5,0.0,42,2,True,5,False,0,Typical mix
6.5,0.0,0.5,0.0,1.5,3.716666666666667,0.0,57,1,False,6,False,0,Typical mix
9.0,0.0,2.5,0.0,0.0833333333333333,0.0,0.0,74,2,False,6,False,0,Typical mix
10.0,0.0,1.25,1.0,1.5,7.0,0.0,77,2,False,5,False,0,Typical mix
8.5,0.0,1.0,0.0,0.0,4.166666666666667,0.0,43,2,True,8,False,0,Typical mix
7.0,8.0,2.8333333333333335,0.0,0.0,1.0,0.0,49,2,False,9,False,2,Work-focused
7.333333333333333,7.5,0.6666666666666666,0.5,2.5,0.0,1.4166666666666667,57,2,False,9,False,2,Work-focused
14.616666666666667,0.0,0.1666666666666666,0.0,0.0,0.25,1.5,52,2,True,9,False,0,Typical mix
8.833333333333334,8.583333333333334,0.8333333333333334,0.0,0.0,2.0,1.9166666666666667,58,2,False,8,False,2,Work-focused
7.5,0.0,0.0,0.0,3.183333333333333,4.0,0.0,62,2,True,9,False,1,Social
11.0,0.0,2.0,2.0,0.0,2.0,0.0,17,1,True,8,False,0,Typical mix
7.0,3.75,1.0,0.0,1.3333333333333333,0.75,0.0,40,2,True,8,False,2,Work-focused
7.5,0.0,0.75,0.0,0.8333333333333334,7.583333333333333,0.0,62,1,True,9,False,0,Typical mix
7.833333333333333,6.783333333333333,0.9166666666666666,0.0,0.3333333333333333,2.2666666666666666,0.0,73,2,False,6,False,2,Work-focused
8.916666666666666,9.333333333333334,0.5,0.0,0.0,1.5,0.0,32,2,False,9,False,2,Work-focused
8.75,2.75,0.5833333333333334,0.0,0.0,1.25,0.0,45,2,False,8,False,0,Typical mix
10.5,0.0,1.6666666666666667,0.0,0.0,0.0,0.0,17,1,False,7,False,0,Typical mix
7.833333333333333,10.0,1.3333333333333333,0.0,0.8333333333333334,2.0,0.0,29,1,False,6,False,2,Work-focused
6.5,0.0,3.5,0.0,1.5,0.0,0.0,60,1,True,8,False,0,Typical mix
7.65,1.5,1.8333333333333333,0.0,0.0,0.0,0.0,62,1,False,10,False,0,Typical mix
7.0,0.0,0.6666666666666666,1.0,0.0,1.5,0.0,75,1,False,8,False,0,Typical mix
6.0,6.666666666666667,0.8333333333333334,0.0,0.0,6.333333333333333,0.0,56,2,False,5,False,2,Work-focused
8.25,0.0,0.75,0.0,3.0,1.5,0.0,38,2,True,8,False,1,Social
7.25,0.0,0.3333333333333333,0.0,0.0,0.75,0.0,17,1,False,1,False,0,Typical mix
8.25,7.75,0.75,0.0,0.5,1.5,0.0,62,2,False,9,False,2,Work-focused
12.0,0.0,1.5,0.0,0.0,3.0,0.0,64,2,False,5,False,0,Typical mix
2.5,7.65,0.75,0.0,0.0,1.7666666666666666,0.0,30,2,False,8,False,2,Work-focused
4.666666666666667,10.483333333333333,1.3333333333333333,0.0,0.0,0.0,0.0,31,1,False,8,False,2,Work-focused
9.666666666666666,0.0,0.3333333333333333,0.0,0.0,0.0,0.0,76,2,True,8,False,0,Typical mix
8.0,0.0,1.3333333333333333,0.0,0.0,6.666666666666667,0.0,72,1,True,6,False,0,Typical mix
7.0,0.0,1.0833333333333333,0.5,0.0,2.3333333333333335,0.0,54,1,True,7,False,0,Typical mix
7.5,12.0,0.25,1.6666666666666667,0.0,0.5833333333333334,0.0,47,1,False,8,False,2,Work-focused
7.75,0.0,2.0,0.0,0.0,0.0,0.0,45,1,True,9,False,0,Typical mix
7.0,0.0,0.25,0.0,0.0,0.0,0.0,64,2,True,8,False,0,Typical mix
6.25,0.0,0.3333333333333333,0.0,0.0,0.0,0.0,19,2,False,6,False,0,Typical mix
8.5,0.0,3.0,0.0,0.0,2.0,0.0,60,1,True,8,False,0,Typical mix
8.5,8.666666666666666,1.3,0.0,0.0,2.8333333333333335,0.0,49,2,False,8,False,2,Work-focused
6.75,8.666666666666666,1.5,1.75,0.0,1.0,0.0,43,1,False,10,False,2,Work-focused
8.083333333333334,6.666666666666667,0.9166666666666666,0.8333333333333334,0.1666666666666666,1.0,0.0,32,1,True,6,False,2,Work-focused
7.0,0.0,1.5,2.5,0.0,11.5,0.0,72,2,False,10,False,0,Typical mix
7.5,0.0,0.8333333333333334,0.0,1.0,11.55,0.0,77,2,True,8,False,0,Typical mix
7.666666666666667,5.166666666666667,1.25,0.0,0.25,1.0,0.0,61,1,False,8,False,2,Work-focused
6.5,0.0,0.4166666666666667,0.0,0.0,2.5,0.0,63,2,True,9,False,0,Typical mix
16.0,0.0,0.0,0.0,0.0,0.0,0.0,48,1,True,5,False,0,Typical mix
10.0,9.0,0.5,0.0,0.0,4.5,0.0,49,1,False,8,False,2,Work-focused
10.166666666666666,0.0,1.1666666666666667,0.0,0.0,2.0,0.0,80,2,True,8,False,0,Typical mix
6.5,0.0,0.75,0.0,5.25,7.25,0.0,53,2,False,8,False,1,Social
8.333333333333334,8.25,1.5,0.0,0.0,0.5,0.0,39,2,False,10,False,2,Work-focused
7.0,0.0,1.8333333333333333,0.0,0.0,1.5,0.0,62,2,False,7,False,0,Typical mix
7.766666666666667,7.5,1.25,0.0,0.3333333333333333,2.0,0.0,41,2,False,7,False,2,Work-focused
9.0,7.916666666666667,0.6666666666666666,0.0,0.0,3.8333333333333335,0.0,58,1,False,7,False,2,Work-focused
8.333333333333334,0.0,1.75,0.0,3.0,4.75,0.0,29,2,True,6,False,1,Social
6.0,8.0,0.5,0.0,4.416666666666667,2.5833333333333335,0.0,52,1,False,5,False,1,Social
9.0,0.0,3.75,1.25,4.0,0.0,0.5,34,2,True,8,False,1,Social
11.333333333333334,0.0,0.0,0.0,0.0,3.8333333333333335,3.0,52,2,True,10,False,4,Computer-leisure
6.55,0.0,0.0,0.0,2.0,5.416666666666667,3.033333333333333,65,1,True,5,False,4,Computer-leisure
7.75,8.5,0.8333333333333334,0.0,2.0,0.0,0.75,30,1,False,6,False,2,Work-focused
9.983333333333333,0.0,1.8333333333333333,0.75,0.3666666666666666,4.666666666666667,0.0,64,2,False,9,False,0,Typical mix
6.25,12.5,1.0,0.0,1.0,0.0,0.0,42,1,False,6,False,2,Work-focused
6.083333333333333,3.65,1.0,0.0,0.5833333333333334,7.733333333333333,0.0,62,2,False,2,False,0,Typical mix
10.2,6.666666666666667,2.0,0.0,0.0,0.0,0.5,24,1,True,7,False,2,Work-focused
11.5,0.0,1.25,0.0,0.0,11.25,0.0,85,1,True,9,False,0,Typical mix
0.0,7.8,0.0,0.0,0.0,0.0,0.0,29,2,False,8,False,2,Work-focused
12.75,0.0,0.5,0.0,1.5,3.25,0.0,45,2,False,6,False,0,Typical mix
9.5,0.0,1.1666666666666667,0.0,0.0,3.9166666666666665,0.0,40,2,True,6,False,0,Typical mix
6.75,0.0,2.8333333333333335,0.0,2.0833333333333335,1.2666666666666666,0.0,47,1,True,10,False,1,Social
12.0,0.0,0.2666666666666666,0.0,2.0,0.0,5.233333333333333,20,1,True,5,False,4,Computer-leisure
8.0,0.0,1.1666666666666667,0.0,0.5,3.566666666666667,0.0,80,1,False,10,False,0,Typical mix
8.0,0.0,0.9166666666666666,0.0,1.0,4.5,0.0,66,2,False,9,False,0,Typical mix
10.966666666666669,8.0,0.75,0.0,0.0,0.5,0.0,49,1,False,7,False,2,Work-focused
4.75,5.516666666666667,0.1666666666666666,0.5,0.8333333333333334,0.0,0.0,16,2,False,9,False,2,Work-focused
7.65,0.6666666666666666,2.1666666666666665,1.5,0.0,5.0,0.0,35,1,True,8,False,0,Typical mix
5.0,0.0,1.0,0.0,0.0,0.0,0.0,38,1,True,10,False,0,Typical mix
10.333333333333334,0.0,0.5,0.0,0.0,4.083333333333333,1.0,70,2,True,10,False,0,Typical mix
12.0,0.0,0.5,0.0,0.0,6.833333333333333,0.0,21,1,True,9,False,0,Typical mix
8.466666666666667,8.0,0.8333333333333334,0.0,0.0,0.0,1.0,60,1,False,8,False,2,Work-focused
11.0,0.0,1.8333333333333333,0.0,0.0,7.166666666666667,0.0,24,1,False,10,False,0,Typical mix
11.75,0.0,1.5,0.0,1.0,1.9166666666666667,0.0,53,2,True,7,False,0,Typical mix
13.116666666666667,0.0,1.25,0.0,0.05,4.5,0.0,80,1,True,7,False,0,Typical mix
12.0,0.0,0.25,0.0,0.0,0.0,0.0,56,2,True,8,False,0,Typical mix
7.0,0.0,1.25,0.0,0.0,0.0,0.0,17,2,False,8,False,0,Typical mix
10.083333333333334,0.0,1.5,0.0,0.0,3.0,0.0,85,2,False,9,False,0,Typical mix
10.166666666666666,0.0,0.3333333333333333,0.0,1.5,3.066666666666667,0.0,67,2,True,6,False,0,Typical mix
7.75,9.5,0.0,0.0,0.0,1.0,0.0,70,2,False,10,False,2,Work-focused
10.0,0.0,1.25,1.5,0.0,4.983333333333333,0.0,68,2,False,8,False,0,Typical mix
7.0,7.333333333333333,0.3333333333333333,0.0,0.0,2.8333333333333335,0.0,68,1,False,8,False,2,Work-focused
8.5,0.5,1.0,0.0,0.0,3.0,0.0,56,1,True,9,False,0,Typical mix
8.416666666666666,11.75,0.5,0.0,0.0,1.5,0.0,29,2,False,9,False,2,Work-focused
8.833333333333334,0.0,0.75,0.5,8.3,1.0,0.0,67,2,True,8,False,1,Social
8.583333333333334,0.0,1.0833333333333333,0.75,0.5,4.0,0.0,85,2,False,8,False,0,Typical mix
9.083333333333334,0.0,5.083333333333333,0.0,0.0,0.0,0.0,44,2,True,8,False,0,Typical mix
10.916666666666666,0.0,0.5,0.0,0.0,8.75,2.0,49,2,True,6,False,0,Typical mix
7.166666666666667,7.5,0.5833333333333334,0.8333333333333334,0.0,2.5,0.0,35,2,False,9,False,2,Work-focused
7.0,8.316666666666666,0.5166666666666667,0.0,0.0,3.25,0.0,53,2,False,10,False,2,Work-focused
7.166666666666667,0.0833333333333333,1.3,0.0,0.0,0.0,0.0,46,2,False,7,False,0,Typical mix
9.5,8.833333333333334,0.9166666666666666,0.5833333333333334,0.0,2.5,0.0,56,2,False,6,False,2,Work-focused
15.383333333333333,0.0,0.5,0.0,0.0,0.0,0.0,47,2,False,8,False,0,Typical mix
8.233333333333333,0.0,1.3333333333333333,2.6666666666666665,1.3333333333333333,5.0,0.0,29,1,True,7,False,3,Active
11.866666666666667,0.0,1.0,0.0,2.0,1.5,0.0,48,1,False,7,False,0,Typical mix
7.75,0.0,2.0833333333333335,0.0,0.0,2.2333333333333334,0.5,34,1,False,8,False,0,Typical mix
15.883333333333333,0.0,0.5,0.0,1.0,4.383333333333334,0.0,73,1,False,10,False,0,Typical mix
16.0,0.0,1.5,0.0,0.0,3.5,0.0,18,2,True,5,False,0,Typical mix
9.666666666666666,0.0,0.5,0.0,4.25,1.5,0.0,25,2,True,7,False,1,Social
7.0,0.0,0.8333333333333334,0.0,0.0,8.5,0.0,39,1,False,7,False,0,Typical mix
2.6666666666666665,6.916666666666667,0.5833333333333334,0.0,0.0,0.0,0.0,32,2,True,8,False,2,Work-focused
9.0,1.0,1.5,0.0,3.0,1.0,0.0,37,2,True,8,False,1,Social
6.066666666666666,9.066666666666666,0.6166666666666667,0.0,0.0,1.0,0.0,42,2,True,6,False,2,Work-focused
8.5,0.0,2.0,0.0,0.0,3.75,0.0,50,2,True,8,False,0,Typical mix
8.5,0.0,0.5,0.0,1.6666666666666667,5.166666666666667,0.0,35,1,False,6,False,0,Typical mix
8.583333333333334,0.0,1.8333333333333333,0.0,0.0,0.0,0.0,54,2,False,8,False,0,Typical mix
8.416666666666666,0.0,1.25,0.0,0.0,4.333333333333333,0.0,69,2,True,10,False,0,Typical mix
6.75,0.0,1.75,0.0,0.0,0.0,0.75,30,1,False,9,False,0,Typical mix
5.5,0.0,0.5,1.4166666666666667,0.0,2.0,0.0,65,2,False,10,False,0,Typical mix
12.416666666666666,0.0,0.5833333333333334,0.0,0.0,1.5,0.0,75,2,False,6,False,0,Typical mix
8.583333333333334,0.0,1.0,0.0,0.0,0.0,2.5833333333333335,75,2,False,5,False,4,Computer-leisure
6.0,0.0,2.0,0.0,0.0,9.5,2.0,71,2,True,4,False,0,Typical mix
11.75,0.0,1.25,0.0,0.0,4.0,0.0,85,2,False,10,False,0,Typical mix
7.833333333333333,8.25,1.1666666666666667,0.0,0.0,2.9166666666666665,0.0,61,2,False,10,False,2,Work-focused
10.25,0.0,0.0833333333333333,0.0,0.0,4.25,0.0,62,2,True,9,False,0,Typical mix
8.75,0.0,1.0,1.0,0.6,1.6666666666666667,0.0,61,1,True,8,False,0,Typical mix
11.0,2.0,0.3333333333333333,0.0,0.0,5.0,0.0,39,2,False,5,False,0,Typical mix
9.0,0.0,0.5,0.0,0.0,3.0,0.0,65,1,True,6,False,0,Typical mix
9.5,0.0,0.75,0.0,1.75,2.1666666666666665,0.0,24,1,True,7,False,0,Typical mix
8.0,0.0,1.75,0.1666666666666666,5.083333333333333,2.0,0.0,85,2,False,7,False,1,Social
9.166666666666666,0.0,1.25,0.0,4.0,0.0,0.0,33,2,True,7,False,1,Social
8.416666666666666,1.0333333333333334,0.8833333333333333,0.0,0.2833333333333333,1.0,0.0,49,2,True,10,False,0,Typical mix
8.0,4.0,2.25,0.0,0.0,3.0,0.0,47,1,True,9,False,0,Typical mix
7.25,0.0,0.1666666666666666,0.0,2.1666666666666665,9.55,0.0,80,2,False,10,False,0,Typical mix
7.833333333333333,0.0,1.0,0.5,0.25,2.5,0.3333333333333333,39,2,False,8,False,0,Typical mix
10.0,0.0,1.1666666666666667,0.0,0.0,1.6666666666666667,0.0,50,2,True,7,False,0,Typical mix
6.5,6.833333333333333,0.9166666666666666,1.8333333333333333,0.25,2.6666666666666665,0.0,47,2,False,8,False,2,Work-focused
8.333333333333334,9.833333333333334,0.25,0.0,0.25,0.75,0.0,43,2,False,5,False,2,Work-focused
8.333333333333334,0.0,2.5,0.0,0.3166666666666666,1.0,0.0,19,1,True,9,False,0,Typical mix
12.0,0.0,0.6666666666666666,1.3333333333333333,0.0,5.116666666666666,0.0,27,1,False,4,False,0,Typical mix
7.833333333333333,10.25,0.75,0.0,0.5,0.75,0.0,34,2,False,7,False,2,Work-focused
11.0,0.0,1.5,0.0,0.0,0.0,3.4166666666666665,15,2,True,6,False,4,Computer-leisure
9.5,0.0,2.0,0.3333333333333333,1.0,0.0,1.0,20,2,True,8,False,0,Typical mix
9.0,9.5,1.4166666666666667,0.0,0.0,2.0833333333333335,0.0,41,1,True,7,False,2,Work-focused
7.333333333333333,0.0,1.25,0.0,0.0,0.0,0.0,51,2,False,10,False,0,Typical mix
9.75,0.0,0.5833333333333334,0.0,0.0,1.5,0.0,34,2,True,8,False,0,Typical mix
7.5,0.0,0.5833333333333334,0.0,0.0,0.0,0.0,53,2,True,8,False,0,Typical mix
9.0,0.0,0.25,0.0,0.0,3.283333333333333,0.0,65,2,True,10,False,0,Typical mix
7.5,7.233333333333333,0.9166666666666666,1.0,0.0,0.0,0.0,32,1,False,7,False,2,Work-focused
9.5,0.0,0.0,11.0,0.0,2.5,0.0,24,1,False,10,False,3,Active
8.5,8.0,0.8333333333333334,0.0,0.0,4.5,0.0,48,1,True,5,False,2,Work-focused
7.5,0.5,1.0,0.0,0.0,5.5,0.0,52,1,True,10,False,0,Typical mix
10.0,0.0,1.9166666666666667,0.0,1.0,0.0,0.0,51,1,False,7,False,0,Typical mix
9.5,0.0,0.5833333333333334,0.0,0.0,6.083333333333333,0.0,78,2,False,5,False,0,Typical mix
7.0,13.533333333333331,0.5,0.0,0.0,0.4166666666666667,0.0,51,2,False,10,False,2,Work-focused
10.5,0.0,0.75,0.0,0.0,4.716666666666667,0.0,36,2,True,10,False,0,Typical mix
9.0,0.0,2.25,0.0,0.0,0.0,0.0,64,2,True,6,False,0,Typical mix
7.166666666666667,0.0,0.75,0.0,0.75,1.0,0.0,85,2,True,7,False,0,Typical mix
7.333333333333333,6.05,1.5,0.0,0.0,0.0,0.0,34,2,True,0,False,2,Work-focused
7.5,0.0,0.5,0.0,0.0,16.0,0.0,45,1,False,9,False,0,Typical mix
8.583333333333334,0.0,1.1666666666666667,0.0,1.5,2.0,0.5,45,2,False,10,False,0,Typical mix
11.0,0.0,1.5,0.0,0.0,9.5,0.0,85,1,False,10,False,0,Typical mix
7.583333333333333,8.383333333333333,1.4166666666666667,0.0,0.0,2.5,0.25,33,1,False,7,False,2,Work-focused
7.266666666666667,0.0,0.9166666666666666,0.0,0.7,1.0,0.0,60,2,True,6,False,0,Typical mix
9.0,0.0,2.5,0.0,0.0,6.333333333333333,0.0,65,2,True,8,False,0,Typical mix
6.5,8.0,1.0,1.0,0.0,3.3333333333333335,0.0,34,1,False,6,False,2,Work-focused
7.0,9.9,0.5833333333333334,0.0,0.0,0.0,0.0,45,1,False,7,False,2,Work-focused
7.0,11.5,1.0,0.25,0.0,0.8333333333333334,0.0,57,2,True,5,False,2,Work-focused
8.166666666666666,0.0,4.666666666666667,0.0,0.0,1.0,0.0,42,2,True,8,False,0,Typical mix
10.0,5.333333333333333,1.5,0.5,0.0,1.8333333333333333,1.0,36,1,False,7,False,2,Work-focused
9.75,9.416666666666666,2.0,0.0,0.0,0.0,0.0,25,1,False,8,False,2,Work-focused
5.7,10.25,1.3333333333333333,0.0,0.4666666666666667,0.0,0.0,55,1,False,8,False,2,Work-focused
11.416666666666666,0.0,2.0,0.0,0.0,0.5,0.0,28,2,True,8,False,0,Typical mix
13.0,0.0,1.0,0.0,0.5,9.0,0.0,80,1,True,5,False,0,Typical mix
10.5,0.0,0.75,0.0,0.0,7.833333333333333,0.75,71,1,True,6,False,0,Typical mix
8.166666666666666,1.75,0.6666666666666666,0.0,3.0,1.75,0.0,61,1,True,9,False,1,Social
10.0,0.0,0.8333333333333334,0.0,2.0,6.333333333333333,0.0,56,2,True,7,False,0,Typical mix
8.75,0.0,0.0833333333333333,0.0,2.5,0.0,0.0,56,1,True,6,False,1,Social
9.633333333333333,7.583333333333333,1.9166666666666667,1.0,0.0,1.5,0.0,34,2,False,7,False,2,Work-focused
6.483333333333333,8.666666666666666,2.3333333333333335,0.0,0.0,0.0,0.0,56,2,False,5,False,2,Work-focused
12.0,0.0,0.5,0.0,0.0,1.0,0.0,40,2,True,7,False,0,Typical mix
9.5,0.0,0.9166666666666666,0.0,0.0,11.583333333333334,0.0,21,1,True,8,False,0,Typical mix
6.383333333333334,1.0,1.1666666666666667,0.0,0.75,1.3333333333333333,0.0,31,2,False,9,False,0,Typical mix
10.833333333333334,0.0,1.0,0.0,0.0,2.0,0.0,57,1,True,10,False,0,Typical mix
8.5,0.0,0.6666666666666666,0.0,0.0,6.916666666666667,0.0,69,2,False,7,False,0,Typical mix
11.5,0.75,0.5,1.0,0.0,2.5,0.0,47,2,True,5,False,0,Typical mix
8.5,8.916666666666666,0.8333333333333334,0.0,0.0,3.1666666666666665,0.0,48,1,False,8,False,2,Work-focused
7.166666666666667,0.0,1.6666666666666667,1.5,2.5833333333333335,0.75,0.8333333333333334,78,2,True,9,False,1,Social
11.5,0.0,0.0,0.0,0.0,0.0,0.0,17,1,True,7,False,0,Typical mix
9.916666666666666,0.0,0.5,0.0,2.5833333333333335,0.5666666666666667,0.0,72,2,True,6,False,1,Social
7.25,0.0,2.1666666666666665,0.75,3.933333333333333,2.5,0.0,27,1,True,8,False,1,Social
12.5,0.0,0.5,5.0,0.0,0.0,0.0,39,1,True,8,False,3,Active
8.333333333333334,0.0,1.0,0.0,0.0,1.0,0.0,31,2,True,7,False,0,Typical mix
8.5,0.0,0.75,0.0,2.183333333333333,4.433333333333334,0.0,68,2,True,10,False,0,Typical mix
9.416666666666666,8.0,0.0,0.0,0.0,0.0,0.0,47,2,False,5,False,2,Work-focused
9.733333333333333,0.0,0.75,0.0,0.0,1.65,0.0,35,2,False,4,False,0,Typical mix
9.25,0.0,0.5,0.0,0.75,0.0,0.0,55,1,False,4,False,0,Typical mix
5.0,0.0,2.5,0.0,2.75,0.0,0.0,70,1,True,9,False,1,Social
8.0,0.0,1.3333333333333333,0.0,0.0,3.1666666666666665,0.5,57,2,False,7,False,0,Typical mix
5.0,0.0,0.5,0.0,0.0,16.483333333333334,0.0,68,2,False,8,False,0,Typical mix
9.0,0.0,0.5,0.0,6.5,3.0,0.0,80,2,False,10,False,1,Social
10.166666666666666,0.0,0.8333333333333334,0.0,0.0,7.0,6.0,56,1,True,9,False,4,Computer-leisure
10.883333333333333,2.9166666666666665,0.3333333333333333,0.0,5.25,0.0,0.0,59,1,True,3,False,1,Social
6.833333333333333,8.733333333333333,0.3333333333333333,0.0,0.0833333333333333,3.55,0.0,44,2,False,8,False,2,Work-focused
9.5,0.0,3.5,0.0,0.0,1.0,4.083333333333333,71,1,True,8,False,4,Computer-leisure
10.5,0.0,1.5833333333333333,0.0,2.3333333333333335,0.0,0.0,57,1,True,8,False,1,Social
9.083333333333334,0.0,1.1666666666666667,0.3333333333333333,0.5,5.25,0.0,24,2,False,7,False,0,Typical mix
7.5,0.0,0.6666666666666666,0.0,1.2833333333333334,2.3333333333333335,0.0,16,1,False,8,False,0,Typical mix
7.466666666666667,0.0,0.75,0.0,2.75,2.4,0.0,30,2,False,8,False,1,Social
8.0,0.0,1.0,0.0,1.0,13.0,0.0,74,1,True,4,False,0,Typical mix
11.983333333333333,0.0,0.5,0.0,0.0,11.466666666666669,0.0,49,2,False,2,False,0,Typical mix
12.0,0.0,1.0,0.0,0.0,1.5,0.0,41,1,True,9,False,0,Typical mix
12.0,0.0,1.5,0.0,0.0,3.4166666666666665,0.0,48,2,False,10,False,0,Typical mix
6.5,0.0,0.5,0.0,4.5,0.0,0.0,42,2,True,8,False,1,Social
7.666666666666667,0.0,0.75,0.0,0.0,3.5833333333333335,0.0,80,2,False,9,False,0,Typical mix
9.5,8.333333333333334,1.1166666666666667,0.0,0.0,2.716666666666667,0.0,34,1,True,9,False,2,Work-focused
9.75,0.0,0.9166666666666666,0.3333333333333333,1.25,11.716666666666669,0.0,59,1,False,5,False,0,Typical mix
7.666666666666667,8.416666666666666,0.0,0.0,1.0,0.0,0.0,28,2,False,6,False,2,Work-focused
4.5,0.0,1.25,0.0,1.0833333333333333,2.0,1.0,57,2,False,4,False,0,Typical mix
8.033333333333333,6.566666666666666,1.1666666666666667,0.0,2.0,3.0,0.0,36,1,True,6,False,2,Work-focused
10.75,0.0,1.4166666666666667,0.0,0.0,4.25,2.1666666666666665,37,2,False,5,False,0,Typical mix
9.0,9.166666666666666,1.1666666666666667,0.0,0.0,1.5,0.0,33,1,False,4,False,2,Work-focused
9.0,0.0,1.0,0.0,0.0,1.5,0.0,48,2,True,10,False,0,Typical mix
9.5,0.0,2.25,1.0,0.0,0.0,0.0,35,1,True,8,False,0,Typical mix
9.833333333333334,2.0,0.8333333333333334,0.0,0.0,2.8333333333333335,0.0,73,2,True,7,False,0,Typical mix
10.416666666666666,0.0,0.25,0.0,2.0,0.0,0.0,43,2,True,7,False,0,Typical mix
8.0,0.0,2.0,0.0,0.0,8.333333333333334,0.0,67,1,False,8,False,0,Typical mix
3.75,0.0,3.3333333333333335,1.0,2.8333333333333335,3.0833333333333335,0.0,75,1,False,10,False,1,Social
4.5,0.0,0.1666666666666666,7.416666666666667,0.0,3.1333333333333333,0.0,16,1,True,8,False,3,Active
10.0,0.0,0.1666666666666666,0.0,0.0,5.833333333333333,0.0,39,2,True,10,False,0,Typical mix
11.0,0.0,0.5,0.0,0.0,9.333333333333334,0.0,43,2,True,5,False,0,Typical mix
11.0,0.0,1.4166666666666667,0.0,0.1666666666666666,0.0,0.0,46,2,True,5,False,0,Typical mix
13.75,0.0,1.25,0.0,0.0,3.6666666666666665,0.0,85,2,False,4,False,0,Typical mix
7.75,9.416666666666666,0.5833333333333334,0.0,0.0,3.3333333333333335,0.0,24,1,False,5,False,2,Work-focused
9.5,0.0,0.4166666666666667,0.0,0.0,3.5,0.0,77,1,False,8,False,0,Typical mix
7.25,8.25,0.5,0.0,0.0,4.0,0.0,66,1,False,7,False,2,Work-focused
7.916666666666667,0.0,0.3333333333333333,0.0,0.0,0.0,0.0,76,1,False,5,False,0,Typical mix
7.916666666666667,0.0,1.75,0.0,0.0,2.0,0.0,73,2,False,8,False,0,Typical mix
6.783333333333333,5.416666666666667,0.0,2.0,0.0,0.0,0.0,28,1,True,8,False,2,Work-focused
7.75,8.466666666666667,1.4166666666666667,0.0,0.5833333333333334,0.0,0.0,37,2,False,8,False,2,Work-focused
10.75,2.0,0.5833333333333334,0.0,0.0,0.0,0.0,50,2,True,9,False,0,Typical mix
8.5,0.0,0.85,0.0,0.0,5.5,0.0,68,1,False,7,False,0,Typical mix
7.583333333333333,8.633333333333333,0.75,0.0,0.3333333333333333,0.5,0.0,48,2,False,7,False,2,Work-focused
10.0,0.0,2.5,0.6666666666666666,0.0,3.0,0.0,70,1,True,8,False,0,Typical mix
1.5,0.0,0.25,0.0,0.05,21.816666666666663,0.0,63,1,False,4,False,0,Typical mix
10.5,8.333333333333334,0.5,0.0,0.0,1.25,0.0,27,1,False,3,False,2,Work-focused
9.0,0.0,0.3333333333333333,0.0,0.0,9.133333333333333,0.0,54,1,True,6,False,0,Typical mix
14.0,0.0,0.1666666666666666,0.0,1.0,4.25,0.0,42,2,True,7,False,0,Typical mix
9.333333333333334,0.0,0.1666666666666666,0.0,0.0,5.916666666666667,0.0,54,1,True,0,False,0,Typical mix
9.833333333333334,0.0,2.5,0.0,0.0,5.166666666666667,4.166666666666667,45,2,True,8,False,4,Computer-leisure
10.5,7.75,1.25,0.0,0.0,0.0,0.0,55,2,False,10,False,2,Work-focused
5.333333333333333,6.2,0.75,0.0,0.0,3.0,0.0,46,2,True,5,False,2,Work-focused
9.166666666666666,0.0,3.25,0.0,0.0,3.1666666666666665,0.0,47,2,True,7,False,0,Typical mix
8.0,0.0,0.75,0.0,1.0,9.683333333333334,0.0,52,1,True,7,False,0,Typical mix
2.0,1.0,0.1666666666666666,0.0,0.0,0.0,0.0,46,1,True,8,False,2,Work-focused
8.083333333333334,0.0,1.0,0.0,0.0,2.0,0.0,62,2,False,8,False,0,Typical mix
9.5,0.0,1.6666666666666667,1.25,0.0,3.9166666666666665,0.0,79,2,False,8,False,0,Typical mix
5.583333333333333,0.0,1.0833333333333333,0.0,0.0,0.0,0.0,18,1,False,8,False,0,Typical mix
7.5,0.5,1.0,0.0,0.0,1.0,0.0,51,2,False,9,False,0,Typical mix
9.5,5.5,1.4166666666666667,0.0,0.0,1.0,0.0,30,2,False,10,False,2,Work-focused
10.0,4.166666666666667,0.3333333333333333,0.0,2.0833333333333335,2.0,0.0,59,2,False,7,False,0,Typical mix
6.833333333333333,9.75,0.5,0.0,0.0,3.0,0.0,54,1,False,5,False,2,Work-focused
9.5,0.0,1.5,0.75,2.6666666666666665,0.5,0.0,47,1,True,9,False,1,Social
8.5,0.0,1.6666666666666667,0.0,0.0,2.5,0.0,41,2,False,6,False,0,Typical mix
8.0,7.333333333333333,1.1666666666666667,0.0,0.0,2.0,0.0,30,2,True,10,False,2,Work-focused
11.75,0.0,0.25,0.0,0.0,4.0,0.0,51,1,True,0,False,0,Typical mix
10.666666666666666,0.0,1.3333333333333333,0.0,0.0,1.3333333333333333,0.0,66,2,False,5,False,0,Typical mix
6.0,9.516666666666667,0.5,0.0,0.0,0.0,0.0,38,2,False,8,False,2,Work-focused
11.916666666666666,0.0,1.5,1.0,0.5,5.916666666666667,0.0,62,1,True,10,False,0,Typical mix
8.25,0.0,1.75,0.0,0.0,1.0,0.0,68,1,False,7,False,0,Typical mix
9.416666666666666,0.0,0.4166666666666667,0.0,0.3333333333333333,4.75,0.0,55,2,True,10,False,0,Typical mix
10.033333333333331,0.0,1.1666666666666667,0.0,0.0,4.5,0.0,62,1,False,3,False,0,Typical mix
12.166666666666666,0.0,2.3333333333333335,0.0,1.25,4.883333333333334,0.0,35,1,True,7,False,0,Typical mix
8.166666666666666,0.0,0.3333333333333333,1.5,3.3333333333333335,3.0,0.0,60,1,False,6,False,1,Social
8.166666666666666,3.9166666666666665,1.6666666666666667,0.0,0.0,1.5833333333333333,0.0,45,2,False,8,False,2,Work-focused
9.0,0.0,1.25,0.0,0.0,8.25,0.0,79,2,False,3,False,0,Typical mix
7.5,8.75,1.5833333333333333,0.0,0.0,0.0,0.0,34,1,False,7,False,2,Work-focused
9.916666666666666,5.0,0.8333333333333334,0.0,0.0,1.0,0.0,42,2,False,7,False,2,Work-focused
9.5,0.0,1.75,0.0,0.0,5.5,1.5,63,1,True,6,False,0,Typical mix
12.0,0.0,3.0,0.0,0.0,2.0,0.0,42,1,False,10,False,0,Typical mix
9.0,0.0,0.5,1.0,0.0,5.416666666666667,0.0,69,1,True,9,False,0,Typical mix
6.5,2.0,0.9166666666666666,0.1666666666666666,0.3333333333333333,1.25,0.0,40,2,False,8,False,0,Typical mix
7.416666666666667,9.5,0.5,0.75,0.0,0.5,0.0,37,2,False,7,False,2,Work-focused
7.0,5.25,1.0,0.0,0.0,0.75,0.0,43,1,False,7,False,2,Work-focused
3.5833333333333335,0.0,4.166666666666667,0.0,0.1666666666666666,6.833333333333333,0.0,24,1,True,10,False,0,Typical mix
10.716666666666669,0.0,0.0,0.0,0.0,6.466666666666667,0.0,24,1,True,10,False,0,Typical mix
9.0,7.0,0.0,0.0,0.0,4.15,0.0,55,1,False,7,False,2,Work-focused
10.0,0.0,1.0,0.0,0.0,2.1666666666666665,0.0,28,2,False,8,False,0,Typical mix
11.5,0.0,0.1666666666666666,0.0,0.0,3.8333333333333335,0.0,59,2,False,5,False,0,Typical mix
7.333333333333333,0.0,0.3333333333333333,0.0,0.0,6.583333333333333,1.0,30,1,False,3,False,0,Typical mix
10.75,0.0,2.0,0.0,2.0,4.0,0.0,56,2,True,10,False,0,Typical mix
7.833333333333333,6.8,0.5833333333333334,0.0,1.25,2.0,1.5833333333333333,24,1,False,8,False,2,Work-focused
9.5,0.0,3.6666666666666665,0.0,0.0,8.166666666666666,0.0,42,1,True,7,False,0,Typical mix
7.0,6.483333333333333,0.3333333333333333,1.75,0.0,3.3333333333333335,0.0,48,2,False,8,False,2,Work-focused
7.666666666666667,0.0,2.85,0.6666666666666666,0.0,2.4166666666666665,0.4166666666666667,45,2,False,9,False,0,Typical mix
8.5,0.0,2.5,2.25,0.0,5.5,0.0,51,1,True,10,False,0,Typical mix
9.166666666666666,0.0,3.0,0.0,0.0,1.0,0.0,40,2,True,6,False,0,Typical mix
9.333333333333334,0.0,2.0,0.0,1.75,1.25,0.0,85,2,False,8,False,0,Typical mix
7.0,2.9,0.3333333333333333,0.0,0.0,9.183333333333334,0.0,61,2,False,10,False,0,Typical mix
8.5,0.0,1.25,0.0,0.0,0.0,0.0,60,2,False,8,False,0,Typical mix
8.916666666666666,3.0833333333333335,0.5,1.1666666666666667,0.5,1.5833333333333333,0.0,21,2,False,6,False,0,Typical mix
7.0,9.25,2.5,0.0,0.5,2.0,0.0,30,2,False,7,False,2,Work-focused
8.5,0.0,0.5833333333333334,0.75,0.0,4.666666666666667,0.0833333333333333,36,2,False,4,False,0,Typical mix
9.5,0.0,1.5,0.0,1.5,3.0,8.5,62,2,True,10,False,4,Computer-leisure
6.5,15.0,0.0,0.0,0.0,0.5,0.0,58,1,False,5,False,2,Work-focused
9.25,1.0,0.75,0.0,0.0,3.75,0.0,63,1,True,7,False,0,Typical mix
8.5,0.0,1.5,0.0,0.0,1.5,0.0,36,1,True,2,False,0,Typical mix
9.583333333333334,0.0,0.4166666666666667,0.0,0.5,0.5,0.0,48,2,True,9,False,0,Typical mix
8.5,0.0,1.75,0.0,1.0,1.5,0.0,65,1,False,6,False,0,Typical mix
5.25,13.916666666666666,2.75,0.0,0.0,0.0,0.0,34,1,False,10,False,2,Work-focused
8.0,0.0,2.0,0.3333333333333333,0.0,12.166666666666666,0.0,64,1,True,5,False,0,Typical mix
6.083333333333333,0.0,0.3333333333333333,0.0,0.0,5.333333333333333,0.5,66,2,False,10,False,0,Typical mix
10.833333333333334,0.0,0.5,0.0,0.0,3.0,0.0,59,2,True,10,False,0,Typical mix
7.883333333333334,8.316666666666666,1.8333333333333333,0.0,0.0,2.25,1.75,45,1,False,7,False,2,Work-focused
4.75,7.333333333333333,0.0,0.0,0.0,7.5,0.0,80,1,False,9,False,2,Work-focused
7.5,6.183333333333334,2.25,0.0,0.5833333333333334,1.6666666666666667,0.0,46,2,False,10,False,2,Work-focused
10.0,0.0,1.6666666666666667,0.0,1.0,3.6666666666666665,3.216666666666667,64,2,True,2,False,4,Computer-leisure
8.5,8.333333333333334,0.5,0.0,0.0,2.0,0.0,45,1,False,7,False,2,Work-focused
8.0,8.25,1.0,0.0,0.0,0.75,0.0,31,2,False,9,False,2,Work-focused
11.5,5.666666666666667,3.8333333333333335,0.0,0.0,0.0,0.0,28,2,True,7,False,0,Typical mix
7.833333333333333,8.0,1.0,0.0,0.0,2.5,0.0,48,2,False,9,False,2,Work-focused
11.0,0.0,1.5,0.0,0.0,2.75,0.0,23,2,True,8,False,0,Typical mix
8.0,9.25,1.0,0.0,0.0,1.9166666666666667,0.0,38,1,False,4,False,2,Work-focused
12.0,8.633333333333333,0.25,0.0,0.0,0.5833333333333334,0.0,40,2,True,6,False,2,Work-focused
9.666666666666666,0.0,2.25,0.0,0.0,5.333333333333333,0.0,64,2,False,10,False,0,Typical mix
6.0,9.666666666666666,1.3333333333333333,0.0,0.0,0.5,0.0,37,2,False,10,False,2,Work-focused
7.0,12.083333333333334,0.0,0.0,0.0,2.0,0.0,58,1,False,8,False,2,Work-focused
7.666666666666667,5.8,4.083333333333333,0.0,1.0,2.0833333333333335,0.0,26,2,False,7,False,2,Work-focused
8.916666666666666,11.95,0.25,0.0,0.0,1.25,0.0,27,2,True,9,False,2,Work-focused
10.833333333333334,0.0,0.6666666666666666,0.0,3.0,8.0,0.0,52,1,True,10,False,0,Typical mix
9.833333333333334,0.0,0.6666666666666666,0.0,0.0,0.0,0.0,17,2,False,8,False,0,Typical mix
10.666666666666666,2.0,0.5833333333333334,0.0,0.0,4.65,2.5,74,2,False,8,False,4,Computer-leisure
9.0,0.0,2.5,0.0,0.0,7.25,0.0,53,2,True,7,False,0,Typical mix
10.0,5.0,0.75,0.0,0.0,4.666666666666667,0.0,26,2,False,8,False,0,Typical mix
5.333333333333333,0.0,0.5833333333333334,0.0,0.75,2.0,0.0,25,2,True,5,False,0,Typical mix
10.7,0.0,0.5833333333333334,0.0,4.216666666666667,1.0,0.0,18,1,False,7,False,1,Social
11.25,5.0,1.3333333333333333,0.0,1.25,0.0,0.0,66,2,False,10,False,0,Typical mix
6.666666666666667,8.333333333333334,0.6666666666666666,0.0,0.0,1.5,0.0,72,2,False,7,False,2,Work-focused
6.666666666666667,7.333333333333333,1.3333333333333333,0.0,0.0,1.0,0.0,55,2,False,8,False,2,Work-focused
10.45,9.316666666666666,0.3333333333333333,0.0,1.4666666666666666,0.0,0.5,34,2,True,6,False,2,Work-focused
8.0,0.0,0.25,0.0,0.0,15.75,0.0,76,1,True,10,False,0,Typical mix
7.5,3.8833333333333337,0.5,0.0,2.216666666666667,0.5,0.5833333333333334,38,2,False,7,False,2,Work-focused
7.0,0.0,3.5,0.0,0.5,3.5833333333333335,0.0,27,1,False,8,False,0,Typical mix
7.916666666666667,8.0,2.4,0.0,0.0,1.0,0.0,36,2,False,5,False,2,Work-focused
12.0,0.0,0.5,0.0,0.0,2.5,0.0,71,2,True,8,False,0,Typical mix
9.75,0.0,0.75,0.0,0.0,4.466666666666667,0.3333333333333333,85,2,False,5,False,0,Typical mix
11.5,0.0,1.5,0.5,0.0,4.983333333333333,0.0,72,2,False,8,False,0,Typical mix
7.5,0.0,1.0833333333333333,1.0833333333333333,0.0,3.1666666666666665,0.0,35,2,False,8,False,0,Typical mix
8.75,0.0,0.3333333333333333,0.0,0.0,6.0,0.0,65,2,True,7,False,0,Typical mix
8.0,10.166666666666666,1.0,0.0,0.3333333333333333,0.0,0.0,24,2,True,8,False,2,Work-focused
9.5,0.0,1.1666666666666667,0.6666666666666666,0.0,3.1666666666666665,0.0,30,2,True,10,False,0,Typical mix
8.083333333333334,0.0,1.5,0.0,0.0,0.0,0.75,74,2,False,8,False,0,Typical mix
11.0,0.0,0.6666666666666666,0.0,0.0,3.216666666666667,0.0,35,2,True,6,False,0,Typical mix
6.666666666666667,10.0,1.0,0.0,0.0,3.4166666666666665,0.0,27,1,False,4,False,2,Work-focused
8.5,0.0,0.3333333333333333,0.0,0.0,14.666666666666666,0.0,25,2,True,8,False,0,Typical mix
10.5,0.0,1.25,0.5,0.0,2.5,0.0,47,2,True,10,False,0,Typical mix
8.5,7.666666666666667,1.1666666666666667,0.0,0.75,0.8333333333333334,0.0,38,1,False,7,False,2,Work-focused
7.5,10.5,0.3333333333333333,0.0,0.0,3.0,0.0,56,2,False,8,False,2,Work-focused
9.0,8.833333333333334,1.25,0.0,2.0,1.1666666666666667,0.0,44,1,False,7,False,2,Work-focused
8.983333333333333,0.0,0.2666666666666666,0.0,0.3333333333333333,0.0,0.3333333333333333,57,2,False,4,False,0,Typical mix
7.25,0.0,0.5,0.0,0.0,7.966666666666667,0.0,65,2,True,8,False,0,Typical mix
8.75,8.583333333333334,1.5,0.0,0.0,4.0,0.0,42,1,True,5,False,2,Work-focused
7.5,0.0,0.25,0.0,0.0,6.833333333333333,0.0,74,2,True,8,False,0,Typical mix
8.0,0.0,0.5,1.5,0.0,3.0,0.0,51,2,True,8,False,0,Typical mix
8.75,0.0,2.0,0.0,2.3333333333333335,4.5,0.0,56,2,True,5,False,0,Typical mix
10.5,0.0,1.1666666666666667,0.0,0.0,1.3,0.0,45,2,True,10,False,0,Typical mix
12.0,0.0,0.0833333333333333,0.0,0.0,11.583333333333334,0.0,43,1,True,7,False,0,Typical mix
9.0,0.0,1.3333333333333333,0.0,0.0,2.1666666666666665,0.0,85,1,True,8,False,0,Typical mix
11.333333333333334,0.0,3.0,0.0,0.1666666666666666,3.4166666666666665,0.0,71,1,True,8,False,0,Typical mix
7.75,9.583333333333334,1.5,0.0,0.0,2.0,0.0,49,2,False,8,False,2,Work-focused
9.0,0.0,1.0,0.0,1.0,3.5,0.0,50,2,True,10,False,0,Typical mix
11.083333333333334,0.0,0.25,0.0,0.5,0.0,0.0,15,1,False,5,False,0,Typical mix
12.0,7.0,0.5,0.0,0.0,3.1666666666666665,0.0,43,1,True,6,False,2,Work-focused
8.5,6.25,1.0,0.0,0.0,1.0,0.0,34,2,False,8,False,2,Work-focused
11.0,0.0,0.25,0.0,0.0,11.483333333333333,0.0,17,2,True,5,False,0,Typical mix
6.5,0.0,0.5833333333333334,0.0,0.0,3.1666666666666665,0.5,61,2,False,8,False,0,Typical mix
11.5,0.0,1.5,0.0,1.8333333333333333,8.583333333333334,0.0,56,1,True,4,False,0,Typical mix
10.75,0.0,2.0,0.0,0.0,3.25,0.0,85,1,False,7,False,0,Typical mix
7.75,0.0,1.6666666666666667,0.0,0.25,0.75,0.0,23,2,False,4,False,0,Typical mix
19.166666666666668,0.0,0.3333333333333333,0.0,0.0,1.0,0.0,85,2,False,5,False,0,Typical mix
8.25,0.0,0.75,0.0,2.0,1.4166666666666667,0.0,44,2,True,5,False,0,Typical mix
7.5,0.0,0.9166666666666666,0.0,2.6666666666666665,3.816666666666667,0.3333333333333333,71,2,False,6,False,1,Social
10.833333333333334,0.0,1.25,0.0,0.0,0.0,0.0,32,2,False,8,False,0,Typical mix
14.5,0.0,1.0,0.0,0.0,2.0,0.0,20,2,False,5,False,0,Typical mix
6.25,0.5,1.1666666666666667,0.0,1.0,3.6666666666666665,0.0,68,1,False,6,False,0,Typical mix
8.0,0.5,2.0,0.0,0.0,5.0,0.0,69,1,False,3,False,0,Typical mix
13.0,0.0,0.0833333333333333,2.0,0.0,2.0,0.0,19,1,True,7,False,0,Typical mix
10.333333333333334,0.0,1.0,0.0,2.0,3.0,0.0,75,1,True,5,False,0,Typical mix
7.0,0.0,0.1666666666666666,2.85,0.0,1.6666666666666667,0.0,15,1,False,8,False,3,Active
7.0,2.0,1.1666666666666667,1.0,8.916666666666666,0.0,0.0,50,2,True,8,False,1,Social
8.5,0.0,0.25,0.0,0.0,3.3833333333333333,0.0,66,2,False,8,False,0,Typical mix
7.683333333333334,6.65,1.75,0.0,0.0,2.0,0.0,36,2,True,6,False,2,Work-focused
3.5,0.0,0.0,0.0,0.0,2.5,0.0,50,2,True,7,False,2,Work-focused
7.5,0.0,1.5,0.0,0.0,3.0,0.0,43,1,True,7,False,0,Typical mix
10.0,0.0,0.5833333333333334,0.0,4.25,5.866666666666666,0.0,63,2,False,8,False,1,Social
7.483333333333333,11.5,0.6333333333333333,0.0,0.0,0.5,0.0,41,1,False,8,False,2,Work-focused
10.0,0.0,1.0,0.0,0.0,12.083333333333334,0.0,70,1,False,3,False,0,Typical mix
8.916666666666666,0.0,1.0833333333333333,4.0,0.0,6.5,0.0,49,1,True,8,False,3,Active
7.75,7.666666666666667,2.5,0.75,0.0,1.0,0.0,30,1,False,9,False,2,Work-focused
11.0,0.0,1.3333333333333333,0.0,1.5,0.0,0.0,41,1,True,6,False,0,Typical mix
9.0,0.0,1.4166666666666667,0.0,0.5,5.666666666666667,0.0,59,1,True,8,False,0,Typical mix
9.0,0.0,2.3333333333333335,0.0,1.0833333333333333,0.0,0.0,61,1,True,7,False,0,Typical mix
9.333333333333334,0.0,1.25,0.0,0.0,3.0,0.0,17,1,False,8,False,0,Typical mix
11.0,0.0,0.8333333333333334,0.0,0.0,11.983333333333333,0.0,68,2,False,5,False,0,Typical mix
9.0,0.0,1.0,0.0,0.0,11.833333333333334,0.0,74,2,True,3,False,0,Typical mix
9.666666666666666,8.166666666666666,0.3333333333333333,0.0,0.0,2.25,1.8,37,1,False,8,False,2,Work-focused
7.5,0.0,1.0833333333333333,0.0,0.5833333333333334,7.5,0.0,85,1,True,8,False,0,Typical mix
4.833333333333333,12.75,0.75,0.0,0.0,3.1666666666666665,0.0,56,1,False,8,False,2,Work-focused
12.5,0.0,2.0,0.0,2.0,1.0,0.0,53,1,True,5,False,0,Typical mix
5.916666666666667,0.0,0.6666666666666666,0.0,0.3333333333333333,0.0,1.0,15,2,False,8,False,0,Typical mix
7.25,10.316666666666666,0.6666666666666666,0.0,0.25,0.0,0.0,49,2,False,7,False,2,Work-focused
12.5,0.0,0.0,0.0,0.0,7.25,0.0,63,1,False,9,False,0,Typical mix
8.5,0.0,1.0,0.0,0.1666666666666666,3.9166666666666665,0.0,66,2,True,6,False,0,Typical mix
8.25,8.583333333333334,0.75,0.0,0.0,3.4166666666666665,0.0,43,2,False,9,False,2,Work-focused
8.5,11.25,1.5,0.0,0.0833333333333333,0.0,0.0,40,2,True,8,False,2,Work-focused
9.25,0.05,1.0666666666666669,0.0,2.4166666666666665,0.0,0.0,36,2,True,8,False,1,Social
8.25,0.0,1.0,0.0,0.0,5.25,0.0,64,1,False,5,False,0,Typical mix
10.916666666666666,0.0,0.8333333333333334,0.0,0.0,3.0,0.0,16,1,True,9,False,0,Typical mix
8.0,0.0,0.1666666666666666,0.0,1.6666666666666667,0.0,0.0,69,2,True,10,False,0,Typical mix
7.0,10.083333333333334,0.5,0.0,0.0,0.0,0.0,43,1,False,7,False,2,Work-focused
8.166666666666666,6.333333333333333,1.75,0.0,0.0,1.0,0.0,26,2,True,7,False,2,Work-focused
7.0,0.0,1.3333333333333333,0.0,1.1666666666666667,0.0,0.0,80,2,True,8,False,0,Typical mix
11.0,0.0,1.0,0.0,0.0,4.0,0.0,80,2,False,10,False,0,Typical mix
9.216666666666669,0.0,0.4166666666666667,1.0,0.0,0.0,1.0,64,2,False,9,False,0,Typical mix
7.833333333333333,9.416666666666666,1.6666666666666667,0.0,0.5,0.7166666666666667,0.0,47,2,False,9,False,2,Work-focused
8.5,0.0,0.3333333333333333,0.0,0.0,13.0,0.0,68,2,True,3,False,0,Typical mix
7.5,0.0,0.25,0.0,0.25,6.916666666666667,0.0,51,2,False,5,False,0,Typical mix
5.333333333333333,0.0,2.0,0.0,0.0,1.0,1.0,61,2,True,8,False,0,Typical mix
9.416666666666666,0.0,1.5,0.0,0.5,1.5,0.0,76,2,False,6,False,0,Typical mix
11.916666666666666,0.0,0.5,3.0,0.0,0.0,0.0,16,2,True,5,False,3,Active
8.0,0.0,1.5,0.0,0.0,0.0,0.0,80,1,False,0,False,0,Typical mix
10.583333333333334,0.4,2.3333333333333335,0.0,0.25,0.0,0.0,80,1,False,10,False,0,Typical mix
8.583333333333334,0.0,0.5833333333333334,2.1666666666666665,0.5,7.583333333333333,0.0,63,2,False,9,False,0,Typical mix
9.5,4.483333333333333,3.25,0.0,0.0,0.0,0.0,45,2,False,7,False,0,Typical mix
12.5,0.0,1.0,0.0,0.0,9.916666666666666,0.0,50,2,True,6,False,0,Typical mix
4.0,7.25,0.8333333333333334,0.0,0.0,0.0,0.0,48,1,False,8,False,2,Work-focused
9.5,0.0,3.25,0.5,0.0,2.4166666666666665,2.25,69,2,False,3,False,4,Computer-leisure
6.416666666666667,10.166666666666666,0.75,0.0,0.0,0.0,0.0,40,1,True,10,False,2,Work-focused
6.0,9.1,0.5,0.0,0.0,2.0,0.0,51,1,True,5,False,2,Work-focused
9.0,0.0,1.75,0.0,0.0,3.0,0.0,67,1,False,5,False,0,Typical mix
8.0,0.0,0.0,0.0,0.0,15.5,0.0,41,1,True,5,False,0,Typical mix
10.833333333333334,0.0,0.8333333333333334,0.0,0.0,1.7666666666666666,0.0,51,2,False,5,False,0,Typical mix
3.1666666666666665,8.583333333333334,0.5,0.0,0.0,4.5,0.0,49,1,False,8,False,2,Work-focused
7.833333333333333,0.0,1.5,2.8333333333333335,0.0,0.0,0.0,69,1,False,10,False,3,Active
10.0,0.0,1.5833333333333333,0.0,0.0,10.883333333333333,0.0,48,1,True,5,False,0,Typical mix
7.0,7.583333333333333,1.75,0.0,0.0,1.5,0.0,32,2,False,8,False,2,Work-focused
5.5,7.916666666666667,0.8333333333333334,0.0,0.0,6.666666666666667,0.25,36,2,False,4,False,2,Work-focused
10.85,0.0,1.1666666666666667,0.75,0.6666666666666666,1.1666666666666667,0.7166666666666667,50,2,True,6,False,0,Typical mix
8.0,0.0,1.8333333333333333,0.0,0.0,2.75,0.0,78,2,True,10,False,0,Typical mix
7.083333333333333,6.5,1.5,0.0,0.0,2.3333333333333335,0.0,47,1,False,8,False,2,Work-focused
9.25,0.0,1.25,0.0,0.0,9.333333333333334,0.0,56,1,False,2,False,0,Typical mix
11.0,0.0,0.9166666666666666,0.0,1.6666666666666667,2.45,2.283333333333333,29,2,True,8,False,4,Computer-leisure
6.666666666666667,5.983333333333333,0.5833333333333334,0.0,1.6166666666666667,0.0,0.0,55,2,False,6,False,2,Work-focused
6.25,0.0,0.1666666666666666,0.0,0.0,12.5,0.0,67,1,False,10,False,0,Typical mix
7.75,0.0,0.5,0.5,0.0,3.5,0.0,80,2,True,5,False,0,Typical mix
10.116666666666667,0.0,1.5833333333333333,0.0,0.25,0.0,0.0,44,2,True,7,False,0,Typical mix
7.0,0.0,2.0,0.0,2.0,3.0,0.0,77,1,False,7,False,0,Typical mix
8.0,0.0,0.8333333333333334,0.0,0.5,2.65,0.0,67,2,False,8,False,0,Typical mix
8.0,0.0,1.0833333333333333,0.0,0.0,11.133333333333333,0.0,47,1,True,5,False,0,Typical mix
10.75,0.0,1.0,0.0,0.0,3.5,0.0,53,1,True,6,False,0,Typical mix
8.75,0.0,0.5,0.0,0.0,4.75,0.8666666666666667,24,2,False,5,False,0,Typical mix
8.166666666666666,7.5,0.4166666666666667,0.0,0.0,0.25,0.0,60,2,False,8,False,2,Work-focused
14.116666666666667,0.0,0.6666666666666666,0.0,0.1666666666666666,7.533333333333333,0.0,54,1,False,10,False,0,Typical mix
7.75,10.0,1.0833333333333333,0.0,0.75,0.0,0.0,56,1,False,7,False,2,Work-focused
9.0,0.0,1.0,0.0,0.0,10.166666666666666,0.0,70,2,True,4,False,0,Typical mix
8.0,0.0,0.25,0.0,2.4166666666666665,7.983333333333333,1.0,41,1,False,4,False,0,Typical mix
7.666666666666667,0.0,0.8333333333333334,0.0,0.0,6.433333333333334,0.0,75,2,False,3,False,0,Typical mix
8.25,0.0,0.9166666666666666,0.0,5.7,6.116666666666666,0.0,58,2,True,7,False,1,Social
9.0,0.0,0.0,0.0,5.166666666666667,6.0,0.0,57,1,False,10,False,1,Social
8.5,7.666666666666667,0.5,0.0,0.0,0.9666666666666668,0.0,45,2,False,5,False,2,Work-focused
8.0,7.25,1.6666666666666667,0.5,0.0,2.6666666666666665,0.0,55,2,False,7,False,2,Work-focused
9.0,0.0,2.3333333333333335,0.75,0.95,1.5,0.0,80,2,False,8,False,0,Typical mix
6.916666666666667,7.683333333333334,0.3333333333333333,0.0,0.0,0.0,0.0,60,2,False,3,False,2,Work-focused
9.183333333333334,0.0,1.5,0.0,0.5,6.2,0.0,66,1,True,7,False,0,Typical mix
9.0,0.0,1.0,0.0,0.0,11.5,0.0,51,2,True,4,False,0,Typical mix
8.333333333333334,1.8333333333333333,1.0,0.0,0.75,0.0,0.0,15,2,True,7,False,0,Typical mix
9.0,5.0,1.5833333333333333,0.0,0.0,1.0,0.0,28,1,True,6,False,2,Work-focused
7.833333333333333,8.5,1.5,0.0,0.25,0.0,2.0,60,1,False,7,False,2,Work-focused
9.0,0.0,1.25,0.0,1.0,0.0,0.0,24,1,True,8,False,0,Typical mix
16.416666666666668,0.0,0.5,0.0,1.0,4.0,0.0,46,2,False,8,False,0,Typical mix
9.5,0.0,0.75,0.0,0.0,11.533333333333331,0.0,60,1,False,5,False,0,Typical mix
13.416666666666666,3.0,0.8333333333333334,0.0,0.0,5.0,0.0,56,2,False,10,False,0,Typical mix
8.916666666666666,3.3333333333333335,0.8333333333333334,0.0,0.0,4.916666666666667,0.0,63,1,False,8,False,0,Typical mix
6.0,7.75,1.25,0.0,0.0,2.5,3.5,31,1,True,7,False,4,Computer-leisure
6.0,0.0,5.0,1.5,4.0,0.0,0.0,78,2,True,3,False,1,Social
9.25,0.0,3.0,0.0,0.0,2.6666666666666665,0.0,36,2,True,8,False,0,Typical mix
8.666666666666666,0.0,0.5833333333333334,0.0,0.0,0.3333333333333333,0.0,38,1,True,7,False,0,Typical mix
7.25,0.0,1.5,0.0,0.75,3.75,0.0,73,2,True,9,False,0,Typical mix
12.333333333333334,0.0,0.5333333333333333,0.0,0.9666666666666668,6.166666666666667,0.5,16,2,True,6,False,0,Typical mix
8.85,4.5,0.5,0.0,0.25,2.5,0.5,41,2,False,6,False,2,Work-focused
6.5,14.5,2.3333333333333335,0.0,0.0,0.0,0.0,85,1,True,8,False,2,Work-focused
10.5,0.0,2.0,0.0,0.0,5.0,0.0,63,2,False,10,False,0,Typical mix
8.966666666666667,0.8666666666666667,0.0666666666666666,0.0,0.25,0.0,0.0,40,2,False,5,False,0,Typical mix
10.5,0.0,1.0,0.0,2.783333333333333,6.166666666666667,0.0,23,2,True,7,False,0,Typical mix
13.166666666666666,0.0,1.0,0.0,3.0,2.6666666666666665,0.0,80,2,False,9,False,1,Social
10.5,0.0,1.0,0.0,0.0,1.0,0.0,85,2,True,6,False,0,Typical mix
11.5,0.0,0.8333333333333334,0.0,0.0,2.8333333333333335,0.0,71,2,False,10,False,0,Typical mix
7.0,0.0,1.25,0.0,0.0,2.6666666666666665,0.0,65,2,False,6,False,0,Typical mix
11.383333333333333,0.0,2.25,0.0,0.0,3.0,0.0,85,1,False,2,False,0,Typical mix
11.416666666666666,0.0,1.5,0.0,0.0,3.8333333333333335,0.0,75,2,False,8,False,0,Typical mix
7.0,0.0,3.25,0.0,0.5,3.75,0.0,63,2,False,5,False,0,Typical mix
10.5,0.0,0.5833333333333334,0.0,0.0,5.0,0.0,80,2,False,10,False,0,Typical mix
6.0,8.25,0.5,2.75,0.0,1.5,0.5,53,1,False,8,False,2,Work-focused
8.75,0.0,1.0,0.75,0.0,3.5,0.6666666666666666,62,1,False,8,False,0,Typical mix
10.0,0.0,1.25,0.5,0.0,8.166666666666666,2.0,67,2,False,9,False,0,Typical mix
6.166666666666667,11.5,1.1666666666666667,0.0,0.0,2.0,0.0,34,1,False,10,False,2,Work-focused
10.5,0.0,1.0,0.0,0.5,1.4166666666666667,0.0,35,1,True,8,False,0,Typical mix
11.0,0.0,0.0833333333333333,0.0,0.0,0.8333333333333334,0.0,31,1,True,3,False,0,Typical mix
10.5,0.0,0.9166666666666666,0.0,5.166666666666667,3.5,0.0,54,1,True,6,False,1,Social
6.0,0.25,0.5,0.0,0.0,0.0,2.75,57,2,False,6,False,4,Computer-leisure
12.0,1.5,1.1666666666666667,0.0,0.0,1.5833333333333333,0.0,33,2,True,10,False,0,Typical mix
6.083333333333333,15.0,0.1666666666666666,0.0,0.0,0.5,0.0,28,2,False,5,False,2,Work-focused
5.0,9.75,0.0,1.0,0.0,0.0,0.0,32,2,False,10,False,2,Work-focused
7.933333333333334,11.666666666666666,1.3333333333333333,0.0,0.0,1.5,0.0,52,2,False,8,False,2,Work-focused
10.0,0.0,1.5,0.0,0.0,2.0833333333333335,0.75,27,2,True,10,False,0,Typical mix
8.316666666666666,12.75,0.4166666666666667,0.0,0.0,0.0,0.0,28,2,True,8,False,2,Work-focused
6.583333333333333,8.166666666666666,1.0833333333333333,0.0,0.0,1.8333333333333333,0.0,52,1,False,4,False,2,Work-focused
6.75,0.0,3.5,0.0,0.0,1.4166666666666667,0.0,57,2,False,6,False,0,Typical mix
7.5,0.0,4.5,0.0,0.0,5.083333333333333,0.0,54,1,True,9,False,0,Typical mix
5.416666666666667,6.833333333333333,0.3333333333333333,0.0,0.0,2.0,0.0,38,2,True,7,False,2,Work-focused
8.0,0.0,2.0,0.0,0.0,2.0,4.5,80,2,False,7,False,4,Computer-leisure
11.5,0.0,1.0,0.0,0.0,0.0,0.0,17,1,False,6,False,0,Typical mix
10.983333333333333,0.0,1.0,0.0,0.0,9.983333333333333,0.0,66,1,True,10,False,0,Typical mix
8.75,0.0,0.5833333333333334,2.0,5.416666666666667,0.0,0.0,29,2,True,8,False,1,Social
11.083333333333334,0.0,1.0,0.0,0.0,3.6666666666666665,0.0,34,2,False,0,False,0,Typical mix
5.5,0.0,0.0,0.0,0.0,16.466666666666665,0.0,80,1,True,10,False,0,Typical mix
6.833333333333333,9.583333333333334,0.25,1.0,0.0,3.25,0.0,35,2,False,7,False,2,Work-focused
10.883333333333333,0.0,2.5,0.0,1.5,4.0,0.0,24,2,True,8,False,0,Typical mix
11.0,0.0,1.0,0.0,0.0,9.166666666666666,0.0,35,2,True,4,False,0,Typical mix
9.0,6.5,2.75,0.0,0.0,2.4166666666666665,0.0,58,2,False,6,False,2,Work-focused
10.366666666666667,0.0,0.0,0.0,4.25,4.25,0.0,29,1,True,7,False,1,Social
9.0,0.0,1.75,0.0,0.0,5.583333333333333,0.0,68,2,False,10,False,0,Typical mix
7.666666666666667,12.25,1.1666666666666667,0.0,0.0,0.25,0.0,27,2,False,10,False,2,Work-focused
5.333333333333333,10.433333333333334,1.3333333333333333,0.0,0.0,1.0,0.0,38,1,False,7,False,2,Work-focused
7.75,0.0,4.75,0.0,0.0,1.0,0.0,25,2,True,8,False,0,Typical mix
8.916666666666666,0.0,1.2,0.0,0.0,1.55,0.0,37,2,False,8,False,0,Typical mix
10.5,0.0,1.6666666666666667,0.0,0.0,4.666666666666667,0.0,36,1,True,10,False,0,Typical mix
6.25,10.75,1.3333333333333333,0.0,0.0,0.0,0.0,65,1,False,8,False,2,Work-focused
10.0,0.0,0.8333333333333334,0.0,1.1666666666666667,8.833333333333334,0.0,77,2,True,10,False,0,Typical mix
10.0,0.0,1.5,0.0,0.0,7.833333333333333,0.0,59,1,False,5,False,0,Typical mix
9.583333333333334,4.083333333333333,0.0,0.0,0.3333333333333333,2.0,0.0,37,2,False,8,False,2,Work-focused
8.666666666666666,7.75,0.5,0.0,0.0,1.0,0.0,43,2,False,7,False,2,Work-focused
8.5,1.0,0.0833333333333333,0.0,0.0,9.583333333333334,0.0,38,1,True,6,False,0,Typical mix
8.416666666666666,8.333333333333334,1.0,0.0,0.6666666666666666,1.6666666666666667,0.5,52,2,False,5,False,2,Work-focused
10.166666666666666,7.833333333333333,0.8333333333333334,0.0,0.0,0.0,0.0,19,1,False,7,False,2,Work-focused
8.55,3.5,0.0,0.0,0.75,0.0,0.0,54,1,True,6,False,2,Work-focused
8.0,3.75,0.5,0.0,4.0,6.5,0.0,36,1,True,5,False,1,Social
10.75,0.0,0.5,0.0,3.6666666666666665,0.5,2.0,31,2,True,4,False,1,Social
5.0,0.0,0.0,0.0,0.0,3.5,0.0,70,2,True,5,False,0,Typical mix
8.666666666666666,0.0,0.6666666666666666,1.75,2.0833333333333335,1.3333333333333333,0.0,15,1,False,8,False,1,Social
11.0,5.166666666666667,0.3333333333333333,0.0,0.0,6.333333333333333,0.0,47,1,False,5,False,0,Typical mix
9.5,2.25,0.3333333333333333,0.0,1.25,5.283333333333333,0.0,59,1,False,8,False,0,Typical mix
10.0,0.0,0.1666666666666666,0.0,1.0,8.916666666666666,0.0,36,2,True,6,False,0,Typical mix
7.0,3.8333333333333335,1.3333333333333333,0.0,0.0,3.1666666666666665,0.0,35,1,True,5,False,2,Work-focused
11.0,0.0,1.0,0.0,0.0,5.5,0.0,28,1,True,8,False,0,Typical mix
6.833333333333333,8.0,0.25,1.3333333333333333,0.0,2.0833333333333335,1.0,44,1,True,8,False,2,Work-focused
8.75,0.0,0.9166666666666666,0.0,2.0833333333333335,0.9666666666666668,0.0,16,1,False,8,False,1,Social
7.5,0.0,1.0,0.6666666666666666,1.5,0.0,0.0,20,2,True,9,False,0,Typical mix
6.666666666666667,0.0,2.8333333333333335,0.5,0.0,0.0,0.0,40,2,True,8,False,0,Typical mix
7.0,13.333333333333334,0.5833333333333334,0.0,0.0,2.0,0.0,29,1,True,8,False,2,Work-focused
11.833333333333334,0.0,0.0833333333333333,0.0,0.0,1.8333333333333333,0.0,59,1,True,8,False,0,Typical mix
9.75,0.0,1.0,0.0,0.0,6.916666666666667,0.0,65,2,True,8,False,0,Typical mix
8.583333333333334,6.166666666666667,0.3333333333333333,0.0,2.1666666666666665,3.0,0.0,30,1,True,4,False,2,Work-focused
9.4,5.283333333333333,0.1666666666666666,0.0,4.1,0.8333333333333334,0.0,16,2,True,8,False,1,Social
9.0,0.0,0.25,0.0,10.75,0.0,0.0,24,2,True,5,False,1,Social
7.666666666666667,12.083333333333334,1.1666666666666667,0.0,0.0,0.0,0.0,39,2,True,8,False,2,Work-focused
8.666666666666666,7.25,0.5,0.0,0.0,0.0,0.0,29,2,False,9,False,2,Work-focused
9.5,0.0,0.6666666666666666,0.0,1.25,2.3333333333333335,0.0,64,2,False,5,False,0,Typical mix
10.0,0.0,1.3333333333333333,0.0,3.6666666666666665,2.1666666666666665,0.0,67,1,True,8,False,1,Social
10.416666666666666,0.0,1.25,0.0,4.083333333333333,0.5,0.0,38,2,False,7,False,1,Social
7.0,0.0,1.8666666666666667,0.0,0.0,0.0,0.0,26,1,False,7,False,0,Typical mix
9.0,0.0,2.0833333333333335,2.0,0.1666666666666666,2.8333333333333335,1.4166666666666667,55,1,True,8,False,0,Typical mix
6.416666666666667,0.0,1.1666666666666667,0.0,0.0,4.5,0.0,63,1,True,9,False,0,Typical mix
12.0,0.0,0.6666666666666666,0.5,0.0,3.5833333333333335,0.0,66,1,False,8,False,0,Typical mix
9.0,9.466666666666669,0.75,0.0,3.5,0.5833333333333334,0.0,38,1,False,10,False,2,Work-focused
10.0,0.0,5.25,0.1666666666666666,1.0,1.0,0.0,28,1,True,8,False,0,Typical mix
8.75,0.0,0.4166666666666667,0.0,1.0,2.433333333333333,0.0,80,2,False,10,False,0,Typical mix
9.75,0.0,1.4166666666666667,0.0,0.6666666666666666,2.0,0.0,32,2,True,5,False,0,Typical mix
5.833333333333333,7.0,4.833333333333333,2.5,1.0,2.0,0.0,49,1,False,7,False,3,Active
16.95,0.0,0.5,0.0,0.0,5.0,0.0,48,2,True,10,False,0,Typical mix
11.5,0.0,1.0,0.0,0.5,8.0,0.0,52,1,True,3,False,0,Typical mix
5.416666666666667,0.0,1.75,0.0,3.0,7.0,0.0,67,1,False,8,False,1,Social
6.75,7.783333333333333,0.3333333333333333,0.0,0.0,3.066666666666667,0.0,60,1,True,8,False,2,Work-focused
8.0,9.983333333333333,0.75,0.0,0.0,0.0,0.0,52,2,False,8,False,2,Work-focused
16.416666666666668,0.0,0.5,0.0,0.0,4.5,0.0,22,2,False,9,False,0,Typical mix
10.0,0.0,0.75,0.0,0.0,3.5,0.0,54,1,True,7,False,0,Typical mix
11.5,2.4166666666666665,1.0,4.0,0.0,0.0,0.0,16,2,True,9,False,3,Active
8.0,0.9166666666666666,0.75,0.0,0.0,5.75,0.0,25,1,True,7,False,0,Typical mix
10.166666666666666,0.0,3.6666666666666665,0.0,0.0,1.5,0.0,16,2,True,8,False,0,Typical mix
11.0,0.0,0.25,0.0,3.5833333333333335,6.583333333333333,0.0,30,1,False,2,False,1,Social
13.083333333333334,0.0,0.6666666666666666,0.0,0.0,0.0,4.583333333333333,17,1,True,7,False,4,Computer-leisure
12.75,0.0,0.25,0.0,0.0,5.666666666666667,0.3333333333333333,16,2,True,7,False,0,Typical mix
7.5,7.883333333333334,2.0,0.0,0.0,0.0,0.0,27,2,False,8,False,2,Work-focused
9.333333333333334,8.0,0.0,0.0,0.0,3.9166666666666665,0.0,19,1,False,7,False,2,Work-focused
9.0,0.0,1.0,0.25,0.0,1.0,0.0,74,1,False,10,False,0,Typical mix
8.75,0.0,1.4166666666666667,0.0,0.5833333333333334,2.75,0.0,60,2,True,7,False,0,Typical mix
9.166666666666666,0.0,0.3333333333333333,0.0,0.0,0.7,0.0,28,2,True,5,False,0,Typical mix
10.0,0.0,1.0,1.0,0.0,1.5,0.0,43,1,True,6,False,0,Typical mix
8.0,0.0,0.75,0.0,0.0,1.0,0.0,29,2,True,8,False,0,Typical mix
12.333333333333334,0.0,0.75,0.0,0.0,1.25,0.0,49,1,True,10,False,0,Typical mix
10.5,0.0,1.1666666666666667,0.0,2.0,2.5,0.0,29,2,True,6,False,0,Typical mix
9.683333333333334,0.0,0.0,0.75,0.0,0.5,2.0,47,2,True,5,False,0,Typical mix
8.5,5.5,1.8333333333333333,0.0,0.0,1.0,0.0,29,2,False,8,False,2,Work-focused
8.5,0.0,0.8333333333333334,0.0,0.6666666666666666,1.0,0.0,30,2,False,9,False,0,Typical mix
10.0,0.0,2.0,0.0,0.0,3.0,0.0,59,1,True,5,False,0,Typical mix
7.0,8.5,0.5833333333333334,1.5,0.5,3.1666666666666665,0.0,53,2,False,8,False,2,Work-focused
6.0,5.416666666666667,0.3666666666666666,0.0,3.4166666666666665,1.95,0.0,41,1,True,8,False,1,Social
7.0,0.0,0.5,0.0,4.916666666666667,0.0,0.0,31,2,False,7,False,1,Social
14.916666666666666,0.0,0.75,0.0,0.0,0.0,0.0,85,2,False,0,False,0,Typical mix
9.5,0.0,0.5833333333333334,0.0,0.0,10.933333333333334,0.0,43,1,True,5,False,0,Typical mix
10.5,0.1666666666666666,1.0,0.0,0.0,2.0,0.0,47,2,True,7,False,0,Typical mix
7.633333333333334,8.916666666666666,1.0833333333333333,3.5,0.0,0.0,0.0,39,1,False,7,False,3,Active
8.75,0.0,1.75,0.0,0.5,4.0,0.0,36,2,False,9,False,0,Typical mix
11.666666666666666,0.0,1.0,0.0,0.0,4.5,0.0,32,2,True,10,False,0,Typical mix
10.083333333333334,0.75,2.0,0.0,0.4833333333333333,1.0,0.0,80,2,False,8,False,0,Typical mix
7.333333333333333,10.0,0.5,0.0,0.0,3.0,0.0,63,1,False,5,False,2,Work-focused
11.0,0.0,3.0,0.0,0.0,3.0,0.0,66,1,True,5,False,0,Typical mix
10.0,0.0,2.5,1.0,0.0,3.1666666666666665,0.0,65,1,True,8,False,0,Typical mix
6.5,8.166666666666666,0.0,0.0,0.0,2.0,0.0,52,2,False,8,False,2,Work-focused
5.483333333333333,0.0,0.4166666666666667,0.0,0.0,10.25,0.0,59,1,False,5,False,0,Typical mix
10.116666666666667,0.0,1.25,0.0,0.0,6.033333333333333,0.0,59,2,True,10,False,0,Typical mix
7.75,1.9833333333333336,1.0,0.0,0.0,1.75,0.0,43,2,True,8,False,0,Typical mix
19.666666666666668,0.0,0.3333333333333333,0.0,0.0,2.0,0.0,48,1,False,0,False,0,Typical mix
8.583333333333334,0.0,0.5,0.0,0.0,2.0,0.0,43,2,True,5,False,0,Typical mix
9.833333333333334,0.0,0.75,0.0,0.0,4.5,0.0,39,2,True,9,False,0,Typical mix
11.0,0.0,1.0,0.0,0.0,5.0,0.0,85,2,False,10,False,0,Typical mix
12.0,0.0,0.6666666666666666,0.0,0.1666666666666666,4.666666666666667,0.0,20,1,True,4,False,0,Typical mix
11.416666666666666,0.0,1.5,0.0,3.8333333333333335,1.3833333333333333,0.0,55,1,True,9,False,1,Social
7.916666666666667,0.0,2.1666666666666665,0.0,0.0,0.5,0.6666666666666666,42,2,True,7,False,0,Typical mix
5.75,9.25,1.25,0.0,0.0,1.25,0.0,54,2,True,7,False,2,Work-focused
8.5,0.0,2.0,0.0,0.5,1.0,0.0,79,2,False,8,False,0,Typical mix
5.466666666666667,0.0,1.0833333333333333,0.0,0.55,0.0,0.0,64,1,False,8,False,0,Typical mix
8.0,0.0,1.8,0.0,0.0,4.266666666666667,0.0,72,2,False,0,False,0,Typical mix
9.916666666666666,0.0,0.9166666666666666,0.0,0.0,0.0,0.0,47,2,True,7,False,0,Typical mix
7.0,0.0,0.5,0.0,0.0,10.5,0.0,73,1,False,8,False,0,Typical mix
8.0,8.25,1.3333333333333333,0.0,0.0,2.6666666666666665,0.0,40,1,True,6,False,2,Work-focused
10.833333333333334,0.0,0.3333333333333333,0.0,0.0,5.533333333333333,0.0,52,2,True,7,False,0,Typical mix
10.666666666666666,8.75,0.8333333333333334,0.0,0.0,1.5,0.0,19,1,True,10,False,2,Work-focused
11.0,0.0,0.5,0.0,0.0,6.5,0.0,54,2,True,9,False,0,Typical mix
5.75,0.0,1.1666666666666667,1.8333333333333333,2.4833333333333334,0.0,0.0,55,2,False,8,False,1,Social
8.0,8.666666666666666,0.3333333333333333,0.0,0.5,3.6666666666666665,0.0,53,1,False,8,False,2,Work-focused
9.333333333333334,7.6,1.0,0.0,0.0,2.7666666666666666,0.0,32,2,False,7,False,2,Work-focused
8.25,0.0,0.5,0.3333333333333333,0.5,3.25,0.0,37,2,False,3,False,0,Typical mix
7.5,14.333333333333334,0.3333333333333333,0.0,0.0,1.0,0.0,44,1,False,5,False,2,Work-focused
10.0,0.0,0.4166666666666667,0.0,0.0,11.133333333333333,0.0,28,2,True,7,False,0,Typical mix
6.75,0.0,1.25,0.0,1.0,1.4,1.0833333333333333,38,2,False,7,False,0,Typical mix
9.75,0.0,0.5,0.0,0.0,3.3333333333333335,0.0,25,2,False,5,False,0,Typical mix
8.333333333333334,0.0,0.1666666666666666,0.0,6.666666666666667,0.0,0.0,16,1,False,5,False,1,Social
6.0,0.0,0.6333333333333333,0.0,0.0,1.0,0.0,15,2,False,5,False,0,Typical mix
11.416666666666666,0.0,2.3333333333333335,0.0,0.0,0.0,0.0,29,2,True,8,False,0,Typical mix
7.666666666666667,2.6666666666666665,4.25,0.0,0.0,2.0,0.0,54,1,False,8,False,0,Typical mix
7.0,8.75,1.0833333333333333,0.0,0.0,1.0,0.0,36,1,True,10,False,2,Work-focused
10.0,0.0,2.0,0.0,0.0,0.0,0.0,37,2,True,7,False,0,Typical mix
17.116666666666667,0.0,0.1666666666666666,0.0,0.0,2.0,0.0,29,2,True,6,False,0,Typical mix
6.666666666666667,0.0,1.0,0.0,3.25,0.8333333333333334,0.0,22,1,False,8,False,1,Social
10.5,0.0,3.3333333333333335,0.0,0.0,5.0,0.0,60,1,True,6,False,0,Typical mix
8.5,0.0,1.3333333333333333,0.0,0.5,0.75,0.1666666666666666,54,1,False,5,False,0,Typical mix
7.55,0.0,1.2166666666666666,0.0,0.0,0.25,0.5,51,1,True,8,False,0,Typical mix
6.666666666666667,0.0,4.0,0.0,0.0,2.0,0.0,56,2,True,6,False,0,Typical mix
9.5,7.75,0.5,0.0,0.0,3.25,0.0,30,2,False,7,False,2,Work-focused
8.5,0.0,0.5,0.0,0.0,5.666666666666667,0.0,40,2,True,6,False,0,Typical mix
9.5,1.0,1.5,0.0,0.0,0.4166666666666667,0.0,41,2,False,6,False,0,Typical mix
7.266666666666667,6.133333333333334,0.25,0.0,0.0,1.0,0.0,48,1,True,4,False,2,Work-focused
12.5,0.0,0.5,0.0,0.0,2.0,4.5,39,1,False,4,False,4,Computer-leisure
8.916666666666666,0.0,1.0,0.0,0.0,0.0,0.0,34,2,True,8,False,0,Typical mix
8.733333333333333,0.0,0.5,2.0,3.6333333333333337,1.25,0.0,37,2,False,8,False,1,Social
12.916666666666666,0.0,0.95,0.0,0.0,3.75,0.0,15,2,True,7,False,0,Typical mix
9.0,0.0,1.5,0.0,1.5,8.25,0.0,34,1,True,7,False,0,Typical mix
8.433333333333334,0.0,1.4166666666666667,0.0,0.5,2.6666666666666665,0.0,68,2,True,7,False,0,Typical mix
12.25,0.0,2.5,0.0,0.0,5.0,0.0,30,1,True,7,False,0,Typical mix
11.0,0.0,1.25,0.0,0.0,0.0,0.0,79,2,True,6,False,0,Typical mix
5.966666666666667,0.0,2.0,0.0,0.0,7.583333333333333,0.0,64,1,False,5,False,0,Typical mix
8.5,0.0,0.25,0.0,0.0,1.4166666666666667,0.5,38,2,False,9,False,0,Typical mix
9.666666666666666,0.0,0.8333333333333334,0.0,2.1666666666666665,1.75,0.0,32,2,True,6,False,0,Typical mix
11.0,0.0,1.0,1.0,0.0,5.0,0.0,57,2,True,10,False,0,Typical mix
9.0,0.0,0.75,0.0,0.0,5.983333333333333,0.0,38,2,True,5,False,0,Typical mix
12.083333333333334,0.0,1.0833333333333333,0.0,3.0,3.75,0.0,37,1,True,7,False,1,Social
9.0,0.0,0.6666666666666666,0.0,3.25,2.0,0.0,34,2,False,7,False,1,Social
7.5,8.0,0.6666666666666666,0.0,0.0,1.5833333333333333,0.0,35,2,False,9,False,2,Work-focused
10.75,0.0,2.0,0.0,1.75,2.25,0.0,39,1,False,4,False,0,Typical mix
5.55,5.116666666666666,0.0,0.0,0.0,0.0,0.0,39,1,True,8,False,2,Work-focused
8.633333333333333,0.0,1.0,0.0,0.5,2.4166666666666665,0.0,57,1,False,7,False,0,Typical mix
6.666666666666667,7.916666666666667,1.25,0.0,0.5833333333333334,0.0,0.0,36,1,False,7,False,2,Work-focused
8.666666666666666,0.0,2.75,0.0,0.0,1.0,0.0,46,2,True,10,False,0,Typical mix
11.5,0.0,1.25,0.0,1.0,1.0,0.0,43,1,True,6,False,0,Typical mix
4.0,8.25,1.3333333333333333,0.0,0.0,4.25,0.0,49,1,False,6,False,2,Work-focused
7.75,0.0,0.5,0.0,0.0,2.6666666666666665,9.166666666666666,72,2,False,9,False,4,Computer-leisure
8.5,0.0,1.5,0.0,2.5,5.166666666666667,0.0,40,1,True,7,False,0,Typical mix
10.0,0.0,2.0,0.0,0.0,2.8333333333333335,0.0,72,1,False,7,False,0,Typical mix
5.833333333333333,14.333333333333334,0.6666666666666666,0.0,0.0,0.0,0.0,45,1,False,6,False,2,Work-focused
7.25,0.0,4.0,0.0,0.0,3.8,0.0,40,1,False,10,False,0,Typical mix
10.166666666666666,7.166666666666667,0.9166666666666666,0.0,0.0,1.5833333333333333,0.0,33,2,True,8,False,2,Work-focused
7.5,0.0,1.25,0.0,0.0,3.5833333333333335,0.0,36,1,True,8,False,0,Typical mix
9.5,0.0,1.5,0.0,0.0,3.0,0.0,31,2,True,8,False,0,Typical mix
12.416666666666666,0.0,0.4166666666666667,0.0,0.0,0.75,0.0,25,2,False,7,False,0,Typical mix
8.0,0.0,1.0,2.0,2.7,5.5,0.0,45,1,True,7,False,1,Social
5.5,8.5,4.166666666666667,0.0,4.0,0.0,0.0,37,2,True,4,False,1,Social
7.916666666666667,0.0,0.75,0.0,0.0,13.916666666666666,0.0,49,2,True,1,False,0,Typical mix
10.0,0.5,0.8333333333333334,0.0,0.5,2.6666666666666665,0.3333333333333333,39,2,True,8,False,0,Typical mix
7.5,0.0,0.6666666666666666,0.0,0.0,3.9166666666666665,0.0,66,1,False,8,False,0,Typical mix
7.5,0.0,0.0,0.0,0.0,16.0,0.0,80,1,True,3,False,0,Typical mix
12.5,0.0,1.5,0.0,0.0,1.5,0.0,22,2,False,10,False,0,Typical mix
6.25,0.0,1.0,0.0,3.966666666666667,8.666666666666666,0.0,63,1,True,10,False,1,Social
7.0,6.183333333333334,1.5,0.0,0.0,2.0,0.0,34,1,False,6,False,2,Work-focused
8.0,9.833333333333334,0.25,0.0,0.0,3.5833333333333335,0.0,51,2,False,7,False,2,Work-focused
7.5,0.0,0.5833333333333334,0.0,1.25,12.416666666666666,0.0,68,1,True,9,False,0,Typical mix
7.0,0.0,1.0,1.5,0.0,2.0,0.0,64,1,False,4,False,0,Typical mix
9.0,0.0,0.3333333333333333,0.0,0.0,3.6666666666666665,0.0,68,2,False,0,False,0,Typical mix
5.0,0.0,0.0,1.0,0.0,0.0,0.0,46,1,True,5,False,2,Work-focused
16.333333333333332,0.0,1.6666666666666667,1.0,0.0,2.0,0.0,20,2,False,10,False,0,Typical mix
11.25,0.0,1.0,0.0,0.0,8.0,0.0,55,2,True,5,False,0,Typical mix
10.0,0.0,0.0,0.0,0.0,3.5,0.0,33,2,True,7,False,0,Typical mix
7.5,0.0,2.25,6.666666666666667,0.0,6.5,0.0,37,1,True,7,False,3,Active
13.0,3.3333333333333335,1.75,0.6666666666666666,0.0,3.0833333333333335,0.0,54,2,False,8,False,0,Typical mix
6.75,0.0,1.25,0.0,4.0,3.0833333333333335,1.0,69,2,True,5,False,1,Social
8.75,0.0,1.75,0.0,1.0,4.25,0.0,80,2,False,10,False,0,Typical mix
7.0,0.0,0.5833333333333334,0.0,0.0,8.8,0.0,85,2,False,5,False,0,Typical mix
14.75,0.0,0.3333333333333333,0.4166666666666667,0.0,3.8333333333333335,0.0,32,2,False,10,False,0,Typical mix
7.666666666666667,7.75,1.0,0.0,0.0,0.5,0.0,28,2,False,5,False,2,Work-focused
4.166666666666667,0.0,0.0,0.0,0.0,0.0,0.0,16,1,True,8,False,2,Work-focused
10.5,0.1666666666666666,0.3333333333333333,0.0,2.0,3.95,5.0,28,2,True,8,False,4,Computer-leisure
14.9,0.0,0.9166666666666666,0.0,0.0,5.083333333333333,0.0,61,2,False,2,False,0,Typical mix
7.0,0.0,1.8333333333333333,0.0,1.1666666666666667,7.083333333333333,0.0,67,1,False,6,False,0,Typical mix
9.5,0.0,0.6666666666666666,0.0,0.4166666666666667,0.1666666666666666,0.0,15,1,False,8,False,0,Typical mix
12.0,0.0,0.8333333333333334,0.0,0.0,2.5833333333333335,0.0,69,2,True,6,False,0,Typical mix
8.0,12.0,0.5833333333333334,0.0,0.75,1.5833333333333333,0.0,60,1,False,5,False,2,Work-focused
10.166666666666666,0.0166666666666666,0.8333333333333334,0.0,0.0,4.466666666666667,0.5,45,2,True,8,False,0,Typical mix
10.75,0.0,0.7,0.0,0.0,9.05,0.0,54,1,True,5,False,0,Typical mix
9.083333333333334,0.0,1.3333333333333333,0.0,2.25,1.5,0.0,26,1,True,8,False,1,Social
8.333333333333334,0.0,0.0,1.5,0.0,3.0,0.0,46,1,True,8,False,0,Typical mix
11.833333333333334,0.0,0.3333333333333333,0.0,0.0,5.033333333333333,0.0,42,1,True,8,False,0,Typical mix
8.083333333333334,7.4,0.3333333333333333,0.0,0.0,1.5,0.0,35,2,False,8,False,2,Work-focused
6.916666666666667,0.0,1.3333333333333333,0.0,0.0,0.0,1.75,36,2,False,5,False,0,Typical mix
13.25,0.0,0.5,0.0,0.0,0.0,0.0,30,2,False,9,False,0,Typical mix
6.5,0.0,1.25,0.0,0.0,3.8333333333333335,4.0,70,2,False,8,False,4,Computer-leisure
10.333333333333334,0.0,0.5,0.0,2.033333333333333,0.0,0.0,49,2,True,6,False,0,Typical mix
7.466666666666667,0.0,0.5,0.0,0.0,0.8333333333333334,0.0,44,2,False,8,False,0,Typical mix
8.0,5.583333333333333,2.0833333333333335,0.0,0.0,2.5,0.0,39,2,False,8,False,2,Work-focused
12.0,0.0,1.5,0.0,1.0,3.9166666666666665,0.5,63,2,True,10,False,0,Typical mix
2.0,0.0,2.0,0.0,0.0,12.166666666666666,0.0,69,2,False,2,False,0,Typical mix
10.0,0.0,0.75,0.0,0.0,6.0,1.8333333333333333,34,1,False,2,False,0,Typical mix
6.75,8.083333333333334,0.75,1.25,0.0,0.75,1.5,37,1,False,7,False,2,Work-focused
9.0,0.0,1.3333333333333333,0.0,0.0,9.5,0.0,74,2,True,0,False,0,Typical mix
10.5,0.0,2.5,0.0,0.75,1.3333333333333333,2.0,36,1,False,7,False,0,Typical mix
10.0,0.0,0.75,0.0,0.75,0.3333333333333333,0.0,79,2,True,5,False,0,Typical mix
10.5,0.0,0.5,0.0,1.0,11.083333333333334,0.0,69,2,False,6,False,0,Typical mix
4.666666666666667,8.0,1.75,0.0,0.0,0.0,0.0,42,1,False,6,False,2,Work-focused
9.25,0.0,0.3333333333333333,0.0,0.0,2.0,0.0,75,1,False,6,False,0,Typical mix
6.166666666666667,0.0,1.25,0.0,1.5,3.75,0.0,27,2,False,5,False,0,Typical mix
6.666666666666667,0.0,1.6833333333333331,0.0,1.0,4.75,0.0,73,1,True,5,False,0,Typical mix
11.833333333333334,0.0,1.25,0.0,2.5833333333333335,0.0,0.0,59,2,True,10,False,1,Social
12.25,7.75,1.0,0.0,0.0,0.0,0.0,43,2,False,7,False,2,Work-focused
8.0,0.0,2.5,0.0,1.1666666666666667,2.9166666666666665,0.0,72,2,False,10,False,0,Typical mix
9.833333333333334,0.0,1.6666666666666667,1.0,1.0,2.5,0.0,39,2,True,8,False,0,Typical mix
12.0,0.0,1.3333333333333333,0.0,0.0,3.6666666666666665,0.0,39,1,True,8,False,0,Typical mix
8.5,0.0,1.0,0.0,2.0833333333333335,4.883333333333334,0.0,28,2,True,6,False,0,Typical mix
7.066666666666666,5.75,0.5,1.0,4.25,1.0,0.0,37,2,True,8,False,1,Social
10.0,0.0,2.75,0.0,0.0,0.0,0.0,75,2,False,10,False,0,Typical mix
8.916666666666666,0.0,0.5833333333333334,0.0,0.0,11.0,0.0,35,1,True,7,False,0,Typical mix
12.716666666666669,5.583333333333333,2.0,0.0,0.0,0.25,0.0,29,2,True,8,False,0,Typical mix
7.0,0.0,2.15,0.0,0.0,4.0,1.0,78,2,True,6,False,0,Typical mix
9.0,0.0,1.5,0.0,0.0,4.0,0.0,36,1,True,7,False,0,Typical mix
12.5,0.0,0.5833333333333334,4.0,0.0,3.5,0.0,16,1,True,8,False,3,Active
11.0,0.0,0.3333333333333333,0.0,0.0,4.833333333333333,0.0,42,2,True,4,False,0,Typical mix
6.75,0.0,1.3333333333333333,0.0,1.25,0.0,0.0,27,2,False,7,False,0,Typical mix
11.5,0.0,1.5,0.0,0.0,0.0,9.916666666666666,43,1,True,3,False,4,Computer-leisure
9.05,0.0,1.1666666666666667,0.0,0.0,0.0,2.0,71,2,False,10,False,0,Typical mix
9.583333333333334,0.0,0.9166666666666666,0.0,5.0,1.3333333333333333,0.0,27,1,True,7,False,1,Social
6.25,0.0,0.1666666666666666,0.0,0.0,6.0,0.5,67,1,False,8,False,0,Typical mix
12.333333333333334,0.0,0.8333333333333334,0.0,0.0,7.1,0.0,30,2,True,9,False,0,Typical mix
17.583333333333332,0.0,0.75,0.0,0.0,5.0,0.0,47,2,True,3,False,0,Typical mix
10.0,0.0,1.6666666666666667,0.0,0.0,5.0,0.0,69,1,True,7,False,0,Typical mix
8.0,0.0,0.3333333333333333,0.0,2.3333333333333335,6.333333333333333,0.0,55,2,False,2,False,0,Typical mix
7.5,0.0,0.25,0.0,2.0,1.75,0.0,51,1,False,6,False,0,Typical mix
8.25,0.0,0.25,0.0,0.0,2.0,0.0,61,2,False,9,False,0,Typical mix
4.75,8.083333333333334,0.75,0.0,0.0,1.5,2.6666666666666665,47,1,False,6,False,4,Computer-leisure
8.5,0.0,0.5833333333333334,0.0,0.0,11.25,0.0,69,1,True,4,False,0,Typical mix
10.0,0.0,1.25,0.0,6.916666666666667,3.0,0.0,66,2,True,5,False,1,Social
9.5,9.166666666666666,0.25,0.0,0.0,1.0,0.0,63,1,False,8,False,2,Work-focused
6.666666666666667,12.333333333333334,1.1333333333333333,0.0,0.0,1.0,0.0,32,1,True,5,False,2,Work-focused
7.0,0.0,1.5,1.0,0.0,13.5,0.0,77,2,False,10,False,0,Typical mix
7.8,5.833333333333333,0.6666666666666666,0.5,1.0833333333333333,0.5,0.1666666666666666,63,2,False,8,False,2,Work-focused
8.5,0.0,0.1666666666666666,1.0,0.0,6.983333333333333,0.0,75,2,True,6,False,0,Typical mix
10.0,8.083333333333334,0.0,0.0,0.5,3.0833333333333335,0.0,50,2,True,3,False,2,Work-focused
8.916666666666666,0.0,1.0,0.0,0.0,0.0,0.0,45,2,True,4,False,0,Typical mix
7.666666666666667,0.0,0.5,0.0,0.0,0.5,0.0,62,2,False,6,False,0,Typical mix
8.75,0.0,2.0,0.0,3.5,2.5,0.0,31,2,True,8,False,1,Social
8.0,8.75,0.5,0.0,0.0,4.25,0.0,38,2,False,7,False,2,Work-focused
3.8333333333333335,4.466666666666667,2.75,0.0,0.0,0.3833333333333333,0.0,52,2,False,6,False,2,Work-focused
9.0,0.0,0.5,0.0,0.0,5.0,0.0,70,1,True,5,False,0,Typical mix
7.75,0.0,1.7,3.8333333333333335,2.75,1.5,0.0,52,2,True,5,False,3,Active
8.0,8.75,1.0,0.0,0.0,0.0,0.0,39,1,False,5,False,2,Work-focused
7.75,0.0,0.5,0.0,0.0,4.0,0.0,41,2,True,6,False,0,Typical mix
8.25,10.583333333333334,0.25,0.0,0.0,2.5833333333333335,0.0,56,1,False,8,False,2,Work-focused
7.0,0.0,0.0833333333333333,4.95,0.0,2.6666666666666665,0.0,75,2,True,7,False,3,Active
7.166666666666667,0.0,1.0,0.0,5.0,5.333333333333333,0.0,35,2,False,7,False,1,Social
9.0,0.0,0.5,0.0,0.0,3.0,0.0,31,2,True,5,False,0,Typical mix
8.666666666666666,0.0,1.5,0.0,0.0,2.5,0.0,24,1,True,7,False,0,Typical mix
8.25,0.0,1.75,0.0,0.0,0.0,0.0,74,1,False,10,False,0,Typical mix
9.916666666666666,0.0,1.5,0.0,0.0,9.5,0.0,73,2,True,8,False,0,Typical mix
8.0,0.0,1.0,0.0,0.0,5.983333333333333,2.0,45,1,True,5,False,0,Typical mix
12.5,0.0,2.3333333333333335,3.75,0.0,1.0,0.0,72,1,True,10,False,3,Active
8.75,0.0,0.3333333333333333,0.0,0.0,2.25,0.7166666666666667,39,2,False,4,False,0,Typical mix
8.25,10.0,0.25,0.5,0.0,2.5,1.0,59,1,False,9,False,2,Work-focused
8.5,7.916666666666667,0.5,0.25,0.0,0.0,0.0,28,2,True,8,False,2,Work-focused
10.0,0.0,0.0833333333333333,0.0,0.0,9.916666666666666,0.0,27,1,True,3,False,0,Typical mix
12.0,0.0,1.5,0.0,0.0,5.166666666666667,0.0,60,1,True,8,False,0,Typical mix
8.0,0.0,1.3333333333333333,9.75,1.0,0.6666666666666666,0.0,43,1,True,7,False,3,Active
9.0,5.166666666666667,1.5,0.0,1.5,3.0,0.0,43,2,False,10,False,2,Work-focused
6.083333333333333,0.4166666666666667,2.3333333333333335,0.0,0.0,2.25,0.0,36,1,True,8,False,0,Typical mix
8.5,3.9166666666666665,0.3333333333333333,0.0,1.5833333333333333,2.0,0.0,44,2,False,10,False,2,Work-focused
9.033333333333331,0.0,0.3333333333333333,0.0,0.0,4.5,0.0,52,2,True,4,False,0,Typical mix
1.0,7.833333333333333,1.75,0.0,0.0,0.0,0.0,52,2,False,7,False,2,Work-focused
5.666666666666667,17.75,0.0,0.0,0.0,0.0,0.0,33,1,False,8,False,2,Work-focused
6.75,7.916666666666667,1.0,0.0,0.0,3.5,0.0,25,2,False,7,False,2,Work-focused
9.5,0.0,1.5,0.0,1.1666666666666667,3.0,0.0,70,1,False,7,False,0,Typical mix
9.5,0.0,0.4166666666666667,0.25,0.0,1.6666666666666667,0.5,43,1,False,8,False,0,Typical mix
12.0,0.0,0.0833333333333333,0.0,0.0,11.15,0.0,22,2,False,6,False,0,Typical mix
8.85,0.0,0.6166666666666667,0.0,0.75,0.0,0.3333333333333333,48,2,True,4,False,0,Typical mix
11.0,0.0,0.0,0.0,2.5,7.0,0.0,65,1,True,10,False,0,Typical mix
9.5,0.0,0.8333333333333334,0.0,0.0,5.5,0.0,67,1,True,8,False,0,Typical mix
6.75,10.0,0.25,1.5,0.0,2.25,0.0,60,1,False,10,False,2,Work-focused
9.5,0.0,2.5,0.5,0.0,1.0,0.0,55,2,True,8,False,0,Typical mix
8.0,0.0,1.0,0.0,0.0,0.0,0.0,45,1,False,8,False,0,Typical mix
7.166666666666667,12.083333333333334,0.8333333333333334,0.0,0.0,2.0,0.0,50,1,False,8,False,2,Work-focused
11.0,0.0,0.5,0.0,0.0,3.5,0.0,72,2,False,10,False,0,Typical mix
7.0,1.5,2.75,0.0,0.0,3.5,0.0,33,1,True,10,False,0,Typical mix
8.833333333333334,0.0,1.0,0.0,3.5,6.0,0.0,80,2,False,10,False,1,Social
7.583333333333333,0.0,1.0,1.6666666666666667,2.5,9.666666666666666,0.0,15,1,True,9,False,0,Typical mix
9.5,0.0,1.5,0.0,0.0,3.0,0.0,42,1,True,4,False,0,Typical mix
8.0,1.0,1.0,3.9,0.75,0.7833333333333333,0.0,45,1,False,8,False,3,Active
12.25,0.0,1.4166666666666667,0.0,0.0,2.3333333333333335,0.0,80,2,True,7,False,0,Typical mix
7.333333333333333,0.0,0.6666666666666666,1.0833333333333333,0.0,3.466666666666667,0.0,45,2,False,8,False,0,Typical mix
6.75,9.25,1.0,0.0,0.0,2.9166666666666665,1.5,47,1,False,5,False,2,Work-focused
8.166666666666666,0.0,0.6666666666666666,0.0,0.0,3.6666666666666665,0.0,61,2,True,8,False,0,Typical mix
8.5,0.0,1.5,0.0,0.0,8.0,0.0,65,1,True,10,False,0,Typical mix
9.333333333333334,0.0,0.5,0.0,3.5,3.5,1.0,71,1,True,8,False,1,Social
10.0,0.0,0.25,1.0,0.0,4.0,0.3333333333333333,66,2,True,8,False,0,Typical mix
8.0,0.0,1.8333333333333333,0.0,0.0,4.2,1.5,67,2,False,8,False,0,Typical mix
12.5,0.0,1.0833333333333333,0.0,0.0,8.833333333333334,0.0,35,2,True,8,False,0,Typical mix
10.0,0.0,3.0,0.0,6.166666666666667,0.0,0.0,18,2,True,7,False,1,Social
9.25,0.0,1.6666666666666667,0.0,0.0,8.666666666666666,0.0,69,1,False,7,False,0,Typical mix
8.666666666666666,0.0,0.5,0.0,0.0,6.5,0.0,58,1,True,8,False,0,Typical mix
10.5,0.0,0.25,0.0,0.0,2.75,0.0,31,2,True,5,False,0,Typical mix
10.833333333333334,0.0,0.5,0.0,0.0,0.0,0.0,73,2,True,7,False,0,Typical mix
10.0,9.5,1.5,0.0,0.0,1.5,0.0,25,2,False,7,False,2,Work-focused
5.183333333333334,1.1666666666666667,0.4166666666666667,0.0,0.0833333333333333,4.0,0.0,46,2,False,8,False,0,Typical mix
8.0,5.916666666666667,0.4166666666666667,0.0,0.0,1.5,0.5,58,2,False,8,False,2,Work-focused
15.25,0.0,0.5,0.0,0.0,0.75,0.0,54,1,True,4,False,0,Typical mix
8.416666666666666,11.45,0.3333333333333333,0.0,0.0,0.0,0.0,43,2,False,4,False,2,Work-focused
8.5,0.0,0.5,0.0,0.1666666666666666,5.016666666666667,0.0,85,2,True,10,False,0,Typical mix
10.0,0.0,2.5,2.5,0.0,7.0,1.6666666666666667,80,1,False,9,False,3,Active
15.333333333333334,0.0,1.0,0.0,0.0,0.0,0.0,30,2,True,10,False,0,Typical mix
4.0,0.0,2.0833333333333335,0.0,0.0,3.5,0.0,74,2,True,8,False,0,Typical mix
8.5,0.0,1.05,0.0,0.0,0.0,0.0,32,2,True,10,False,0,Typical mix
6.133333333333334,8.25,0.4166666666666667,0.0,2.2,3.5833333333333335,0.0,33,1,False,2,False,2,Work-focused
8.5,0.0,0.75,3.0,0.0,7.116666666666666,0.0,60,1,False,7,False,3,Active
11.083333333333334,5.333333333333333,1.25,0.0,0.0,2.0,0.0,25,2,True,7,False,0,Typical mix
9.75,0.0,1.0,0.0,2.9166666666666665,0.5,0.0,66,2,False,10,False,1,Social
11.0,0.0,1.25,0.0,0.0,6.75,0.0,42,1,True,8,False,0,Typical mix
11.5,0.0,0.6666666666666666,0.0,0.0,8.75,0.0,58,1,True,7,False,0,Typical mix
10.5,0.0,1.5,0.0,0.0,5.166666666666667,1.5,66,1,True,7,False,0,Typical mix
3.0,8.866666666666667,1.2,0.0,0.0,4.0,0.0,19,1,False,5,False,2,Work-focused
8.25,8.283333333333333,1.5,0.6666666666666666,2.1333333333333333,0.0,0.0,23,2,False,8,False,2,Work-focused
10.5,0.0,1.5833333333333333,0.0,2.0,0.5,1.0,32,2,True,5,False,0,Typical mix
12.083333333333334,0.0,2.6666666666666665,0.0,0.0,2.0,0.0,17,1,True,8,False,0,Typical mix
8.666666666666666,11.583333333333334,0.9166666666666666,0.0,0.0,0.0,0.0,51,2,False,9,False,2,Work-focused
10.5,3.75,0.0,0.0,0.0,1.0,0.0,40,2,True,5,False,0,Typical mix
9.55,0.0,1.0833333333333333,1.0,1.5,2.466666666666667,0.0,17,2,False,8,False,0,Typical mix
11.833333333333334,5.0,0.0,0.0,0.0,2.0,0.0,24,2,False,9,False,0,Typical mix
7.75,6.983333333333333,0.8333333333333334,0.0,0.0,1.9166666666666667,0.0,51,1,True,9,False,2,Work-focused
9.0,0.0,0.25,0.0,1.5,6.916666666666667,0.0,66,2,True,5,False,0,Typical mix
6.0,0.0,2.9166666666666665,2.0,0.0,13.083333333333334,0.0,61,1,True,8,False,0,Typical mix
11.0,0.0,1.0,0.0,0.0,4.166666666666667,0.0,38,2,True,8,False,0,Typical mix
11.5,0.0,0.25,0.0,0.0,5.416666666666667,0.0,55,2,True,7,False,0,Typical mix
9.5,0.0,3.5,0.0,0.0,4.666666666666667,2.0,80,1,False,8,False,0,Typical mix
9.916666666666666,9.2,1.25,0.0,0.0,0.3333333333333333,0.0,38,1,False,8,False,2,Work-focused
12.25,8.05,0.5,0.0,0.0,1.0,0.0,30,1,False,10,False,2,Work-focused
7.333333333333333,6.0,1.75,0.0,0.0,0.0,0.0,42,2,False,8,False,2,Work-focused
9.25,0.0,0.75,0.0,1.0,7.333333333333333,0.0,59,1,True,7,False,0,Typical mix
7.55,9.833333333333334,1.5833333333333333,0.0,0.0,2.0,0.0,56,1,False,6,False,2,Work-focused
15.983333333333333,0.0,0.3333333333333333,0.0,0.25,0.0,0.0,61,2,False,10,False,0,Typical mix
11.0,0.0,1.5,0.0,1.5,2.0,0.0,76,2,False,6,False,0,Typical mix
5.0,0.0,0.8333333333333334,0.0,0.0,1.3333333333333333,0.0,59,2,False,10,False,0,Typical mix
6.083333333333333,0.0,1.9166666666666667,0.0,4.166666666666667,1.0,0.0,43,2,False,10,False,1,Social
9.083333333333334,8.75,1.0,0.0,0.0,0.5,0.0,51,2,False,7,False,2,Work-focused
5.5,5.75,0.5,2.0,0.0,2.5833333333333335,0.5,39,1,False,8,False,2,Work-focused
6.666666666666667,0.0,1.4166666666666667,8.75,0.0,0.0,0.0,75,1,False,8,False,3,Active
9.5,0.0,1.5,0.0,0.0,4.5,0.0,57,2,True,7,False,0,Typical mix
7.916666666666667,8.0,0.8333333333333334,0.0,0.0,2.8333333333333335,0.0,49,2,False,8,False,2,Work-focused
17.166666666666668,0.0,0.0,0.0,0.0,5.583333333333333,0.0,74,1,True,7,False,0,Typical mix
9.0,7.666666666666667,1.0833333333333333,0.0,3.4166666666666665,0.1666666666666666,0.0,42,2,False,7,False,1,Social
10.5,0.0,0.5,0.0,7.083333333333333,3.25,0.0,35,1,True,8,False,1,Social
7.333333333333333,0.0,0.1666666666666666,0.0,4.833333333333333,2.0,0.0,25,1,True,8,False,1,Social
10.0,0.0,1.5833333333333333,0.0,0.0,7.0,0.0,71,1,True,10,False,0,Typical mix
5.083333333333333,7.75,0.5,0.0,1.0,1.0,0.0,50,2,False,5,False,2,Work-focused
8.0,0.0,1.25,0.0,0.0,5.166666666666667,0.0,80,2,True,9,False,0,Typical mix
8.666666666666666,0.0,1.0,0.0,0.0,4.9,0.0,50,2,False,10,False,0,Typical mix
8.5,0.0,3.0,0.0,0.0,3.3333333333333335,0.0,69,2,True,8,False,0,Typical mix
8.0,9.0,0.25,0.0,0.0,1.25,0.0,40,2,False,8,False,2,Work-focused
9.0,1.0,2.0,0.0,0.0,4.916666666666667,0.0,31,2,True,10,False,0,Typical mix
11.166666666666666,0.0,1.25,0.0,0.0,0.5,0.0,49,1,True,7,False,0,Typical mix
8.5,0.0,0.75,0.0,2.0,7.25,0.0,27,1,True,5,False,0,Typical mix
2.5,2.8333333333333335,0.0,12.333333333333334,0.0,1.0,0.0,65,1,True,7,False,3,Active
8.5,0.0,0.4166666666666667,1.0,0.0,3.0,4.5,68,1,True,7,False,4,Computer-leisure
6.333333333333333,8.2,1.6666666666666667,0.0,0.1666666666666666,1.5,0.0,49,2,False,10,False,2,Work-focused
11.0,0.0,0.75,0.0,0.0,8.5,0.0,75,2,True,8,False,0,Typical mix
10.0,0.0,2.0,0.0,0.0,6.583333333333333,0.0,85,1,False,8,False,0,Typical mix
9.25,0.0,1.0,0.75,0.0,3.5833333333333335,0.0,28,2,False,6,False,0,Typical mix
9.716666666666669,0.0,1.5,0.0,0.0,0.0,0.0,66,2,True,10,False,0,Typical mix
7.5,0.0,1.5,0.0,0.0,8.0,0.0,23,1,True,7,False,0,Typical mix
8.666666666666666,0.0,0.25,0.0,0.0,10.25,0.0,69,1,True,10,False,0,Typical mix
9.5,0.0,2.0,0.0,0.0,3.5,0.0,69,1,False,5,False,0,Typical mix
6.75,8.95,0.8333333333333334,0.0,0.0,2.5,0.0,62,1,False,6,False,2,Work-focused
9.0,0.0,0.1666666666666666,0.0,0.0,3.0,0.0833333333333333,43,2,True,8,False,0,Typical mix
12.166666666666666,0.0,1.0,0.0,3.0,2.0,0.0,68,1,True,8,False,1,Social
9.5,0.0,1.8333333333333333,0.0,0.0,4.916666666666667,0.0,76,2,True,8,False,0,Typical mix
13.366666666666667,0.0,0.9166666666666666,0.5,2.25,3.433333333333333,0.0,77,2,False,6,False,0,Typical mix
10.383333333333333,0.0,0.4166666666666667,1.5,0.0,3.0,0.0,50,2,True,7,False,0,Typical mix
10.0,0.0,0.0,0.0,7.5,1.0,0.0,75,1,True,10,False,1,Social
14.516666666666667,0.0,1.1666666666666667,2.05,0.0,4.5,0.0,17,2,True,6,False,0,Typical mix
8.666666666666666,0.0,1.25,0.0,5.0,1.75,0.0,15,2,True,8,False,1,Social
9.916666666666666,0.0,2.25,0.0,0.0,4.833333333333333,0.0,79,2,False,7,False,0,Typical mix
7.0,0.0,0.75,0.0,0.0,0.0,0.0,57,2,True,8,False,0,Typical mix
8.5,0.0,1.1666666666666667,0.0,0.0,8.5,0.6666666666666666,26,2,True,5,False,0,Typical mix
9.333333333333334,3.0,0.5,0.0,0.0,2.5,0.0,38,2,False,6,False,0,Typical mix
10.5,0.0,1.0833333333333333,0.0,1.9333333333333331,5.6,0.0,63,1,False,5,False,0,Typical mix
0.8333333333333334,6.0,0.75,0.0,0.0,2.5,0.0,19,1,True,7,False,2,Work-focused
8.0,5.666666666666667,1.0,0.0,0.0,3.5,0.0,54,2,True,5,False,2,Work-focused
15.5,0.0,1.1666666666666667,0.0,0.0,5.666666666666667,0.0,36,2,True,7,False,0,Typical mix
12.0,0.0,2.4166666666666665,0.0,7.333333333333333,0.0,0.0,31,2,False,8,False,1,Social
7.833333333333333,0.0,0.5,0.0,1.1666666666666667,8.166666666666666,0.0,35,1,True,7,False,0,Typical mix
9.0,0.0,0.5,1.0,8.5,3.1666666666666665,0.0,36,1,False,7,False,1,Social
6.5,7.5,1.5,0.0,0.5,1.25,0.0,57,1,False,8,False,2,Work-focused
8.166666666666666,6.166666666666667,1.8333333333333333,0.0,0.0,2.5,1.5,43,1,False,7,False,2,Work-focused
6.916666666666667,0.0,0.5,0.0,0.0,0.0,2.0,57,2,True,5,False,0,Typical mix
8.0,0.0,0.1666666666666666,0.0,0.3333333333333333,5.0,0.0,78,2,False,7,False,0,Typical mix
9.916666666666666,0.0,1.0,0.0,4.0,4.0,1.3333333333333333,38,2,True,10,False,1,Social
13.166666666666666,0.0,0.5,0.0,0.5,1.0,0.0,72,2,True,10,False,0,Typical mix
9.083333333333334,0.0,0.5,0.0,0.0,8.583333333333334,0.0,39,2,True,8,False,0,Typical mix
9.0,0.0,0.5,0.0,0.0,0.0,0.0,57,2,False,10,False,0,Typical mix
7.166666666666667,3.25,1.5,0.0,0.0,6.0,0.0,41,2,False,8,False,0,Typical mix
9.5,0.0,1.5,0.5,0.0,3.0,0.0,30,2,True,7,False,0,Typical mix
8.75,0.0,2.0,0.0,0.0,1.5833333333333333,0.0,49,2,True,8,False,0,Typical mix
13.25,4.0,0.5,0.0,2.0,0.0,0.0,25,1,True,8,False,0,Typical mix
6.5,0.0,1.0,0.0,0.0,10.333333333333334,0.0,67,2,True,5,False,0,Typical mix
9.0,0.0,1.5,0.0,0.0,3.3333333333333335,0.0,71,1,False,7,False,0,Typical mix
10.75,7.916666666666667,0.9166666666666666,0.0,0.3333333333333333,3.1666666666666665,0.0,61,1,False,5,False,2,Work-focused
8.0,0.0,2.0,0.0,2.0,1.0,0.0,31,2,True,10,False,0,Typical mix
5.75,14.0,0.3333333333333333,0.0,0.0,1.3333333333333333,0.0,26,1,True,7,False,2,Work-focused
12.083333333333334,0.0,1.8333333333333333,0.0,0.0,3.1666666666666665,0.0,25,2,True,7,False,0,Typical mix
12.666666666666666,0.0,0.6666666666666666,0.0,0.0,3.0,0.0,59,2,True,8,False,0,Typical mix
12.0,0.0,2.25,0.0,0.0,6.75,0.0,30,1,True,6,False,0,Typical mix
7.5,0.0,0.75,0.0,0.0,4.0,1.5,46,2,True,5,False,0,Typical mix
12.45,0.0,1.0,0.0,0.0,0.0,0.0,29,2,True,8,False,0,Typical mix
7.966666666666667,0.0,0.8333333333333334,1.4166666666666667,0.0333333333333333,7.083333333333333,0.0,53,2,False,6,False,0,Typical mix
6.983333333333333,0.0,1.0,0.0,0.0,2.5,0.0,47,2,False,7,False,0,Typical mix
6.833333333333333,9.583333333333334,2.8333333333333335,0.0,0.0,2.8333333333333335,0.0,30,1,False,8,False,2,Work-focused
8.0,0.0,2.0,0.0,2.0,2.316666666666667,0.0,74,2,True,6,False,0,Typical mix
10.0,0.0,1.0,0.0,0.0,9.666666666666666,0.0,51,1,True,8,False,0,Typical mix
9.5,0.0,0.75,3.75,0.0,4.5,0.0,70,1,False,6,False,3,Active
12.0,0.0,0.3333333333333333,0.0,2.5,3.0833333333333335,0.0,54,2,False,5,False,0,Typical mix
8.833333333333334,7.5,1.0,0.0,0.0,0.0,0.0,38,2,False,7,False,2,Work-focused
7.0,0.0,1.6666666666666667,0.0,3.8666666666666663,3.466666666666667,0.0,56,2,True,6,False,1,Social
4.0,0.0,3.75,0.0,0.0,8.75,2.5,58,2,True,6,False,4,Computer-leisure
7.5,0.0,0.5,0.0,6.333333333333333,2.0,0.0,63,2,True,10,False,1,Social
9.5,0.0,1.3333333333333333,0.0,0.1666666666666666,12.583333333333334,0.0,57,2,False,2,False,0,Typical mix
10.5,3.3,0.8333333333333334,0.0,0.0,1.5,0.0,44,2,True,8,False,0,Typical mix
14.0,3.75,0.25,2.0,0.0,0.0,0.0,33,1,True,10,False,0,Typical mix
9.5,0.0,0.75,0.0,4.0,0.0,0.0,74,2,True,5,False,1,Social
9.916666666666666,0.0,1.0,0.0,0.0,4.5,0.0,43,1,True,5,False,0,Typical mix
7.0,0.0,0.75,0.0,0.5,2.0,0.0,77,2,False,5,False,0,Typical mix
9.5,0.0,1.75,0.0,0.0,3.25,0.0,41,1,True,8,False,0,Typical mix
9.5,0.0,1.9166666666666667,0.0,0.0,5.7,0.0,37,2,True,5,False,0,Typical mix
7.5,6.0,0.6666666666666666,0.0,0.25,3.5833333333333335,4.166666666666667,42,2,False,4,False,4,Computer-leisure
7.566666666666666,3.25,2.0,0.0,0.0,0.0,0.0,71,2,True,5,False,2,Work-focused
8.0,8.083333333333334,1.1666666666666667,0.0,0.0,4.75,0.0,50,1,False,5,False,2,Work-focused
8.5,0.0,2.0,0.0,0.0,4.0,0.0,35,1,True,5,False,0,Typical mix
7.0,0.0,2.0,0.0,2.5,7.0,0.0,31,1,True,5,False,0,Typical mix
8.0,8.0,1.25,0.0,0.0,2.5,0.0,46,1,False,7,False,2,Work-focused
7.5,0.0,2.0,1.0,0.0,4.0,0.0,56,1,True,7,False,0,Typical mix
9.0,0.0,0.8333333333333334,0.0,0.0,4.25,0.0,78,1,False,8,False,0,Typical mix
10.1,0.0,0.25,0.0,0.0,2.0,3.0,21,2,True,5,False,4,Computer-leisure
8.0,8.333333333333334,0.5,0.0,0.0,3.5,0.0,22,1,False,5,False,2,Work-focused
9.183333333333334,0.0,3.0,0.0,0.0,0.0,0.0,21,1,True,9,False,0,Typical mix
6.0,6.333333333333333,2.9166666666666665,0.0,0.0,3.0,0.0,60,1,False,6,False,2,Work-focused
10.666666666666666,0.0,2.4166666666666665,1.4166666666666667,0.0,2.0,0.0,43,2,False,7,False,0,Typical mix
7.5,0.0,1.5,0.0,2.0,5.25,1.0,58,2,False,5,False,0,Typical mix
8.666666666666666,0.0,0.5,0.0,10.0,0.0,0.0,30,2,True,8,False,1,Social
8.0,0.0,1.25,0.0,2.25,2.0833333333333335,0.0,78,2,True,9,False,1,Social
10.5,0.0,1.0,0.0,0.0,3.75,0.0,78,2,True,10,False,0,Typical mix
8.5,8.166666666666666,0.3333333333333333,0.0,0.0,3.5833333333333335,0.0,59,1,False,10,False,2,Work-focused
9.5,8.55,0.3333333333333333,0.0,0.0,3.1666666666666665,0.0,33,2,False,6,False,2,Work-focused
9.5,0.0,1.6666666666666667,0.0,0.5,2.0,0.0,80,2,False,10,False,0,Typical mix
8.0,0.0,1.25,0.75,0.0,5.083333333333333,0.0,85,1,False,6,False,0,Typical mix
8.0,1.3333333333333333,1.0,1.25,0.0,3.8333333333333335,0.0,72,1,False,10,False,0,Typical mix
8.25,0.0,0.6666666666666666,0.0,0.0,0.0,0.0,80,2,False,10,False,0,Typical mix
14.433333333333334,0.0,1.5,0.0,0.0,0.0,0.0,45,2,True,6,False,0,Typical mix
23.55,0.0,0.45,0.0,0.0,0.0,0.0,52,2,True,7,False,0,Typical mix
10.866666666666667,0.0,1.0,0.0,2.0833333333333335,2.0,0.0,18,1,True,6,False,0,Typical mix
7.25,7.733333333333333,0.5,0.0,0.8333333333333334,2.75,0.0,37,2,False,9,False,2,Work-focused
9.0,0.0,1.3333333333333333,0.0,0.0,3.6666666666666665,0.0,65,1,True,5,False,0,Typical mix
8.916666666666666,0.0,2.3333333333333335,0.0,0.0,3.25,0.0,27,2,True,10,False,0,Typical mix
8.5,0.0,1.1666666666666667,0.0,1.5,3.35,0.0,32,1,True,7,False,0,Typical mix
8.333333333333334,11.166666666666666,1.1666666666666667,0.0,1.0,0.0,0.0,28,1,False,9,False,2,Work-focused
8.0,9.083333333333334,0.0,0.0,0.0,0.0,0.0,32,1,False,10,False,2,Work-focused
6.666666666666667,0.0,2.0,11.0,0.0,1.0,0.0,39,1,True,7,False,3,Active
11.25,0.0,1.0,0.0,0.0,10.5,0.0,21,1,True,10,False,0,Typical mix
7.5,8.75,0.5,0.0,0.0,2.5,0.0,34,2,False,8,False,2,Work-focused
10.0,0.0,0.75,0.5,0.0,1.5,2.0,20,2,True,1,False,0,Typical mix
9.583333333333334,0.0,0.5833333333333334,0.0,1.25,2.25,0.0,72,2,True,5,False,0,Typical mix
7.5,8.083333333333334,1.3333333333333333,1.0833333333333333,0.0,3.25,0.0,49,1,False,8,False,2,Work-focused
7.166666666666667,0.0,0.3333333333333333,0.3333333333333333,0.5,11.416666666666666,0.0,36,1,True,7,False,0,Typical mix
5.833333333333333,8.75,0.5,0.0,0.0,0.0,0.0,52,2,False,8,False,2,Work-focused
5.5,4.75,2.0833333333333335,0.0,0.0,8.083333333333334,0.3333333333333333,49,2,True,7,False,0,Typical mix
4.0,0.0,0.25,0.0,3.75,14.0,0.0,71,1,True,10,False,1,Social
4.5,0.0,2.3333333333333335,0.0,7.3,2.0,0.0,61,2,True,5,False,1,Social
12.0,0.0,1.0,0.0,0.0,2.5,0.0,31,2,True,5,False,0,Typical mix
7.5,0.0,1.0,0.0,0.0,0.5,0.0,78,2,True,4,False,0,Typical mix
7.5,7.5,1.0,0.0,0.0,2.8333333333333335,0.0,64,2,True,8,False,2,Work-focused
9.5,4.333333333333333,1.5,0.0,0.0,2.0,0.0,26,1,False,4,False,0,Typical mix
6.833333333333333,8.716666666666667,0.2833333333333333,0.0833333333333333,0.0,0.0,0.0,27,1,False,6,False,2,Work-focused
6.833333333333333,8.75,0.75,0.0,0.0,3.5,0.0,62,1,True,6,False,2,Work-focused
7.0,0.0,2.75,0.0,0.0,5.5,0.5,58,2,False,10,False,0,Typical mix
9.0,8.5,0.0,0.0,0.0,0.0,0.0,30,1,False,10,False,2,Work-focused
11.666666666666666,0.0,0.0,0.0,1.0,6.833333333333333,4.0,51,1,False,0,False,4,Computer-leisure
7.666666666666667,8.25,1.0,0.0,1.5,0.3333333333333333,0.0,53,2,False,9,False,2,Work-focused
11.0,0.0,0.5,0.0,0.0,5.333333333333333,0.0,33,2,True,10,False,0,Typical mix
10.166666666666666,0.0,0.1666666666666666,0.0,0.0,9.716666666666669,0.0,58,1,True,10,False,0,Typical mix
8.083333333333334,0.0,0.5,0.0,7.833333333333333,0.0,0.0,39,1,True,6,False,1,Social
9.833333333333334,2.4,1.0,0.0,1.0,1.0833333333333333,0.0,47,1,True,7,False,0,Typical mix
8.75,0.0,0.0,0.0,0.5833333333333334,7.166666666666667,0.0,62,2,True,0,False,0,Typical mix
7.0,0.0,0.5,0.0,2.5,3.4166666666666665,0.0,66,1,False,4,False,1,Social
8.5,8.916666666666666,0.0,0.0,3.0,0.0,0.0,43,1,False,8,False,2,Work-focused
12.916666666666666,0.0,2.25,0.0,0.0,2.1666666666666665,0.0,15,2,True,10,False,0,Typical mix
8.0,0.0,1.0,0.0,0.0,7.583333333333333,0.0,55,1,False,10,False,0,Typical mix
7.5,0.0,1.8333333333333333,0.0,0.0,3.25,0.0,63,1,True,8,False,0,Typical mix
10.083333333333334,0.0,1.0,0.0,0.0,10.25,0.0,36,1,True,5,False,0,Typical mix
9.0,8.083333333333334,0.6666666666666666,0.0,0.0,0.0,4.5,59,1,True,5,False,4,Computer-leisure
11.166666666666666,0.0,2.5,0.0,0.0,0.0,0.0,29,2,True,5,False,0,Typical mix
7.416666666666667,9.166666666666666,1.8333333333333333,0.0,0.0,1.3333333333333333,0.5,37,2,False,9,False,2,Work-focused
8.0,0.0,4.0,1.0,0.0,4.0,0.0,80,2,False,10,False,0,Typical mix
10.75,0.0,0.1666666666666666,0.0,2.0,10.583333333333334,0.0,59,2,True,7,False,0,Typical mix
7.166666666666667,10.083333333333334,0.5833333333333334,0.0,0.0,2.0,0.0,32,1,False,7,False,2,Work-focused
7.0,0.0,1.9166666666666667,0.0,0.0,6.416666666666667,0.0,64,1,False,4,False,0,Typical mix
5.0,8.25,0.9166666666666666,0.0,0.25,2.1666666666666665,0.3333333333333333,43,1,False,7,False,2,Work-focused
10.916666666666666,0.0,1.5,0.0,0.3333333333333333,7.25,0.0,27,2,True,5,False,0,Typical mix
10.583333333333334,0.0,2.25,0.0,1.3666666666666667,0.6166666666666667,0.0,17,2,True,8,False,0,Typical mix
7.0,0.0,2.0,1.75,0.0,0.0,0.5,66,1,True,9,False,0,Typical mix
11.25,0.0,1.75,0.0,0.25,1.9333333333333331,0.0,39,2,True,9,False,0,Typical mix
10.5,0.0,0.3333333333333333,0.0,0.0,5.666666666666667,0.0,70,1,False,5,False,0,Typical mix
5.5,0.0,0.0,0.0,0.0,8.0,9.5,72,2,False,5,False,4,Computer-leisure
7.5,0.0,0.5833333333333334,0.0,0.25,4.666666666666667,0.0,72,1,False,8,False,0,Typical mix
9.0,0.0,1.1666666666666667,0.0,0.0,4.75,1.0,67,2,False,8,False,0,Typical mix
8.0,0.0,0.5,0.0,0.0,0.0,0.0,64,2,True,5,False,0,Typical mix
8.0,7.583333333333333,0.8333333333333334,0.0,0.0,0.5,0.5,23,1,False,6,False,2,Work-focused
8.5,0.0,1.9166666666666667,0.0,0.0,5.333333333333333,0.0,75,1,True,8,False,0,Typical mix
10.0,0.0,2.0,0.0,1.0,3.0,0.0,85,2,False,7,False,0,Typical mix
7.583333333333333,0.0,1.0,0.0,0.0,0.0,0.0,25,2,False,5,False,0,Typical mix
8.083333333333334,11.75,1.1666666666666667,0.0,0.0,0.0,0.0,35,2,True,8,False,2,Work-focused
10.0,0.0,0.6666666666666666,0.0,0.5,1.6666666666666667,0.3333333333333333,18,2,True,8,False,0,Typical mix
10.0,0.0,0.25,0.0,9.666666666666666,1.0,0.0,69,2,True,8,False,1,Social
10.5,0.0,0.8333333333333334,0.0,1.0,1.25,0.0,58,1,False,1,False,0,Typical mix
7.0,6.416666666666667,1.75,0.0,0.0,2.9166666666666665,0.0,56,1,True,5,False,2,Work-focused
6.5,3.0,0.0,0.0,0.0833333333333333,2.4166666666666665,0.0,38,1,True,7,False,2,Work-focused
8.0,0.0,1.25,0.5,0.0,4.583333333333333,0.5,34,2,True,7,False,0,Typical mix
1.3333333333333333,0.0,1.5,4.133333333333334,4.0,3.7333333333333334,0.0,60,1,True,5,False,3,Active
5.666666666666667,0.0,1.25,0.0,0.25,1.5,0.0,40,1,True,8,False,0,Typical mix
9.0,0.0,6.0,0.0,0.0,3.0,0.0,52,1,True,9,False,0,Typical mix
5.916666666666667,7.0,0.4166666666666667,0.0,1.0,0.5,0.0,26,2,True,5,False,2,Work-focused
9.75,0.0,1.75,0.0,0.5,7.883333333333334,0.0,59,2,False,6,False,0,Typical mix
10.5,0.0,0.0,0.0,3.0,2.9166666666666665,0.0,26,2,True,5,False,1,Social
7.5,7.5,1.25,0.0,1.0,0.5,0.0,47,1,False,7,False,2,Work-focused
0.5,0.0,0.5,0.0,0.0,0.0,0.0,15,2,False,5,False,2,Work-focused
5.333333333333333,0.0,1.0,7.0,7.916666666666667,0.0,0.0,56,1,True,8,False,3,Active
12.583333333333334,1.6666666666666667,1.4166666666666667,0.0,1.5,0.5833333333333334,0.0,44,2,True,8,False,0,Typical mix
10.0,0.0,1.0,0.0,0.0,3.25,0.0,44,1,True,7,False,0,Typical mix
11.5,0.0,0.25,0.0,0.0,6.75,0.0,34,2,True,10,False,0,Typical mix
9.966666666666669,0.0,1.0,0.0,1.3333333333333333,0.0,0.75,52,2,True,8,False,0,Typical mix
9.15,9.0,0.0833333333333333,0.8333333333333334,0.0,1.5,0.0,54,2,False,9,False,2,Work-focused
10.466666666666669,1.0,1.2833333333333334,0.0,0.3833333333333333,0.0,0.0,22,2,True,7,False,0,Typical mix
7.583333333333333,9.083333333333334,1.4166666666666667,1.0,0.0,0.0,0.0,36,2,False,8,False,2,Work-focused
10.966666666666669,0.0,0.9166666666666666,0.0,2.1,1.9333333333333331,0.0,57,2,True,9,False,0,Typical mix
9.833333333333334,0.0,2.5,0.0,1.0,2.0,0.0,38,1,False,7,False,0,Typical mix
5.466666666666667,0.0,0.25,0.0,5.75,1.5,0.0,27,2,True,4,False,1,Social
10.8,0.0,1.0,0.0,0.0,5.0,0.0,56,1,True,9,False,0,Typical mix
6.416666666666667,0.0,1.3333333333333333,0.0,2.5,3.5,0.5,67,1,True,8,False,1,Social
8.916666666666666,8.9,0.5166666666666667,0.0,0.0,1.0,0.0,48,1,False,8,False,2,Work-focused
11.25,0.0,1.55,0.0,0.3333333333333333,1.0,0.0,16,1,False,8,False,0,Typical mix
8.0,0.0,0.75,0.0,0.0,0.0,0.0,33,2,True,8,False,0,Typical mix
11.25,0.0,0.5,0.0,0.0,10.5,0.0,78,1,False,8,False,0,Typical mix
9.5,5.75,0.3333333333333333,3.25,0.0,3.0,0.8333333333333334,72,1,False,7,False,3,Active
10.5,0.0,0.8333333333333334,0.0,0.0,7.116666666666666,0.0,27,2,False,7,False,0,Typical mix
7.0,0.0,1.0,0.0,1.0,2.0,0.0,38,1,True,8,False,0,Typical mix
12.0,0.0,0.3333333333333333,0.0,0.0,7.25,0.0,54,2,True,7,False,0,Typical mix
9.166666666666666,0.0,1.6666666666666667,0.8333333333333334,0.0,1.3333333333333333,0.0,80,2,False,7,False,0,Typical mix
4.166666666666667,9.583333333333334,1.4166666666666667,0.0,0.4166666666666667,1.0,0.0,29,1,False,7,False,2,Work-focused
8.5,0.0,2.0,0.0,1.0,6.75,0.0,58,2,True,7,False,0,Typical mix
10.25,2.5833333333333335,0.6666666666666666,0.0,0.0,2.5,0.0,75,2,True,8,False,0,Typical mix
12.5,0.0,2.75,0.0,0.0,0.0,0.0,79,1,True,9,False,0,Typical mix
15.133333333333333,0.0,1.0,0.0,0.0,3.3333333333333335,0.0,85,2,True,6,False,0,Typical mix
10.5,6.083333333333333,1.3333333333333333,0.0,0.9166666666666666,0.0,0.0,41,2,False,8,False,2,Work-focused
7.0,5.25,0.9166666666666666,0.0,2.0,4.75,0.0,43,1,True,6,False,2,Work-focused
8.25,0.0,1.0,0.0,0.0,7.166666666666667,0.0,53,2,False,4,False,0,Typical mix
8.166666666666666,0.0,0.8333333333333334,0.3333333333333333,0.5,2.0,1.5,75,2,True,10,False,0,Typical mix
7.0,0.0,2.1666666666666665,0.0,0.0,5.25,1.0,51,1,False,8,False,0,Typical mix
10.5,0.0,2.0,2.0,3.5,1.75,2.25,18,1,True,7,False,1,Social
7.5,7.0,0.5,0.0,0.0,2.0,0.0,33,1,False,6,False,2,Work-focused
7.0,0.0,1.5,0.0,0.0,0.0,0.0,59,2,False,8,False,0,Typical mix
9.583333333333334,0.0,1.1666666666666667,0.0,0.0,0.0,0.0,33,2,True,7,False,0,Typical mix
11.0,0.0,0.0,0.0,0.0,6.0,0.0,27,1,True,7,False,0,Typical mix
8.833333333333334,0.6666666666666666,0.35,0.0,2.5,3.4166666666666665,0.0,39,1,False,4,False,1,Social
10.75,0.0,1.1666666666666667,0.0,0.0,3.8333333333333335,0.0,72,2,False,8,False,0,Typical mix
9.833333333333334,0.0,2.25,0.0,0.0,0.0,0.0,41,1,True,8,False,0,Typical mix
9.5,0.0,2.3333333333333335,0.0,0.0,2.5,0.0,65,1,True,5,False,0,Typical mix
11.0,0.0,0.3333333333333333,0.0,0.0,8.666666666666666,0.0,29,2,True,8,False,0,Typical mix
9.0,0.0,1.5,0.0,0.0,13.5,0.0,55,1,True,7,False,0,Typical mix
8.916666666666666,0.0,1.8333333333333333,2.1666666666666665,0.0,0.0,0.0,36,1,True,7,False,3,Active
9.716666666666669,0.0,1.0,0.0,6.0,4.716666666666667,0.3333333333333333,29,2,False,6,False,1,Social
6.483333333333333,0.0,0.5,12.166666666666666,0.0,1.5,0.0,17,1,True,6,False,3,Active
8.333333333333334,0.0,2.5,0.0,0.0,0.0,0.0,51,2,True,5,False,0,Typical mix
10.5,0.0,0.0833333333333333,0.0,0.3333333333333333,7.366666666666666,0.0,33,1,False,5,False,0,Typical mix
3.0,7.75,2.1333333333333333,0.0,1.1666666666666667,6.0,0.0,39,2,False,8,False,2,Work-focused
9.0,0.0,0.3333333333333333,0.0,1.0,6.283333333333333,0.0,66,1,True,8,False,0,Typical mix
7.0,0.0,1.0,0.0,0.0,1.0,0.0,66,2,True,7,False,0,Typical mix
9.5,0.25,1.25,0.0,1.4166666666666667,0.0,0.0,37,2,True,4,False,0,Typical mix
8.833333333333334,0.0,2.0,0.0,2.0,1.9166666666666667,0.0,28,2,True,7,False,0,Typical mix
7.25,0.0,0.6666666666666666,0.0,0.0,6.083333333333333,0.0,58,1,False,6,False,0,Typical mix
6.666666666666667,8.166666666666666,1.0,0.0,0.0,4.25,0.0,46,1,False,7,False,2,Work-focused
9.25,2.0,2.25,0.0,0.75,3.0,0.0,34,2,True,10,False,0,Typical mix
9.0,0.0,0.5,1.0,1.9166666666666667,6.5,0.0,62,2,False,6,False,0,Typical mix
11.25,0.0,1.75,0.0,0.0,2.0,0.0,85,2,False,8,False,0,Typical mix
5.666666666666667,0.0,0.75,0.0,0.0,6.5,0.0,72,2,True,10,False,0,Typical mix
7.25,11.5,0.1666666666666666,0.0,0.0,1.6666666666666667,0.0,78,1,True,8,False,2,Work-focused
10.0,7.083333333333333,0.3333333333333333,0.0,0.25,2.4166666666666665,0.0,36,1,True,10,False,2,Work-focused
9.0,0.0,3.0,0.0,0.0,6.5,0.0,85,2,True,8,False,0,Typical mix
8.0,0.0,2.3333333333333335,0.0,0.0,0.0,0.0,58,1,True,10,False,0,Typical mix
10.666666666666666,0.0,0.5,1.5,0.0,6.566666666666666,0.0,66,1,True,7,False,0,Typical mix
7.5,0.0,1.0,0.0,0.0,1.0,0.3333333333333333,76,2,False,5,False,0,Typical mix
11.916666666666666,0.0,0.1666666666666666,0.0,0.4166666666666667,0.0,0.0,25,2,True,4,False,0,Typical mix
10.25,3.0833333333333335,0.75,0.0,0.0,7.816666666666666,0.0,27,1,False,8,False,0,Typical mix
7.0,9.0,0.8333333333333334,0.0,1.5833333333333333,2.25,0.0,32,2,False,7,False,2,Work-focused
7.416666666666667,10.25,1.4166666666666667,0.0,0.0,2.9166666666666665,0.0,30,1,False,10,False,2,Work-focused
8.083333333333334,0.0,0.5,0.0,0.4166666666666667,11.5,0.0,54,1,True,7,False,0,Typical mix
8.5,0.0,0.5,0.0,0.0,0.0,0.0,52,1,False,10,False,0,Typical mix
8.466666666666667,0.0,2.533333333333333,0.0,0.0,3.25,0.0,29,2,True,5,False,0,Typical mix
8.366666666666667,8.5,1.0,0.0,0.0,2.966666666666667,0.0,53,2,True,6,False,2,Work-focused
6.333333333333333,0.0,2.1666666666666665,2.6333333333333333,2.3,0.0,0.0,16,1,False,8,False,3,Active
9.333333333333334,0.0,0.6666666666666666,0.0,0.0,2.55,0.0,61,2,True,8,False,0,Typical mix
7.5,0.0,0.5,0.0,4.0,2.25,0.0,50,1,True,4,False,1,Social
9.0,0.0,0.5,0.0,0.0,0.6666666666666666,1.75,59,2,True,4,False,0,Typical mix
12.083333333333334,0.0,1.25,0.0,0.0,2.25,0.0,80,2,False,9,False,0,Typical mix
4.25,0.0,2.6666666666666665,0.0,0.0,3.0,0.0,80,2,False,10,False,0,Typical mix
5.25,15.916666666666666,1.0,0.0,0.0,0.0,0.0,57,1,False,8,False,2,Work-focused
11.666666666666666,0.0,0.5,0.0,0.0,9.75,0.0,20,1,True,8,False,0,Typical mix
8.0,0.0,2.0,0.0,0.0,3.0,0.0,46,2,True,8,False,0,Typical mix
7.5,0.0,0.1666666666666666,0.0,0.0,1.0,3.0833333333333335,74,2,True,10,False,4,Computer-leisure
15.216666666666669,0.0,0.25,0.5,0.0,0.1666666666666666,0.0,30,1,True,8,False,0,Typical mix
6.916666666666667,10.616666666666667,1.6666666666666667,0.0,0.85,0.0,0.0,55,2,False,7,False,2,Work-focused
10.333333333333334,0.0,1.1666666666666667,0.0,0.0,4.333333333333333,0.0,26,2,True,8,False,0,Typical mix
9.283333333333331,0.0,1.3333333333333333,0.0,0.0,0.0,0.5833333333333334,34,2,False,7,False,0,Typical mix
10.0,0.0,1.1666666666666667,0.0,0.0,4.75,0.0,39,2,True,4,False,0,Typical mix
2.466666666666667,10.583333333333334,0.5,0.0,2.033333333333333,2.0,0.0,31,2,False,8,False,2,Work-focused
9.0,0.0,1.75,0.0,0.0,3.0,0.0,40,2,True,7,False,0,Typical mix
4.75,16.916666666666668,0.5,0.0,0.0,0.5,0.0,19,1,False,6,False,2,Work-focused
7.833333333333333,10.166666666666666,1.8333333333333333,0.0,1.0,1.0,0.0,39,1,False,7,False,2,Work-focused
7.75,0.0,0.75,3.5,0.3333333333333333,3.0833333333333335,0.0,16,1,False,8,False,3,Active
7.25,9.7,0.1666666666666666,0.0,0.0,3.75,1.0,54,1,False,9,False,2,Work-focused
9.0,0.0,0.5,0.0,3.0,0.5,0.0,24,1,True,7,False,1,Social
8.75,0.0,2.6666666666666665,0.0,4.75,0.0,0.0,54,2,True,8,False,1,Social
8.55,9.0,0.0,0.0,0.0,0.1666666666666666,0.1666666666666666,57,1,False,9,False,2,Work-focused
12.45,0.0,0.5,0.0,0.0,10.15,0.0,57,1,True,8,False,0,Typical mix
6.0,10.5,2.75,0.0,0.0,1.0,0.0,62,1,False,8,False,2,Work-focused
12.0,0.0,1.0,0.0,5.0,1.0,0.0,19,2,False,5,False,1,Social
3.25,8.0,1.1666666666666667,0.0,0.0,6.75,0.0,62,2,False,10,False,2,Work-focused
7.5,0.0,2.0,0.0,0.0,3.8333333333333335,0.0,67,2,False,10,False,0,Typical mix
10.5,0.0,2.25,0.0,0.75,4.166666666666667,1.5,40,1,True,6,False,0,Typical mix
7.083333333333333,11.0,1.0,0.4166666666666667,0.1666666666666666,0.0,0.0,39,1,False,7,False,2,Work-focused
7.1,9.2,0.5,1.0,0.0,1.0,0.0,39,2,False,8,False,2,Work-focused
9.0,0.0,0.5,0.0,2.5833333333333335,7.916666666666667,0.0,64,2,True,2,False,0,Typical mix
9.966666666666669,0.0,1.0833333333333333,0.0,0.0,0.0,0.0,48,1,False,7,False,0,Typical mix
7.0,6.416666666666667,0.0,0.0,0.0,0.5,0.0,45,2,False,7,False,2,Work-focused
10.0,4.0,1.75,0.0,0.0,5.75,0.0,33,1,True,7,False,0,Typical mix
13.333333333333334,0.0,2.75,0.0,0.0,2.0,0.0,58,1,False,8,False,0,Typical mix
7.5,3.75,0.1666666666666666,0.0,1.8166666666666669,1.5833333333333333,0.0,31,2,False,5,False,2,Work-focused
6.5,8.25,1.9166666666666667,0.0,0.0,0.0,0.0,54,2,False,6,False,2,Work-focused
8.5,0.0,0.6666666666666666,0.1666666666666666,5.0,3.0,2.0,61,2,True,9,False,1,Social
9.0,12.0,0.6666666666666666,0.0,0.0,1.0,0.0,34,1,True,9,False,2,Work-focused
9.5,0.0,1.75,1.5,0.0,10.5,0.0,61,1,True,10,False,0,Typical mix
6.0,0.0,1.25,0.0,2.5,0.0,0.0,36,2,True,8,False,1,Social
8.5,7.65,0.25,0.0,0.0,1.9166666666666667,0.0,46,1,False,10,False,2,Work-focused
11.25,0.0,1.0,0.0,0.5,3.5,0.0,24,1,True,8,False,0,Typical mix
12.25,0.0,1.3333333333333333,0.0,1.0,0.6666666666666666,0.0,61,1,True,8,False,0,Typical mix
9.5,0.0,1.5,0.0,0.0,8.75,0.0,44,1,True,8,False,0,Typical mix
10.0,0.0,1.0,0.0,0.0,3.5,0.0,72,2,False,10,False,0,Typical mix
9.5,1.0,1.0,0.0,1.5,4.266666666666667,0.0,43,1,True,9,False,0,Typical mix
8.5,0.0,2.0,0.0,0.0833333333333333,2.3333333333333335,0.0,27,2,True,9,False,0,Typical mix
5.0,5.666666666666667,1.6666666666666667,0.0,0.5,0.0,0.0,37,2,False,8,False,2,Work-focused
7.5,10.916666666666666,0.5833333333333334,0.0,0.1666666666666666,1.2833333333333334,0.0,51,2,False,7,False,2,Work-focused
10.0,7.333333333333333,0.5833333333333334,0.0,0.0,2.0,0.0,40,2,False,10,False,2,Work-focused
6.933333333333334,8.916666666666666,0.5,0.75,0.0,2.5,0.0,37,1,False,5,False,2,Work-focused
14.666666666666666,0.0,3.8333333333333335,0.0,1.25,0.5,0.0,41,1,True,8,False,0,Typical mix
7.5,0.0,2.5,0.0,4.333333333333333,4.833333333333333,0.0,80,2,True,10,False,1,Social
6.5,0.0,1.5,0.0,0.0,12.0,0.0,80,1,True,8,False,0,Typical mix
5.75,9.666666666666666,0.5,2.0,0.0,0.0,0.0,27,1,False,10,False,2,Work-focused
10.833333333333334,0.0,0.5833333333333334,0.0,0.5,0.0,0.0,70,1,True,8,False,0,Typical mix
7.5,9.916666666666666,1.5,0.0,0.0,2.3333333333333335,0.25,37,1,False,7,False,2,Work-focused
10.75,0.0,0.3333333333333333,0.0,0.0,5.25,0.0,52,2,True,4,False,0,Typical mix
5.25,0.0,2.0,0.0,0.0,8.166666666666666,0.0,67,2,True,9,False,0,Typical mix
10.0,6.766666666666667,0.4166666666666667,0.0,0.0,4.0,0.0,67,2,True,1,False,2,Work-focused
8.0,0.0,1.0,0.0,0.0,0.6166666666666667,0.5,76,2,False,8,False,0,Typical mix
12.75,0.0,1.5,0.0,6.0,2.0,0.0,17,1,True,9,False,1,Social
10.666666666666666,0.0,0.5,0.0,0.0,4.083333333333333,0.0,42,2,True,9,False,0,Typical mix
20.666666666666668,0.0,0.3833333333333333,0.0,0.0,2.5,0.0,67,2,False,5,False,0,Typical mix
13.25,0.0,1.1666666666666667,0.0,0.0,2.8333333333333335,0.0,15,1,True,9,False,0,Typical mix
11.5,0.0,1.0,0.0,1.0,2.75,0.0,64,2,True,7,False,0,Typical mix
8.5,0.0,0.3333333333333333,0.0,3.0,2.966666666666667,0.0,33,1,False,5,False,1,Social
11.55,0.0,0.8333333333333334,0.0,5.5,0.3333333333333333,0.0,20,2,False,10,False,1,Social
7.916666666666667,8.883333333333333,1.3333333333333333,0.0,0.0,2.75,0.0,61,1,False,9,False,2,Work-focused
10.9,0.0,0.8333333333333334,0.0,1.5,1.0,1.0,25,2,False,8,False,0,Typical mix
9.5,0.0,2.75,0.0,0.0,2.75,0.0,30,1,True,6,False,0,Typical mix
8.0,8.166666666666666,0.1666666666666666,0.0,0.0,3.533333333333333,0.0,48,2,False,7,False,2,Work-focused
9.916666666666666,0.0,1.75,0.0,0.4166666666666667,6.0,0.0,85,1,True,2,False,0,Typical mix
12.416666666666666,5.0,2.0,0.0,0.0,0.5,0.0,35,1,False,8,False,0,Typical mix
10.5,0.0,1.5,0.0,0.0,3.25,0.0,85,2,True,5,False,0,Typical mix
8.0,0.0,1.25,0.0,0.0,5.166666666666667,0.0,55,1,True,5,False,0,Typical mix
9.5,12.0,1.0,0.0,0.0,0.0,0.0,42,1,False,10,False,2,Work-focused
22.0,0.0,0.25,0.0,0.0,1.75,0.0,58,1,False,5,False,0,Typical mix
5.666666666666667,0.0,0.75,0.0,0.0,1.0,0.0,53,2,False,8,False,0,Typical mix
11.75,0.0,2.8333333333333335,1.3333333333333333,0.0,3.35,0.0,43,2,True,7,False,0,Typical mix
12.1,0.0,2.0,0.5833333333333334,1.25,0.5,0.0,60,2,False,10,False,0,Typical mix
10.25,7.666666666666667,0.3333333333333333,0.0,0.0,2.1666666666666665,0.0,39,2,False,7,False,2,Work-focused
7.483333333333333,13.05,0.8333333333333334,0.0,0.0,0.5,0.0,41,1,False,7,False,2,Work-focused
7.5,4.25,0.9166666666666666,0.0,0.0,2.25,0.0,50,2,False,8,False,2,Work-focused
6.75,11.666666666666666,0.25,0.0,0.0,3.4166666666666665,0.0,52,1,False,8,False,2,Work-focused
9.5,8.333333333333334,0.25,0.0,0.0,1.0,0.0,56,1,True,5,False,2,Work-focused
8.0,0.0,0.8333333333333334,0.75,0.0,4.583333333333333,0.0,45,2,True,8,False,0,Typical mix
10.0,0.0,2.0,0.0,0.0,12.0,0.0,67,1,True,8,False,0,Typical mix
10.916666666666666,0.0,0.1666666666666666,0.0,0.0,5.133333333333334,2.0,44,2,True,6,False,0,Typical mix
5.25,9.833333333333334,1.25,0.0,0.5,2.5,0.75,54,1,False,8,False,2,Work-focused
6.75,13.916666666666666,0.0,0.0,0.0,0.0,0.0,48,2,True,10,False,2,Work-focused
9.0,0.0,2.65,0.0,0.0,1.0,1.0,31,2,False,8,False,0,Typical mix
4.5,1.25,1.5,0.0,1.25,4.0,0.4166666666666667,54,2,True,7,False,0,Typical mix
7.833333333333333,0.0,2.5,0.0,5.0,0.0,0.0,35,2,True,10,False,1,Social
9.5,0.0,0.8333333333333334,0.0,0.0,3.0,0.0,35,2,False,8,False,0,Typical mix
7.0,6.916666666666667,1.25,0.0,0.4166666666666667,0.0,0.0,62,2,False,5,False,2,Work-focused
13.166666666666666,0.0,0.1666666666666666,0.0,0.0,10.5,0.0,38,1,True,5,False,0,Typical mix
12.75,0.0,0.5,0.0,0.0,0.0,0.0,25,2,False,5,False,0,Typical mix
7.5,0.0,2.0,0.0,0.3333333333333333,5.5,0.0,45,2,True,10,False,0,Typical mix
8.25,0.0,1.3333333333333333,7.516666666666667,0.0,2.25,0.0,23,1,True,8,False,3,Active
8.7,0.0,2.25,0.0,0.5,0.5,0.0,62,2,True,6,False,0,Typical mix
10.0,0.0,2.8333333333333335,0.0,0.0,2.0,0.0,71,2,True,8,False,0,Typical mix
4.0,0.0,0.5833333333333334,0.0,0.0,8.833333333333334,0.0,68,1,True,8,False,0,Typical mix
9.5,0.0,0.0,0.0,5.5,1.0,0.0,47,2,True,7,False,1,Social
11.5,0.0,0.5,0.0,0.0,6.083333333333333,0.0,80,2,False,0,False,0,Typical mix
8.5,0.0,0.8333333333333334,0.0,0.0,2.25,0.25,59,2,True,9,False,0,Typical mix
9.0,10.5,0.0,0.0,0.0,2.55,0.0,31,2,False,7,False,2,Work-focused
10.0,0.0,3.75,0.0,0.0,0.0,0.0,77,2,False,10,False,0,Typical mix
6.25,12.0,0.6666666666666666,0.0,1.0,0.5,0.0,34,1,False,10,False,2,Work-focused
7.5,0.0,1.0833333333333333,0.0,1.25,5.583333333333333,0.75,51,2,False,5,False,0,Typical mix
8.5,0.0,0.6666666666666666,0.0,0.0,2.3333333333333335,0.0,35,2,True,6,False,0,Typical mix
7.483333333333333,10.8,0.1666666666666666,0.0,0.0166666666666666,0.0,0.0,42,1,False,6,False,2,Work-focused
8.25,0.0,1.0,1.0,2.75,1.3333333333333333,0.0,80,1,False,8,False,1,Social
10.0,0.0,0.3333333333333333,0.0,0.25,10.5,0.0,85,2,False,5,False,0,Typical mix
8.0,8.166666666666666,2.0,0.0,0.5,3.6666666666666665,0.0,53,2,False,9,False,2,Work-focused
9.5,0.0,0.3333333333333333,0.0,0.0,4.983333333333333,0.0,62,1,True,9,False,0,Typical mix
8.25,0.0,0.5,2.0,2.5,4.0,0.0,80,1,False,4,False,1,Social
10.0,0.0,1.0833333333333333,0.0,1.0,3.466666666666667,0.0,70,2,True,8,False,0,Typical mix
7.5,0.0,1.6666666666666667,0.75,0.0,5.25,0.0,79,2,True,5,False,0,Typical mix
13.05,0.0,0.6666666666666666,0.0,1.6666666666666667,0.3333333333333333,0.0,17,2,True,3,False,0,Typical mix
5.0,0.0,0.5,0.0,3.6666666666666665,0.6666666666666666,0.0,52,2,True,5,False,1,Social
6.0,0.0,1.1666666666666667,0.0,0.0,1.75,0.0,76,1,False,8,False,0,Typical mix
7.3,0.0,2.4166666666666665,1.1666666666666667,0.8333333333333334,2.4166666666666665,0.0,41,1,False,7,False,0,Typical mix
5.333333333333333,0.0,0.3333333333333333,0.0833333333333333,0.0,0.0,0.0,56,1,True,7,False,0,Typical mix
9.333333333333334,0.0,2.5,0.0,0.0,2.0,0.0,27,2,True,6,False,0,Typical mix
5.733333333333333,8.466666666666667,0.1666666666666666,0.0,0.0,0.0,0.0,28,2,False,5,False,2,Work-focused
9.0,1.1666666666666667,2.0833333333333335,0.0,0.0,1.75,0.0,68,1,True,10,False,0,Typical mix
8.25,9.0,1.5,0.0,0.1666666666666666,2.6666666666666665,0.0,38,1,False,10,False,2,Work-focused
7.5,0.0,1.0,0.0,2.0,0.0,0.0,63,1,False,8,False,1,Social
12.5,0.0,0.75,0.0,0.0,2.1666666666666665,0.0,21,2,False,10,False,0,Typical mix
8.383333333333333,8.233333333333333,0.25,0.0,0.75,0.25,0.0,30,2,False,4,False,2,Work-focused
11.75,0.0,0.6666666666666666,0.0,0.0,2.0,2.0,67,2,False,3,False,0,Typical mix
11.5,0.0,2.5,0.0,2.5,0.9166666666666666,0.0,42,1,True,10,False,1,Social
9.416666666666666,0.0,0.0,0.0,0.25,4.0,0.0,66,2,False,5,False,0,Typical mix
8.5,0.0,3.0,1.0,0.0,2.0,0.0,60,1,False,8,False,0,Typical mix
8.0,0.0,2.75,0.0,1.5,1.75,0.0,65,2,False,10,False,0,Typical mix
8.0,2.7666666666666666,1.6833333333333331,0.6666666666666666,0.0,0.0,0.0,69,2,True,9,False,0,Typical mix
9.666666666666666,0.0,0.5,0.0,0.0,1.0,0.0,17,1,True,10,False,0,Typical mix
6.0,10.0,0.75,0.0,0.0,1.75,0.0,45,1,True,6,False,2,Work-focused
7.666666666666667,8.166666666666666,0.75,0.0,0.0,0.0,0.0,39,2,False,10,False,2,Work-focused
5.5,0.0,2.0,0.0,0.0,7.083333333333333,0.0,78,2,False,7,False,0,Typical mix
7.0,0.0,0.6666666666666666,0.0,0.5,1.5,1.0,20,1,False,7,False,0,Typical mix
4.0,12.416666666666666,1.0833333333333333,0.0,0.0,0.3333333333333333,0.0,53,1,True,10,False,2,Work-focused
7.0,8.0,1.6666666666666667,0.0,0.0,3.4166666666666665,0.0,48,2,False,7,False,2,Work-focused
8.0,11.333333333333334,2.0,0.0,0.0,0.0,0.0,21,2,False,8,False,2,Work-focused
7.25,0.0,0.8333333333333334,1.0,0.0,0.0,0.0,34,2,True,10,False,0,Typical mix
6.416666666666667,4.5,0.3333333333333333,0.75,0.0,0.8333333333333334,0.0,31,1,False,10,False,2,Work-focused
7.0,9.25,0.75,0.0,2.1666666666666665,0.0,0.0,41,1,True,7,False,2,Work-focused
6.933333333333334,4.0,0.9166666666666666,0.0,1.0,1.0,0.0,51,2,False,8,False,2,Work-focused
7.0,0.0,3.0,0.0,0.9166666666666666,5.0,0.75,70,1,False,7,False,0,Typical mix
9.666666666666666,0.0,1.0833333333333333,0.0,0.0,11.233333333333333,0.0,58,1,True,5,False,0,Typical mix
6.0,0.0,9.5,0.0,0.0,0.0,0.0,32,1,True,6,False,0,Typical mix
10.25,0.0,0.6666666666666666,0.0,1.3333333333333333,2.9166666666666665,0.0,38,2,True,8,False,0,Typical mix
9.0,0.0,2.0,3.0,2.0,4.5,0.0,77,2,True,8,False,3,Active
7.5,7.25,1.5,0.0,0.0,0.5,2.0,39,2,False,9,False,2,Work-focused
10.416666666666666,0.3333333333333333,1.75,0.0,0.0,8.833333333333334,0.0,45,1,True,8,False,0,Typical mix
7.8,0.0,0.8333333333333334,0.0,0.0,7.916666666666667,0.0,38,1,True,5,False,0,Typical mix
9.05,0.0,0.5,0.75,1.1833333333333331,1.8833333333333333,0.0,15,2,False,7,False,0,Typical mix
5.583333333333333,7.083333333333333,1.5,0.0,0.25,0.8333333333333334,0.0,22,2,True,6,False,2,Work-focused
9.916666666666666,6.333333333333333,0.75,0.0,0.0,2.0833333333333335,0.0,26,2,True,5,False,2,Work-focused
2.0,0.0,3.8333333333333335,0.0,0.5,4.5,3.0,85,2,False,8,False,4,Computer-leisure
10.833333333333334,0.0,1.9166666666666667,0.0,0.25,0.5,0.0,80,2,True,6,False,0,Typical mix
7.833333333333333,0.0,0.5,0.0,0.0,0.5833333333333334,0.0,29,2,False,7,False,0,Typical mix
4.5,0.0,1.0,0.0,0.0,9.166666666666666,0.0,40,1,False,5,False,0,Typical mix
10.5,0.0,0.5,0.0,3.0,0.0,0.0,30,1,True,8,False,1,Social
9.5,0.0,2.5,0.0,0.0,0.0,0.0,51,2,False,7,False,0,Typical mix
6.5,7.0,1.25,0.0,0.0,5.166666666666667,1.0,56,1,False,8,False,2,Work-focused
7.0,5.5,0.5,0.0,6.0,3.3333333333333335,0.0,45,1,True,7,False,1,Social
9.416666666666666,0.0,0.0,0.0,0.0,2.0,1.0,45,1,True,10,False,0,Typical mix
9.25,0.0,1.0,0.0,5.0,3.9166666666666665,0.0,58,2,False,8,False,1,Social
9.0,0.0,1.75,0.0,0.0,1.0,0.0,43,2,True,8,False,0,Typical mix
12.25,0.0,0.5,4.5,2.0,3.0,0.0,18,1,True,7,False,3,Active
6.25,0.0,2.25,0.0,0.0,0.0,0.0,35,1,True,4,False,0,Typical mix
10.25,0.0,2.3333333333333335,0.0,2.3333333333333335,0.0,0.0,69,2,False,9,False,1,Social
8.666666666666666,0.0,1.1666666666666667,0.0,0.75,6.283333333333333,0.0,50,1,True,6,False,0,Typical mix
8.5,0.0,1.5,0.0,0.0,11.0,0.0,53,1,True,9,False,0,Typical mix
7.666666666666667,0.0,1.5333333333333334,0.0,8.933333333333334,1.3333333333333333,0.0,54,2,True,4,False,1,Social
9.5,0.0,1.5,0.0,3.4166666666666665,1.5,0.0,54,1,False,9,False,1,Social
9.0,0.0,1.4166666666666667,0.0,0.25,2.0,0.0,31,2,False,6,False,0,Typical mix
11.0,0.0,2.6666666666666665,0.0,0.0,8.483333333333333,0.0,26,2,True,8,False,0,Typical mix
8.0,0.0,0.6666666666666666,0.0,5.416666666666667,1.3333333333333333,0.0,34,1,False,6,False,1,Social
6.833333333333333,7.75,1.5833333333333333,0.0,3.0,0.0,0.0,60,1,False,10,False,2,Work-focused
8.5,0.0,2.25,0.0,6.666666666666667,1.5,0.0,59,1,False,6,False,1,Social
6.5,8.75,0.3333333333333333,0.5,0.0,3.566666666666667,0.0,41,2,False,8,False,2,Work-focused
9.0,0.0,1.6666666666666667,0.0,1.25,6.0,0.0,66,1,True,5,False,0,Typical mix
9.0,0.0,1.0833333333333333,0.0,3.1666666666666665,0.0,0.0,36,2,True,8,False,1,Social
11.5,0.0,1.5833333333333333,0.0,1.25,0.0,0.0,18,1,False,8,False,0,Typical mix
11.5,0.0,0.5833333333333334,2.0,0.0,6.416666666666667,0.5,61,2,False,5,False,0,Typical mix
8.75,0.0,1.1166666666666667,0.0,0.0,13.216666666666669,0.0,80,2,False,8,False,0,Typical mix
8.5,2.8333333333333335,0.4166666666666667,3.0,0.0,1.8333333333333333,0.0,70,1,False,10,False,3,Active
9.5,0.0,0.6666666666666666,0.0,0.0,10.033333333333331,0.0,71,1,True,8,False,0,Typical mix
13.5,0.0,0.75,0.0,0.0,4.166666666666667,0.0,54,2,True,5,False,0,Typical mix
10.25,0.0,0.75,0.0,0.0,6.833333333333333,0.0,48,2,True,10,False,0,Typical mix
11.833333333333334,0.0,0.25,0.0,0.0,4.666666666666667,2.0,52,1,True,1,False,0,Typical mix
11.966666666666669,0.0,0.0,0.0,0.3333333333333333,0.5,0.4166666666666667,51,1,True,8,False,0,Typical mix
9.0,0.0,1.75,0.0,0.0,2.0,0.0,39,2,False,8,False,0,Typical mix
10.75,0.0,1.1666666666666667,0.0,2.1666666666666665,8.666666666666666,0.0,80,2,True,5,False,0,Typical mix
6.0,7.816666666666666,1.0,0.0,0.0,6.5,0.0,66,1,True,8,False,2,Work-focused
13.266666666666667,0.0,1.0833333333333333,0.0,0.0,6.75,0.0,80,1,True,7,False,0,Typical mix
9.25,0.0,1.1666666666666667,0.0,1.75,0.0,0.0,28,2,True,8,False,0,Typical mix
9.5,0.5,1.9166666666666667,0.0,0.0,4.75,0.0,32,1,True,8,False,0,Typical mix
10.25,0.0,0.5,0.0,1.4166666666666667,0.0,0.0,80,2,False,8,False,0,Typical mix
8.45,0.0,2.25,0.0,3.5,5.216666666666667,0.0,78,2,False,10,False,1,Social
10.0,9.5,1.0,0.0,0.0,1.25,0.75,28,1,False,8,False,2,Work-focused
10.5,1.0,0.8333333333333334,0.0,0.0,6.25,1.5,37,1,True,5,False,0,Typical mix
9.0,4.0,3.0,0.0,2.1666666666666665,3.0,0.0,62,1,True,6,False,0,Typical mix
8.5,0.0,0.75,0.0,0.5,4.5,0.0,68,1,True,8,False,0,Typical mix
7.0,0.0,1.3333333333333333,3.5,0.0,3.9833333333333334,0.0,65,2,True,8,False,3,Active
5.2,0.0,2.0,0.0,0.0,2.3333333333333335,0.0,20,2,True,10,False,0,Typical mix
7.5,0.0,4.0,0.0,0.0,2.6666666666666665,0.0,68,2,True,10,False,0,Typical mix
7.5,0.0,1.0833333333333333,0.0,0.6666666666666666,13.416666666666666,0.0,63,2,True,0,False,0,Typical mix
10.5,0.0,1.5,2.5,0.0,5.75,0.0,80,1,True,5,False,3,Active
8.766666666666667,0.0,1.5,0.0,1.0,1.3333333333333333,0.0,38,2,False,5,False,0,Typical mix
9.833333333333334,0.0,3.0,0.0,0.0,2.5,0.0,85,2,True,5,False,0,Typical mix
8.5,0.0,0.0,1.4166666666666667,2.0,1.3333333333333333,0.0,35,2,True,4,False,0,Typical mix
11.083333333333334,11.083333333333334,0.0,0.0,0.0,0.0,0.0,25,2,False,5,False,2,Work-focused
8.25,1.8333333333333333,1.25,0.0,5.383333333333334,0.0,0.0,76,2,False,6,False,1,Social
4.5,8.366666666666667,0.4166666666666667,0.0,0.5833333333333334,2.4833333333333334,0.0,37,1,False,5,False,2,Work-focused
9.0,0.0,1.5,0.0,0.0,3.0,2.0,68,2,False,10,False,0,Typical mix
14.666666666666666,0.0,1.3333333333333333,0.0,0.0,0.0,0.0,25,2,False,8,False,0,Typical mix
13.0,0.0,1.0,0.0,0.0,8.916666666666666,0.0,28,2,True,8,False,0,Typical mix
8.333333333333334,0.2,2.0,0.0,4.583333333333333,0.0,0.0,47,2,True,8,False,1,Social
9.25,0.0,1.1666666666666667,0.0,0.5,2.9166666666666665,0.0,55,2,False,5,False,0,Typical mix
11.833333333333334,0.0,1.0666666666666669,0.0,0.0,4.45,0.0,17,1,False,6,False,0,Typical mix
9.5,0.0,4.0,0.0,0.0,0.0,0.0,49,1,False,9,False,0,Typical mix
12.0,0.0,1.8333333333333333,0.0,0.3333333333333333,1.5,0.0,67,2,True,5,False,0,Typical mix
10.333333333333334,0.0,2.5,1.0,0.0,0.0,0.0,52,2,True,8,False,0,Typical mix
10.5,0.0,1.1666666666666667,0.0,1.5,2.7,0.0,36,2,True,10,False,0,Typical mix
10.0,0.0,0.75,0.0,0.0,4.633333333333334,0.0,59,2,True,5,False,0,Typical mix
8.183333333333334,0.0,0.5,0.0,3.0,2.3333333333333335,0.0,25,2,True,6,False,1,Social
8.0,0.0,2.0,0.0,0.0,0.0,0.0,85,2,True,5,False,0,Typical mix
5.5,10.916666666666666,0.9166666666666666,0.0,0.0,3.75,0.75,42,2,True,8,False,2,Work-focused
10.75,0.0,2.7666666666666666,0.0,0.0,9.583333333333334,0.0,31,1,True,7,False,0,Typical mix
8.75,0.0,1.0,0.0,0.1666666666666666,5.916666666666667,0.0,57,1,False,10,False,0,Typical mix
9.75,0.0,2.3333333333333335,0.0,0.0,2.5,0.0,60,1,True,8,False,0,Typical mix
4.75,0.0,2.5,0.0,6.683333333333334,0.0,0.0,70,2,False,10,False,1,Social
9.833333333333334,0.0,0.25,0.0,0.0,4.916666666666667,0.0,58,2,True,10,False,0,Typical mix
9.666666666666666,0.0,2.8,0.0,0.0,0.0,0.4166666666666667,66,1,True,7,False,0,Typical mix
9.0,4.0,1.75,0.0,4.5,0.0,0.0,58,1,False,8,False,1,Social
11.0,0.0,2.0,0.0,0.0,4.5,0.0,77,1,True,10,False,0,Typical mix
8.033333333333333,0.0,2.0,0.0,3.0,2.25,0.0,39,2,True,9,False,1,Social
7.666666666666667,8.75,1.5833333333333333,0.0,0.1666666666666666,1.3333333333333333,0.0,38,1,False,8,False,2,Work-focused
11.0,0.0,0.0833333333333333,0.0,4.466666666666667,0.0,0.0,49,2,False,8,False,1,Social
9.0,0.0,1.0,0.0,0.0,7.6,0.0,33,1,False,9,False,0,Typical mix
8.8,0.0,0.8333333333333334,0.0,5.8,0.0,0.0,39,2,False,8,False,1,Social
11.0,0.0,1.0,0.0,0.0,2.0,0.0,50,1,False,9,False,0,Typical mix
10.0,0.0,0.75,0.0,0.0,7.416666666666667,0.0,53,1,True,7,False,0,Typical mix
11.25,0.0,1.5,0.0,0.0,4.666666666666667,0.0,16,1,True,10,False,0,Typical mix
7.666666666666667,12.5,0.3333333333333333,0.0,0.0,1.0,0.0,55,1,False,8,False,2,Work-focused
7.5,0.0,0.25,0.0,0.0,5.5,0.0,56,2,False,8,False,0,Typical mix
8.0,0.0,2.1666666666666665,0.0,0.0,12.35,0.0,52,1,False,4,False,0,Typical mix
8.583333333333334,8.666666666666666,1.5833333333333333,0.0,0.0,2.75,0.0,27,1,True,9,False,2,Work-focused
9.5,0.0,0.5,2.0833333333333335,3.8666666666666663,6.7,0.0,66,1,False,6,False,1,Social
10.0,0.0,1.5,0.0,0.0,10.5,0.0,65,2,False,10,False,0,Typical mix
8.416666666666666,8.25,2.0833333333333335,0.0,1.5833333333333333,0.0,0.0,61,1,False,3,False,2,Work-focused
8.166666666666666,0.0,0.8333333333333334,0.0,0.6666666666666666,1.0833333333333333,1.1666666666666667,28,2,True,5,False,0,Typical mix
11.0,0.0,1.0,0.0,0.0,6.0,0.0,34,2,False,8,False,0,Typical mix
7.25,0.0,0.5833333333333334,0.0,0.0,0.0,0.0,80,1,True,6,False,0,Typical mix
7.916666666666667,0.0,0.75,0.0,0.0,0.0,0.0,22,2,False,8,False,0,Typical mix
8.5,7.583333333333333,1.4166666666666667,0.0,0.4166666666666667,2.5,1.0,31,1,False,7,False,2,Work-focused
9.5,0.0,1.0,0.1666666666666666,0.0,5.666666666666667,0.0,80,2,False,9,False,0,Typical mix
4.0,7.166666666666667,5.8,0.0,1.0,2.5,0.0,23,1,True,10,False,2,Work-focused
13.183333333333334,0.0,3.8333333333333335,0.0,0.0,5.0,0.0,42,1,True,7,False,0,Typical mix
7.833333333333333,7.466666666666667,1.3333333333333333,0.5,0.0,0.0,0.0,30,1,True,7,False,2,Work-focused
6.916666666666667,0.0,1.0,0.0,0.0,2.5,0.0,16,1,False,6,False,0,Typical mix
9.0,0.0,1.25,0.0,0.0,5.0,0.0,40,1,True,8,False,0,Typical mix
8.5,0.0,0.1666666666666666,0.0,3.1666666666666665,1.75,0.0,35,2,False,8,False,1,Social
8.416666666666666,0.0,2.5,0.0,0.0,4.666666666666667,0.0,34,2,True,8,False,0,Typical mix
8.0,0.0,1.3333333333333333,0.0,0.0,0.0,0.0,16,1,False,7,False,0,Typical mix
10.0,0.0,1.75,0.0,1.5,4.583333333333333,0.0,85,1,False,7,False,0,Typical mix
7.666666666666667,7.416666666666667,1.0,0.0,2.6666666666666665,0.0,0.0,36,1,False,8,False,2,Work-focused
8.0,4.833333333333333,0.6666666666666666,0.0,0.3333333333333333,1.3833333333333333,0.5,57,2,False,6,False,2,Work-focused
8.833333333333334,0.0,0.6666666666666666,0.6666666666666666,0.0,0.0,0.1666666666666666,55,2,False,5,False,0,Typical mix
7.916666666666667,0.0,1.9666666666666663,0.0,0.4833333333333333,0.6666666666666666,1.4166666666666667,17,2,False,8,False,0,Typical mix
6.066666666666666,10.333333333333334,1.25,0.0,0.0,2.0833333333333335,0.0,30,2,False,6,False,2,Work-focused
7.833333333333333,0.0,0.5,0.0,0.0,0.0,0.0,31,2,True,6,False,0,Typical mix
9.0,8.0,1.6666666666666667,0.0,0.0,2.5,0.0,31,1,False,9,False,2,Work-focused
8.5,0.0,2.0,0.0,1.0,4.25,0.0,17,1,True,7,False,0,Typical mix
9.25,0.0,2.75,0.0,0.0,3.8333333333333335,1.0,45,2,True,6,False,0,Typical mix
8.25,0.0,0.5833333333333334,0.5,0.0,4.25,2.0,67,1,False,5,False,0,Typical mix
8.0,7.516666666666667,0.75,0.0,0.0,1.7666666666666666,1.0,43,2,False,4,False,2,Work-focused
7.083333333333333,0.3333333333333333,1.0,0.0,0.0,0.0,0.0,60,2,False,9,False,0,Typical mix
6.4,5.583333333333333,1.8333333333333333,0.0,0.0,3.0,0.0,44,2,False,10,False,2,Work-focused
8.0,8.0,0.75,0.0,3.0,0.0,0.0,56,2,False,5,False,2,Work-focused
4.0,0.0,1.5,0.0,0.6666666666666666,3.55,0.0,56,2,True,5,False,0,Typical mix
7.0,0.0,0.0,0.0,0.0,13.333333333333334,0.0,57,1,True,0,False,0,Typical mix
8.0,7.5,1.1666666666666667,1.6666666666666667,0.0,2.0833333333333335,0.0,53,1,False,7,False,2,Work-focused
6.5,0.0,0.6666666666666666,0.0,0.0,14.983333333333333,0.0,67,1,False,8,False,0,Typical mix
7.25,12.25,1.25,0.0,0.0,1.1666666666666667,0.0,53,1,False,7,False,2,Work-focused
9.25,0.0,0.5833333333333334,2.0,0.0,2.5,0.0,16,1,False,10,False,0,Typical mix
17.666666666666668,0.0,0.25,0.0,0.0,0.0,0.0,17,1,True,8,False,0,Typical mix
6.75,7.5,0.4166666666666667,0.0,0.0,4.0,0.25,47,2,False,5,False,2,Work-focused
7.0,7.5,1.1666666666666667,0.0,0.0,4.75,0.0,54,2,True,5,False,2,Work-focused
12.416666666666666,0.0,1.0,0.0,0.0,2.25,0.0,28,2,True,7,False,0,Typical mix
12.0,0.0,0.5,0.0,0.0,0.0,0.0,38,2,True,5,False,0,Typical mix
15.0,0.0,0.5,0.0,0.0,2.0,0.0,49,2,False,7,False,0,Typical mix
11.0,0.0,0.5,0.0,0.0,9.5,0.0,27,1,True,6,False,0,Typical mix
10.25,0.0,1.5,0.0,1.8333333333333333,5.0,0.0,29,1,True,6,False,0,Typical mix
8.116666666666667,0.0,1.6166666666666667,0.0,0.1166666666666666,4.883333333333334,0.0,19,1,False,4,False,0,Typical mix
8.5,6.333333333333333,1.0,0.0,0.0,0.6666666666666666,0.0,53,2,False,10,False,2,Work-focused
7.75,9.75,0.5,0.0,0.5,1.75,0.0,50,2,False,8,False,2,Work-focused
10.25,0.0,1.5,0.0,0.0,2.5,0.0,33,2,True,8,False,0,Typical mix
7.5,8.0,1.5,0.0,0.0,2.0,0.0,28,1,False,7,False,2,Work-focused
7.0,0.0,0.75,0.0,0.0,0.0,0.0,61,1,True,5,False,0,Typical mix
6.116666666666666,9.666666666666666,0.5,0.0,0.0,3.0,0.0,52,1,False,9,False,2,Work-focused
12.25,0.0,1.1666666666666667,0.0,0.5,5.166666666666667,0.0,80,2,False,6,False,0,Typical mix
11.0,0.0,0.0,0.0,0.0,12.666666666666666,0.0,38,2,True,3,False,0,Typical mix
6.0,0.0,0.75,0.0,0.0,6.5,1.7,46,1,True,6,False,0,Typical mix
7.966666666666667,7.333333333333333,1.0833333333333333,0.0,0.0,1.4166666666666667,0.0,44,2,False,10,False,2,Work-focused
4.0,13.25,0.25,0.0,0.0,1.25,0.0,62,2,False,10,False,2,Work-focused
9.5,0.0,1.0666666666666669,1.0,0.0,0.0,0.0,38,2,False,10,False,0,Typical mix
8.5,0.0,0.3333333333333333,0.0,0.0,10.333333333333334,0.0,35,1,True,5,False,0,Typical mix
10.166666666666666,0.0,1.0,1.5,0.0,0.5,0.0,40,1,True,8,False,0,Typical mix
8.35,8.5,0.75,2.0,0.0,1.0,0.0,40,1,True,8,False,2,Work-focused
16.333333333333332,0.0,0.5,0.0,0.0,3.0,0.0,68,1,True,8,False,0,Typical mix
8.65,12.0,0.0,0.0,0.0,0.1666666666666666,0.0,38,2,False,8,False,2,Work-focused
1.9,16.333333333333332,0.0833333333333333,0.0,2.75,0.0,0.0,35,1,True,7,False,2,Work-focused
8.5,0.0,0.9166666666666666,0.0,0.0,2.4,0.0,78,1,True,8,False,0,Typical mix
8.5,0.0,1.5,0.0,0.0,6.166666666666667,0.0,59,2,False,10,False,0,Typical mix
8.0,0.0,1.5,0.0,0.0,4.5,0.0,70,1,True,10,False,0,Typical mix
9.083333333333334,0.0,0.75,3.75,0.0,1.0,0.0,18,1,False,7,False,3,Active
8.833333333333334,0.0,0.5,2.5,4.5,0.0,0.0,70,1,False,6,False,1,Social
9.0,0.0,0.0666666666666666,0.5,0.0,10.716666666666669,0.0,26,2,False,10,False,0,Typical mix
10.75,0.0,2.0,0.0,0.0,5.0,0.0,17,1,True,6,False,0,Typical mix
8.166666666666666,7.0,1.25,0.0,0.0,0.0,0.5,43,2,False,7,False,2,Work-focused
5.5,0.0,1.25,0.0,0.0,11.333333333333334,0.0,72,2,True,10,False,0,Typical mix
8.666666666666666,8.5,1.0,0.0,0.0,2.0,0.0,30,2,True,7,False,2,Work-focused
10.0,0.0,1.0,0.0,3.8333333333333335,1.0,0.0,48,2,True,5,False,1,Social
10.5,0.0,0.5,0.9166666666666666,0.0,8.7,0.0,65,1,False,10,False,0,Typical mix
21.2,0.0,0.5,0.0,0.0,0.5,0.0,47,2,True,6,False,0,Typical mix
12.666666666666666,0.0,1.0,0.0,0.0,0.0,0.0,80,2,True,8,False,0,Typical mix
11.916666666666666,0.0,0.25,0.0,0.0,4.0,0.0,28,1,True,5,False,0,Typical mix
7.5,0.0,0.5,0.0,0.3,2.4166666666666665,0.0,17,1,False,8,False,0,Typical mix
8.5,0.0,0.25,0.0,1.75,6.5,0.0,44,2,True,4,False,0,Typical mix
8.583333333333334,4.416666666666667,0.8333333333333334,0.0,0.0,2.0,0.0,33,1,False,10,False,2,Work-focused
9.816666666666666,0.0,1.4166666666666667,0.0,0.3333333333333333,0.0,0.0,51,2,True,7,False,0,Typical mix
7.5,0.0,3.5,2.5,0.0,5.666666666666667,2.0,61,1,True,8,False,3,Active
7.166666666666667,6.25,0.75,0.0,0.3333333333333333,5.0,0.0,40,1,False,7,False,2,Work-focused
10.166666666666666,0.0,2.3333333333333335,0.0,0.0,1.0,0.0,39,1,False,9,False,0,Typical mix
8.5,8.583333333333334,0.5,0.0,0.0,0.0,0.0,39,2,False,8,False,2,Work-focused
8.583333333333334,9.75,1.1666666666666667,0.0,0.0,0.75,0.0,54,1,False,6,False,2,Work-focused
8.95,0.0,2.5,0.0,0.0,2.9166666666666665,0.0,57,2,True,7,False,0,Typical mix
9.5,0.0,1.75,0.0,0.0,2.5,0.0,37,2,True,4,False,0,Typical mix
6.75,0.0,2.5833333333333335,1.6666666666666667,0.0,1.6666666666666667,0.0,55,1,True,7,False,0,Typical mix
8.75,0.0,1.0,0.75,0.0,0.5,0.0,28,2,True,6,False,0,Typical mix
10.166666666666666,0.0,0.0,0.0,0.0,0.0,0.0,25,2,False,6,False,0,Typical mix
8.0,0.0,1.0,0.0,0.0,12.5,1.0,71,1,False,8,False,0,Typical mix
10.0,3.25,1.25,0.0,0.0,2.0,0.0,29,2,False,6,False,0,Typical mix
7.5,0.0,0.25,0.0,0.0,10.866666666666667,0.0,57,1,False,10,False,0,Typical mix
7.916666666666667,0.0,1.2,0.0,0.0,5.416666666666667,0.0,31,2,False,9,False,0,Typical mix
8.066666666666666,8.666666666666666,0.25,0.0,0.0,0.0,0.0,51,2,False,8,False,2,Work-focused
10.0,0.0,2.0,1.0,0.0,2.0,0.0,19,2,False,7,False,0,Typical mix
6.666666666666667,0.0,0.1666666666666666,14.0,0.0,0.0,0.0,62,1,True,6,False,3,Active
7.0,4.833333333333333,0.75,0.0,1.2,0.0,0.5833333333333334,49,2,False,8,False,2,Work-focused
6.75,0.0,1.0833333333333333,0.0,0.0,3.0,0.0,78,2,True,5,False,0,Typical mix
8.666666666666666,0.0,1.3333333333333333,0.0,0.0,0.5,1.0,40,2,False,10,False,0,Typical mix
3.0,3.0,0.9166666666666666,6.25,0.0,2.0,0.0,67,1,False,10,False,3,Active
6.416666666666667,7.183333333333334,0.5833333333333334,0.0,0.75,1.75,0.0,47,2,False,5,False,2,Work-focused
8.5,0.0,1.3333333333333333,0.0,0.0,4.733333333333333,0.1666666666666666,42,2,True,7,False,0,Typical mix
3.5,0.0,2.0,5.5,0.0,1.0,0.0,50,2,False,8,False,3,Active
8.083333333333334,0.0,1.5,1.0,0.0,7.5,0.0,67,2,False,10,False,0,Typical mix
9.083333333333334,0.0,1.5,0.0,0.0,1.75,0.0,47,2,True,10,False,0,Typical mix
8.0,5.25,1.25,0.0,0.0,1.5,0.0,35,1,False,8,False,2,Work-focused
8.25,0.0,1.5,0.0,1.75,3.4166666666666665,0.0,79,2,False,8,False,0,Typical mix
14.5,0.0,0.9166666666666666,0.0,0.0,3.5,0.0,26,2,False,8,False,0,Typical mix
10.333333333333334,0.0,0.6666666666666666,3.0,6.133333333333334,0.5,0.0,16,1,True,6,False,1,Social
8.333333333333334,0.0,1.0,0.0,8.0,0.0,0.0,21,2,False,7,False,1,Social
8.416666666666666,6.083333333333333,0.75,0.0,0.75,0.0,0.0,68,2,True,7,False,2,Work-focused
5.916666666666667,9.75,1.0,0.0,0.0,1.0,0.0,38,2,False,9,False,2,Work-focused
8.833333333333334,6.0,0.1666666666666666,0.0,0.0,3.9166666666666665,0.0,65,1,False,9,False,2,Work-focused
7.5,0.0,2.0,0.0,1.0,7.5,0.0,62,1,True,10,False,0,Typical mix
9.5,0.0,2.0,0.0,0.0,0.0,0.0,59,2,True,0,False,0,Typical mix
10.0,0.0,1.0,0.0,3.5,2.0,0.0,62,2,False,8,False,1,Social
10.5,0.0,0.5,0.0,0.0,7.083333333333333,0.0,45,1,True,7,False,0,Typical mix
6.5,5.333333333333333,0.0,0.0,0.0,4.083333333333333,0.25,19,1,True,8,False,2,Work-focused
7.0,9.916666666666666,1.0,0.0,3.1666666666666665,0.0,0.0,49,1,False,8,False,2,Work-focused
11.25,0.0,1.1666666666666667,0.1666666666666666,0.3333333333333333,6.583333333333333,0.0,85,2,True,9,False,0,Typical mix
6.0,8.416666666666666,1.25,0.0,0.0,4.0,0.0,31,1,False,7,False,2,Work-focused
10.333333333333334,0.5,4.5,1.5,0.0,1.0,0.0,48,1,True,8,False,0,Typical mix
13.0,0.0,0.5,0.0,0.0,8.483333333333333,0.0,24,1,True,10,False,0,Typical mix
10.0,0.0,1.8333333333333333,1.0,0.0,3.25,0.0,31,2,True,8,False,0,Typical mix
10.0,0.0,4.0,0.0,0.0,4.0,0.0,66,2,False,10,False,0,Typical mix
9.983333333333333,0.0,1.0833333333333333,0.0,0.0,2.0,0.0,78,2,False,9,False,0,Typical mix
9.416666666666666,0.0,0.5833333333333334,3.0,0.0,0.0,8.0,33,2,True,10,False,4,Computer-leisure
8.0,0.0,2.0,0.0,0.0,2.75,0.0,50,1,False,3,False,0,Typical mix
7.333333333333333,0.0,0.1666666666666666,0.0,0.0,0.0,0.0,43,1,True,7,False,0,Typical mix
7.5,0.0,1.3333333333333333,0.0,0.0,4.0,0.0,85,2,False,8,False,0,Typical mix
10.5,0.0,1.6666666666666667,0.0,0.0,0.0,0.0,52,1,True,6,False,0,Typical mix
14.0,0.0,0.6666666666666666,0.0,0.0,6.166666666666667,0.0,64,1,True,8,False,0,Typical mix
8.166666666666666,0.0,5.466666666666667,0.8333333333333334,0.0,0.0,0.0,79,1,False,8,False,0,Typical mix
11.95,0.0,1.5833333333333333,0.0,0.0,2.0,0.0,33,2,False,8,False,0,Typical mix
10.666666666666666,0.8333333333333334,0.75,0.0,0.0,2.5,1.0,60,2,False,6,False,0,Typical mix
8.5,7.333333333333333,0.6666666666666666,0.0,2.0,3.5833333333333335,0.0,59,2,False,8,False,2,Work-focused
7.333333333333333,7.666666666666667,0.5,0.0,0.0,1.5,0.0,47,1,False,7,False,2,Work-focused
8.0,9.583333333333334,1.1666666666666667,0.0,0.0,0.0,0.0,34,1,False,10,False,2,Work-focused
8.75,8.916666666666666,0.0,0.0,0.0,0.8333333333333334,0.0,26,2,True,9,False,2,Work-focused
6.0,6.833333333333333,2.75,0.0,0.0,0.1666666666666666,0.0,27,2,False,9,False,2,Work-focused
10.0,8.5,0.6666666666666666,0.0,0.0,2.3333333333333335,0.0,58,1,False,7,False,2,Work-focused
8.0,8.083333333333334,0.5,0.0,0.0,0.0,2.6666666666666665,51,2,False,7,False,4,Computer-leisure
8.5,0.0,2.0,0.0,0.0,7.833333333333333,0.0,65,1,True,8,False,0,Typical mix
10.333333333333334,0.0,1.1666666666666667,0.0,0.0,6.5,1.0,43,2,False,5,False,0,Typical mix
9.0,0.0,0.25,0.0,0.0,7.3,0.0,65,1,True,6,False,0,Typical mix
13.25,0.0,0.85,0.0,0.0,7.233333333333333,0.0,56,1,False,5,False,0,Typical mix
8.75,0.0,2.0833333333333335,0.0,0.0,1.3333333333333333,0.0,45,2,True,7,False,0,Typical mix
8.0,0.0,0.75,0.0,3.0,11.75,0.0,32,1,True,10,False,0,Typical mix
10.666666666666666,0.0,0.25,0.0,0.0,1.75,0.0,17,1,True,8,False,0,Typical mix
11.25,0.0,1.0,0.0,2.716666666666667,1.5,0.0,36,2,False,8,False,1,Social
10.5,0.0,1.75,0.0,0.0,2.0,0.0,65,2,True,8,False,0,Typical mix
10.133333333333333,0.0,1.35,0.0,0.0,0.5,0.0,19,1,False,10,False,0,Typical mix
5.5,0.0,0.0,0.0,0.0,3.0,0.0,48,1,True,3,False,0,Typical mix
5.0,11.0,2.0,0.0,0.0,0.0,0.0,47,1,False,5,False,2,Work-focused
9.5,0.0,0.5833333333333334,0.0,0.0,13.916666666666666,0.0,55,1,True,8,False,0,Typical mix
7.833333333333333,8.333333333333334,1.25,0.3333333333333333,0.0,3.1666666666666665,0.0,45,2,False,7,False,2,Work-focused
9.0,0.0,1.8333333333333333,0.0,0.0,5.083333333333333,0.0,70,2,False,8,False,0,Typical mix
9.333333333333334,0.0,1.0,0.0,0.0,2.5,0.0,65,2,True,7,False,0,Typical mix
10.25,11.5,1.0,0.0,0.0,0.0,0.0,50,1,False,5,False,2,Work-focused
7.5,3.5833333333333335,0.6666666666666666,0.0,0.0,3.75,0.0,27,1,False,6,False,0,Typical mix
9.0,0.0,1.3333333333333333,0.0,0.0,4.5,0.0,56,2,False,6,False,0,Typical mix
5.166666666666667,0.0,0.0,0.0,0.0,14.966666666666669,0.0,54,1,False,2,False,0,Typical mix
7.0,7.0,1.0,0.0,1.5,1.5,0.0,60,2,False,8,False,2,Work-focused
7.0,0.0,0.75,0.0,0.0,11.383333333333333,0.0,68,2,True,9,False,0,Typical mix
10.5,0.0,0.4166666666666667,0.0,0.0,10.683333333333334,0.0,51,2,False,4,False,0,Typical mix
5.0,0.0,1.0,0.0,0.0,7.75,0.0,69,2,False,9,False,0,Typical mix
9.5,0.0,0.3333333333333333,0.0,0.0,13.0,0.0,54,1,True,5,False,0,Typical mix
7.666666666666667,4.766666666666667,0.5833333333333334,0.3333333333333333,0.25,0.0,0.0,30,1,False,6,False,2,Work-focused
7.5,0.0,1.8333333333333333,0.0,1.4166666666666667,1.0,0.0,21,1,False,5,False,0,Typical mix
6.5,11.25,0.9166666666666666,0.0,0.0,1.75,1.0,32,1,False,4,False,2,Work-focused
9.0,0.0,0.5,0.0,0.75,7.75,0.0,63,1,True,5,False,0,Typical mix
7.25,0.0,1.0,4.0,1.0,0.0,0.0,50,2,True,8,False,3,Active
8.0,0.0,1.0,0.9166666666666666,0.0,3.9833333333333334,6.5,44,1,False,6,False,4,Computer-leisure
13.633333333333333,6.0,0.5833333333333334,0.0,0.0,2.0,0.5833333333333334,34,2,False,6,False,0,Typical mix
10.666666666666666,0.0,1.5,0.0,0.0,3.5,0.0,30,2,True,7,False,0,Typical mix
5.25,0.0,2.0,0.0,1.0833333333333333,1.75,1.5,69,1,False,7,False,0,Typical mix
3.1666666666666665,7.5,1.0833333333333333,0.0,2.0,1.5,0.0,43,2,False,8,False,2,Work-focused
12.25,0.0,1.5,0.0,1.25,3.5833333333333335,0.0,18,2,True,7,False,0,Typical mix
11.166666666666666,0.0,1.0,0.0,0.0,1.5,0.0,42,2,True,7,False,0,Typical mix
6.633333333333334,13.25,1.75,0.0,0.0,0.3333333333333333,0.0,29,1,False,6,False,2,Work-focused
9.0,0.0,2.25,0.0,0.0,1.5,0.0,66,1,False,8,False,0,Typical mix
11.9,0.0,2.0,0.0,0.0,1.0,0.0,85,1,True,0,False,0,Typical mix
6.0,7.416666666666667,0.5,0.0,0.0,7.333333333333333,0.0,38,2,False,8,False,2,Work-focused
8.75,7.5,1.3333333333333333,0.0,0.0,0.0,0.0,80,1,False,8,False,2,Work-focused
9.25,10.166666666666666,0.3333333333333333,0.0,0.0,2.3333333333333335,0.0,43,1,True,7,False,2,Work-focused
8.166666666666666,2.8333333333333335,0.3333333333333333,1.0,2.4833333333333334,0.0,0.75,46,2,False,8,False,1,Social
4.75,4.05,0.5,0.0,0.0,5.033333333333333,0.0,55,2,True,8,False,2,Work-focused
8.5,0.0,0.3333333333333333,0.0,0.0,8.25,0.0,80,1,True,10,False,0,Typical mix
9.583333333333334,0.0,1.25,0.0,1.5,3.45,2.0,17,1,True,7,False,0,Typical mix
8.833333333333334,12.0,0.1666666666666666,0.0,0.25,0.0,0.0,28,1,True,6,False,2,Work-focused
9.25,8.5,0.0,0.0,0.0,1.7166666666666666,0.0,38,2,False,7,False,2,Work-focused
12.0,0.0,0.1666666666666666,0.0,1.6666666666666667,2.5,0.0,31,2,True,3,False,0,Typical mix
7.5,0.0,2.3333333333333335,0.0,0.25,2.0,0.0,36,2,True,5,False,0,Typical mix
10.333333333333334,0.0,1.5,0.0,2.0,7.75,0.0,33,2,True,8,False,0,Typical mix
7.833333333333333,0.0,1.0833333333333333,0.0,0.0,0.0,0.0,85,2,True,10,False,0,Typical mix
7.0,11.0,1.0,0.75,0.0,1.0,0.5,28,2,False,8,False,2,Work-focused
9.0,8.333333333333334,1.5833333333333333,0.0,0.0,3.25,0.0,30,1,False,8,False,2,Work-focused
10.5,10.0,0.1333333333333333,1.1666666666666667,0.0,0.0,0.0,36,1,True,8,False,2,Work-focused
8.5,0.0,1.0,0.0,0.0,12.5,0.0,65,1,True,8,False,0,Typical mix
10.0,1.5,2.1666666666666665,0.0,0.0,3.0,0.0,66,1,True,4,False,0,Typical mix
10.0,0.0,0.6666666666666666,0.0,0.0,2.25,0.3333333333333333,35,2,False,5,False,0,Typical mix
9.666666666666666,0.0,1.5,0.75,0.0,10.083333333333334,0.0,60,1,False,7,False,0,Typical mix
7.75,7.416666666666667,1.0833333333333333,0.0,0.25,2.25,0.0,49,2,False,8,False,2,Work-focused
7.666666666666667,6.75,0.9166666666666666,0.0,0.0,1.9166666666666667,0.4166666666666667,63,1,False,7,False,2,Work-focused
11.0,0.0,1.0,0.0,0.0,5.75,0.0,66,2,False,10,False,0,Typical mix
13.333333333333334,0.0,1.0,0.0,0.5,3.75,0.0,23,2,True,7,False,0,Typical mix
8.5,0.0,0.75,1.0,0.0,1.0,0.0,74,2,False,5,False,0,Typical mix
7.25,0.0,1.0,0.0,1.0,3.0,0.0,18,1,False,9,False,0,Typical mix
12.5,0.0,0.5,0.0,0.25,4.75,0.0,19,2,True,7,False,0,Typical mix
6.583333333333333,7.75,1.25,0.0,0.5,2.0,0.0,33,1,False,8,False,2,Work-focused
7.0,9.583333333333334,0.0,0.5,0.0,0.0,0.0,62,2,False,10,False,2,Work-focused
5.833333333333333,16.55,0.0,1.0,0.0,0.0,0.0,52,2,True,7,False,2,Work-focused
10.0,0.0,0.9333333333333332,0.0,0.0,4.983333333333333,0.0,64,2,False,7,False,0,Typical mix
8.75,0.0,1.0,0.0,0.0,7.816666666666666,0.0,80,2,False,8,False,0,Typical mix
9.0,0.25,1.5,0.0,1.8333333333333333,5.416666666666667,0.0,32,1,True,7,False,0,Typical mix
8.0,0.0,0.6666666666666666,0.0,5.5,3.0833333333333335,0.0,80,2,True,8,False,1,Social
7.983333333333333,8.5,1.5,0.0,0.5666666666666667,0.4166666666666667,0.0,48,1,False,7,False,2,Work-focused
9.466666666666669,0.0,1.3333333333333333,2.0,0.0,3.6333333333333337,0.0,80,1,True,10,False,0,Typical mix
6.5,0.0,0.6666666666666666,2.0,0.0,3.5,0.0,32,1,True,5,False,0,Typical mix
8.0,0.0,0.5833333333333334,0.0,0.0,7.0,0.0,77,1,False,10,False,0,Typical mix
7.5,0.0,1.0,0.0,0.0,8.583333333333334,0.0,85,2,False,10,False,0,Typical mix
5.333333333333333,4.333333333333333,0.0,0.0,1.5,0.5,0.0,54,1,True,6,False,2,Work-focused
9.166666666666666,8.583333333333334,0.5,0.0,0.0,3.0,0.0,29,1,False,8,False,2,Work-focused
9.0,0.0,1.5,0.25,5.0,5.5,0.0,85,2,False,6,False,1,Social
8.333333333333334,8.0,0.5,0.0,0.3,2.25,0.0,25,1,False,8,False,2,Work-focused
9.0,8.0,1.0,0.0,0.0,3.4166666666666665,0.0,32,2,False,6,False,2,Work-focused
8.5,3.25,2.75,0.0,0.0,2.9166666666666665,0.0,42,2,True,10,False,0,Typical mix
7.5,0.0,0.5,0.0,0.3333333333333333,0.0,0.0,67,2,True,8,False,0,Typical mix
3.0,0.0,3.25,0.0,4.0,0.0,0.0,23,1,False,7,False,1,Social
10.0,0.0,0.5,0.0,0.0,1.0,0.0,20,2,True,10,False,0,Typical mix
9.666666666666666,0.0,1.0,0.0,0.0,0.0,0.0,21,2,True,6,False,0,Typical mix
10.0,0.0,0.75,0.0,0.0,3.75,0.0,80,2,True,10,False,0,Typical mix
11.0,0.0,0.5,0.0,0.0,9.483333333333333,0.0,23,1,True,8,False,0,Typical mix
9.0,0.0,0.0,0.0,0.0,13.066666666666666,0.0,60,2,True,8,False,0,Typical mix
10.0,0.0,0.5,0.0,0.0,7.0,0.0,66,1,False,5,False,0,Typical mix
9.0,0.0,0.0,0.0,0.0,10.7,0.0,45,2,False,5,False,0,Typical mix
9.0,0.0,0.0,0.0,1.5833333333333333,6.25,0.0,66,1,False,8,False,0,Typical mix
15.0,0.0,0.0,0.0,0.0,0.0,0.0,31,2,False,6,False,0,Typical mix
8.75,0.6666666666666666,2.0,0.0,5.15,0.0,0.0,46,2,False,8,False,1,Social
7.0,7.916666666666667,1.0,0.0,0.0,0.0,0.0,41,2,False,8,False,2,Work-focused
10.5,0.0,1.4166666666666667,0.0,2.0,3.316666666666667,0.0,56,1,False,6,False,0,Typical mix
10.0,2.0,1.0,0.0,0.0,7.05,0.0,77,1,True,9,False,0,Typical mix
11.166666666666666,0.0,0.8333333333333334,0.0,0.5,2.5,0.0,30,2,True,6,False,0,Typical mix
9.5,0.0,0.0,0.0,0.0,4.0,4.25,41,2,True,8,False,4,Computer-leisure
10.0,0.0,0.8333333333333334,0.0,0.0,6.0,0.0,60,2,True,10,False,0,Typical mix
12.0,0.0,0.9166666666666666,0.0,0.0,0.5,1.0,15,1,False,10,False,0,Typical mix
10.0,2.0833333333333335,2.25,0.0,0.0,1.8333333333333333,0.0,58,1,False,10,False,0,Typical mix
7.8,0.1666666666666666,2.5,1.5,0.0,3.5,0.0,57,2,True,8,False,0,Typical mix
8.5,6.0,0.75,0.0,3.0,0.0,0.0,60,2,False,7,False,1,Social
9.583333333333334,0.0,1.75,2.0,0.0,2.0,0.0,42,1,True,8,False,0,Typical mix
9.333333333333334,0.0,0.6666666666666666,0.5,0.0,5.333333333333333,2.0,56,1,False,2,False,0,Typical mix
9.0,0.0,1.9166666666666667,0.0,0.0,8.5,0.0,56,1,True,8,False,0,Typical mix
5.833333333333333,4.266666666666667,0.5,0.0,0.8333333333333334,0.0,1.4166666666666667,39,2,False,8,False,2,Work-focused
7.5,0.0,0.25,5.666666666666667,0.0,3.6166666666666663,0.0,45,1,True,7,False,3,Active
9.0,7.666666666666667,1.0,0.75,0.0,0.5,0.0,27,2,False,10,False,2,Work-focused
9.916666666666666,0.0,0.5,1.3333333333333333,0.0,2.5,2.3666666666666667,37,2,True,5,False,4,Computer-leisure
8.416666666666666,0.0,0.8333333333333334,0.0,0.0,12.15,0.0,78,1,True,10,False,0,Typical mix
7.983333333333333,8.366666666666667,0.3333333333333333,0.0,0.6666666666666666,3.0,0.0,46,1,False,7,False,2,Work-focused
9.0,7.983333333333333,1.5,0.0,0.0,2.0,0.0,47,2,False,10,False,2,Work-focused
10.0,0.0,2.0,0.0,0.0,0.0,0.0,41,1,True,6,False,0,Typical mix
8.0,0.0,1.5,0.0,0.0,7.416666666666667,0.0,62,1,True,5,False,0,Typical mix
8.5,0.0,3.6666666666666665,0.0,1.5,1.0,0.0,67,1,False,3,False,0,Typical mix
18.5,0.0,1.5,0.0,0.0,2.0,0.0,85,1,True,4,False,0,Typical mix
9.333333333333334,0.0,0.5833333333333334,0.0,0.0,0.0,0.5,40,1,True,6,False,0,Typical mix
8.0,0.0,1.0,0.0,0.0,0.0,0.0,36,2,True,8,False,0,Typical mix
10.833333333333334,0.0,0.1666666666666666,1.75,2.533333333333333,0.5,0.0,26,1,False,7,False,1,Social
10.166666666666666,0.0,0.25,0.0,0.0,2.0,0.9666666666666668,43,2,False,6,False,0,Typical mix
9.083333333333334,10.25,0.75,0.0,0.0,0.0,0.0,20,1,True,5,False,2,Work-focused
10.5,0.0,1.5,0.0,0.0,3.9166666666666665,0.0,80,2,False,7,False,0,Typical mix
11.583333333333334,0.0,0.1666666666666666,0.0,0.0,0.0,0.0,80,2,True,10,False,0,Typical mix
5.0,9.083333333333334,3.0,0.0,0.0,0.0,0.0,29,2,True,6,False,2,Work-focused
9.55,0.0,2.0,0.0,5.75,1.3333333333333333,0.0,36,2,True,8,False,1,Social
8.866666666666667,0.0,1.1666666666666667,0.0,1.0833333333333333,1.5,0.0,43,2,False,8,False,0,Typical mix
3.9166666666666665,0.0,1.0,0.0,0.0,4.0,0.0,43,1,True,7,False,0,Typical mix
8.666666666666666,0.0,0.1666666666666666,0.0,1.5,2.8666666666666667,0.0,57,2,False,5,False,0,Typical mix
11.583333333333334,7.916666666666667,0.5,0.0,0.0,1.5,0.0,35,1,False,1,False,2,Work-focused
10.916666666666666,0.0,1.0,0.0,3.5833333333333335,2.8333333333333335,0.0,45,2,False,8,False,1,Social
11.166666666666666,2.5,1.75,0.75,0.0,4.0,0.0,39,1,False,9,False,0,Typical mix
13.25,0.0,0.3333333333333333,0.0,0.0,10.416666666666666,0.0,31,2,True,8,False,0,Typical mix
5.0,0.0,1.5,0.0,0.0,5.25,0.0,47,1,False,7,False,0,Typical mix
6.966666666666667,0.0,1.1666666666666667,0.0,1.6,13.75,0.0,79,1,True,8,False,0,Typical mix
7.833333333333333,14.0,0.3333333333333333,0.0,0.0,0.0,0.0,42,1,False,5,False,2,Work-focused
10.583333333333334,0.0,0.75,0.0,0.0,10.0,0.0,64,1,False,8,False,0,Typical mix
7.5,0.0,0.2333333333333333,1.0,0.0,4.566666666666666,0.0,62,1,False,8,False,0,Typical mix
8.0,0.0,1.25,0.0,1.5,7.583333333333333,0.0,85,2,True,8,False,0,Typical mix
6.0,7.466666666666667,2.0,0.0,0.0,3.75,0.0,34,1,False,7,False,2,Work-focused
5.733333333333333,15.0,1.0,0.0,0.0,0.0,0.0,51,1,False,4,False,2,Work-focused
10.0,0.0,2.3333333333333335,0.0,0.0,2.25,0.0,54,2,True,10,False,0,Typical mix
10.0,0.0,1.5,0.0,0.0,6.0,0.0,32,2,False,6,False,0,Typical mix
7.0,0.0,2.5,0.0,0.0,7.166666666666667,1.0,29,1,True,6,False,0,Typical mix
5.5,7.733333333333333,0.5,0.0,0.75,4.716666666666667,0.0,34,2,True,5,False,2,Work-focused
8.333333333333334,0.0,0.5,0.0,0.0,0.0,0.0,32,2,False,5,False,0,Typical mix
11.0,0.0,2.75,0.0,4.833333333333333,0.3833333333333333,0.0,85,1,True,7,False,1,Social
10.0,0.0,0.5833333333333334,0.0,0.0,5.4,0.0,24,2,True,7,False,0,Typical mix
7.0,5.316666666666666,1.75,3.4166666666666665,0.0,1.5,0.0,49,1,False,7,False,3,Active
10.0,8.916666666666666,1.25,0.0,0.0,2.1666666666666665,0.0,67,1,False,8,False,2,Work-focused
7.416666666666667,9.1,1.1666666666666667,0.0,0.0,2.8833333333333333,0.0,56,1,False,7,False,2,Work-focused
8.083333333333334,0.0,2.5,0.0,4.666666666666667,0.25,0.0,42,1,False,8,False,1,Social
10.866666666666667,0.0,0.1666666666666666,0.0,0.5,4.833333333333333,0.0,52,2,True,5,False,0,Typical mix
9.5,0.0,1.25,0.0,0.0,8.416666666666666,0.0,77,2,False,5,False,0,Typical mix
5.5,0.0,1.0,9.0,0.0,3.75,0.0,49,1,True,9,False,3,Active
8.0,0.0,0.5,0.0,0.0,7.666666666666667,0.0,66,1,False,10,False,0,Typical mix
8.0,9.666666666666666,0.3333333333333333,1.5,0.0,2.4166666666666665,0.75,50,1,False,8,False,2,Work-focused
3.716666666666667,11.466666666666669,1.0833333333333333,0.0,0.0,0.0,0.0,51,2,False,4,False,2,Work-focused
9.966666666666669,2.0833333333333335,0.3333333333333333,0.0,0.5833333333333334,0.0,0.1666666666666666,24,2,True,6,False,0,Typical mix
9.0,0.0,4.583333333333333,0.0,1.0,0.0,0.0,36,1,True,8,False,0,Typical mix
8.75,0.0,2.5,0.0,0.0,0.0,0.0,74,2,False,4,False,0,Typical mix
7.0,0.0,1.6666666666666667,1.25,0.0,3.5,1.0,76,1,False,9,False,0,Typical mix
11.0,0.0,0.6666666666666666,0.0,0.0,1.0,1.0,62,2,True,8,False,0,Typical mix
10.0,0.0,0.5,0.0,0.0,2.6666666666666665,0.0,48,1,True,10,False,0,Typical mix
8.5,0.0,0.25,0.0,0.0,3.75,0.0,67,2,True,5,False,0,Typical mix
7.25,8.583333333333334,2.0,0.0,0.0,1.5666666666666669,0.0,33,1,False,8,False,2,Work-focused
8.5,0.0,1.0,0.0,0.9166666666666666,2.8333333333333335,0.0,18,1,False,7,False,0,Typical mix
8.866666666666667,1.0,1.0,0.0,11.55,1.0,0.0,34,1,True,8,False,1,Social
8.0,0.0,1.75,0.0,0.25,6.766666666666667,0.0,76,2,True,10,False,0,Typical mix
8.5,0.0,0.0,0.0,0.0,4.166666666666667,0.0,74,2,False,6,False,0,Typical mix
8.5,0.0,1.5833333333333333,2.5,0.0,0.0,3.3833333333333333,62,1,False,5,False,4,Computer-leisure
11.5,0.0,0.75,0.0,0.0,5.0,0.0,65,2,True,6,False,0,Typical mix
12.0,0.0,1.0,0.0,0.0,4.5,0.0,56,1,True,6,False,0,Typical mix
7.916666666666667,0.0,0.0333333333333333,0.0,0.0,0.3,0.0,17,1,True,8,False,0,Typical mix
9.75,0.0,1.6666666666666667,0.0,1.0,1.0,0.0,80,2,False,5,False,0,Typical mix
12.0,0.0,0.5,0.0,0.0,2.0,0.0,47,2,False,7,False,0,Typical mix
12.666666666666666,0.0,2.25,0.0,0.0,7.25,0.0,49,1,True,5,False,0,Typical mix
6.0,0.0,1.25,0.0,1.0,2.5,0.0,47,1,True,8,False,0,Typical mix
10.0,0.0,0.5,0.0,0.0,9.166666666666666,0.0,80,2,False,4,False,0,Typical mix
7.666666666666667,0.0,1.5,0.0,0.0,2.0,0.0,62,2,True,7,False,0,Typical mix
11.25,0.0,1.0,3.9166666666666665,0.0,2.0,0.0,18,1,False,10,False,3,Active
7.5,2.5,0.3666666666666666,0.0,0.0,0.0,0.0,54,2,True,5,False,2,Work-focused
8.5,0.0,1.75,0.0,1.6666666666666667,0.0,0.0,69,2,False,4,False,0,Typical mix
12.416666666666666,0.0,2.3333333333333335,0.0,0.0,0.0,2.0,65,1,True,5,False,0,Typical mix
9.0,0.0,1.0,0.0,0.0,4.75,0.0,61,2,False,5,False,0,Typical mix
5.5,15.916666666666666,0.25,0.0,0.0,0.0,0.0,49,2,True,8,False,2,Work-focused
8.25,0.0,0.9166666666666666,0.0,0.0166666666666666,1.0833333333333333,0.0,44,2,False,8,False,0,Typical mix
10.683333333333334,0.0,0.9833333333333332,0.6666666666666666,3.466666666666667,1.0,0.0,40,2,True,9,False,1,Social
9.5,7.166666666666667,1.5833333333333333,0.0,0.0,1.75,0.25,52,1,False,4,False,2,Work-focused
9.916666666666666,0.0,1.1666666666666667,0.0,0.0,5.5,0.0,69,2,True,5,False,0,Typical mix
8.0,0.0,0.35,0.0,3.9,1.5,0.0,36,1,True,10,False,1,Social
8.0,0.0,1.1666666666666667,0.0,0.0,5.333333333333333,0.0,28,2,False,9,False,0,Typical mix
7.0,0.0,0.5,0.0,0.0,3.5,0.0,34,2,False,5,False,0,Typical mix
8.833333333333334,0.0,1.5,0.0,0.0,10.833333333333334,0.0,37,1,True,10,False,0,Typical mix
9.0,0.0,0.4166666666666667,6.75,0.0,3.716666666666667,0.0,66,2,False,3,False,3,Active
10.5,0.0,1.5,0.0,0.0,0.0,0.0,85,1,False,0,False,0,Typical mix
9.25,9.583333333333334,0.6666666666666666,0.0,0.0,1.35,0.0,47,1,False,8,False,2,Work-focused
5.15,10.0,0.75,0.0,0.0,0.6666666666666666,0.0,28,2,True,8,False,2,Work-focused
10.75,0.0,1.0,0.0,0.0,2.0,0.0,39,2,False,4,False,0,Typical mix
8.833333333333334,5.383333333333334,0.5,0.0,0.0,1.5833333333333333,0.0,59,2,False,5,False,2,Work-focused
7.833333333333333,0.0,1.75,0.0,0.0,1.0,3.25,77,2,False,8,False,4,Computer-leisure
10.583333333333334,0.0,1.0,0.0,1.3333333333333333,0.8333333333333334,0.0,17,2,False,8,False,0,Typical mix
9.0,0.0,1.75,0.0,0.0,1.0,0.5,74,2,False,10,False,0,Typical mix
8.0,0.0,2.0,0.0,0.25,4.0,0.0,66,2,True,10,False,0,Typical mix
7.333333333333333,9.5,0.4166666666666667,0.0,0.0,0.0,0.0,52,2,False,8,False,2,Work-focused
6.5,0.0,1.0,10.5,0.0,0.0,0.0,36,1,True,7,False,3,Active
8.0,0.0,1.8333333333333333,1.0,1.5,0.0,0.0,40,2,True,9,False,0,Typical mix
8.666666666666666,2.3333333333333335,0.3333333333333333,0.0,1.1666666666666667,3.5,0.0,48,1,True,7,False,0,Typical mix
8.25,7.75,0.5,0.0,0.0,0.5,0.0,48,2,False,8,False,2,Work-focused
9.5,0.0,2.5,2.0,0.0,2.0,0.0,69,1,True,7,False,0,Typical mix
7.666666666666667,9.0,1.25,0.0,0.0,4.166666666666667,0.0,42,1,True,6,False,2,Work-focused
10.75,0.0,0.6666666666666666,0.0,0.0,4.2,1.5,60,1,False,5,False,0,Typical mix
6.5,3.0833333333333335,0.5,0.0,0.0,0.0,0.0,19,1,False,2,False,2,Work-focused
12.033333333333331,0.0,2.3333333333333335,0.0,0.0,2.0,0.0,55,1,True,5,False,0,Typical mix
13.0,0.0,1.4833333333333334,0.0,0.0,2.1666666666666665,0.0,29,1,True,6,False,0,Typical mix
7.75,8.25,0.4166666666666667,0.0,1.0,1.6666666666666667,0.0,30,2,False,7,False,2,Work-focused
8.116666666666667,0.0,1.5,0.0,0.0,0.0,0.0,41,1,True,8,False,0,Typical mix
10.5,0.0,1.0,0.0,0.5,10.0,0.0,39,1,False,6,False,0,Typical mix
8.166666666666666,0.0,1.0666666666666669,0.0,0.0,0.0,0.0,17,2,False,6,False,0,Typical mix
11.0,8.0,0.75,0.0,0.0,2.0,0.0,49,1,True,10,False,2,Work-focused
7.083333333333333,7.0,4.5,0.0,2.0,0.0,0.0,31,1,False,8,False,2,Work-focused
8.916666666666666,0.0,1.0,0.0,0.0,6.75,1.0,65,1,False,7,False,0,Typical mix
7.766666666666667,0.3333333333333333,1.3333333333333333,0.0,0.0,0.5,0.0,49,1,True,7,False,0,Typical mix
12.0,0.0,1.75,0.0,0.0,3.6333333333333337,0.0,53,1,False,4,False,0,Typical mix
6.25,0.0,1.0,0.0,0.5,0.0,0.0,51,2,True,10,False,0,Typical mix
8.85,8.25,1.5833333333333333,1.0,0.0,1.5,0.5,30,1,False,8,False,2,Work-focused
11.0,0.0,0.0,0.0,0.0,12.5,0.0,42,1,True,7,False,0,Typical mix
7.5,0.0,0.75,0.0,1.5,6.0,0.0,68,2,True,10,False,0,Typical mix
12.0,0.0,1.25,0.0,0.0,3.0,0.0,63,1,True,8,False,0,Typical mix
8.0,8.5,1.25,0.0,0.0,4.083333333333333,0.0,53,2,False,7,False,2,Work-focused
12.0,0.0,0.5,0.0,0.0,3.0,0.0,50,1,True,6,False,0,Typical mix
4.5,10.833333333333334,0.9166666666666666,0.0,0.0,0.0,0.0,36,2,True,10,False,2,Work-focused
8.0,0.0,1.0,0.0,0.0,0.0,3.683333333333333,52,1,True,7,False,4,Computer-leisure
11.5,0.0,0.25,0.0,1.5,5.75,0.0,63,2,False,10,False,0,Typical mix
6.0,7.75,1.0,0.0,0.0,0.0,5.5,66,1,True,8,False,4,Computer-leisure
9.583333333333334,0.0,0.8333333333333334,0.0,0.0,3.0833333333333335,0.0,35,2,True,7,False,0,Typical mix
9.0,3.75,2.3333333333333335,0.0,0.0,4.25,0.0,53,1,True,7,False,0,Typical mix
9.0,0.0,0.75,0.0,0.0,5.75,0.0,61,2,True,9,False,0,Typical mix
8.95,2.0,2.5,0.0,0.0,2.0,0.0,70,2,True,7,False,0,Typical mix
11.5,0.0,0.8333333333333334,0.0,2.5,3.8333333333333335,0.0,52,2,True,2,False,0,Typical mix
8.0,0.0,0.7,0.0,0.4833333333333333,2.8833333333333333,0.0,70,2,False,7,False,0,Typical mix
8.0,7.5,1.5,0.0,0.0,5.883333333333334,0.0,58,1,False,5,False,2,Work-focused
8.75,0.0,3.5,0.0,1.8333333333333333,0.0,0.0,58,2,False,8,False,0,Typical mix
8.5,1.0,2.0833333333333335,0.0,2.0,2.5,0.0,49,1,True,8,False,0,Typical mix
7.5,7.666666666666667,0.1666666666666666,0.0,0.0,3.6666666666666665,2.0,58,2,False,7,False,2,Work-focused
8.0,4.083333333333333,0.8333333333333334,0.5,0.0,2.966666666666667,0.0,64,2,False,10,False,2,Work-focused
9.0,0.0,1.5,0.0,0.5,0.0,0.0,75,2,True,7,False,0,Typical mix
8.0,9.416666666666666,0.6666666666666666,0.0,1.0,0.75,0.0,41,1,False,9,False,2,Work-focused
7.5,0.0,1.0,2.0,0.0,0.0,0.0,65,1,True,7,False,0,Typical mix
9.5,0.0,0.75,0.0,1.5,2.5,0.0,56,2,True,9,False,0,Typical mix
10.75,7.5,1.75,0.0,1.5,0.0,0.0,29,2,False,5,False,2,Work-focused
9.916666666666666,0.0,0.6666666666666666,0.0,0.5,1.5,0.0,59,2,False,8,False,0,Typical mix
6.5,0.0,3.1,0.0,0.0,2.5,0.0,16,2,False,5,False,0,Typical mix
10.75,0.0,1.5,0.0,0.0,8.25,0.0,57,1,True,10,False,0,Typical mix
7.25,1.1666666666666667,2.4833333333333334,1.0,0.0,1.3666666666666667,1.5,64,1,True,7,False,0,Typical mix
7.066666666666666,0.0,0.2833333333333333,0.0,0.3333333333333333,10.233333333333333,0.0,73,2,True,8,False,0,Typical mix
10.5,0.0,0.8333333333333334,0.0,0.0,1.0,0.0,58,2,False,6,False,0,Typical mix
6.75,0.0,1.4166666666666667,0.0,0.0,2.25,0.0,34,2,True,6,False,0,Typical mix
8.983333333333333,8.3,0.1666666666666666,0.0,0.0,1.4166666666666667,0.0,30,1,False,4,False,2,Work-focused
7.166666666666667,4.5,4.966666666666667,0.0,2.25,1.3833333333333333,0.0,36,1,True,8,False,1,Social
10.0,0.0,1.75,0.0,0.0,0.0,0.0,78,2,True,6,False,0,Typical mix
9.0,0.0,1.0833333333333333,0.0,0.0,3.5833333333333335,0.0,42,2,True,8,False,0,Typical mix
8.333333333333334,0.0,2.5,0.0,0.0,6.666666666666667,0.9166666666666666,32,2,True,10,False,0,Typical mix
7.5,8.416666666666666,0.5833333333333334,0.0,0.4166666666666667,0.3333333333333333,0.0,41,2,True,7,False,2,Work-focused
8.5,0.0,2.5,0.0,0.0,6.0,0.0,73,1,True,7,False,0,Typical mix
3.1666666666666665,0.0,0.5,0.0,0.0,11.383333333333333,0.0,63,2,False,10,False,0,Typical mix
7.5,7.583333333333333,1.1666666666666667,0.0,0.0,6.9,0.0,21,1,False,7,False,2,Work-focused
10.166666666666666,0.0,1.75,0.0,0.0,5.75,0.0,77,1,True,10,False,0,Typical mix
7.5,6.916666666666667,1.5,2.0,0.5,0.0,0.0,78,1,False,6,False,2,Work-focused
10.0,0.0,0.0,0.0,0.0,7.666666666666667,0.0,61,1,True,5,False,0,Typical mix
8.75,0.0,2.0,0.0,2.9166666666666665,2.0,0.0,69,2,True,10,False,1,Social
5.083333333333333,0.0,1.3333333333333333,0.0,0.0,1.5,0.0,58,2,True,6,False,0,Typical mix
10.0,0.0,1.0,0.0,6.133333333333334,1.5,0.0,33,1,False,7,False,1,Social
8.0,0.0,2.25,0.0,3.5,2.0,0.0,24,1,False,4,False,1,Social
7.0,0.0,0.0,0.0,0.0,0.0,0.0,60,1,True,3,False,0,Typical mix
10.466666666666669,6.85,1.0,0.0,0.6666666666666666,1.3333333333333333,0.5,41,2,False,8,False,2,Work-focused
12.75,0.0,2.0,0.0,3.65,0.0,0.0,80,1,True,8,False,1,Social
8.833333333333334,8.333333333333334,1.5,0.0,0.0,1.0,1.0,39,1,False,8,False,2,Work-focused
9.5,7.0,0.5,0.0,0.0,2.3333333333333335,2.0,52,1,True,7,False,2,Work-focused
8.5,3.5,0.6666666666666666,0.0,1.0,2.0,0.0,45,2,False,6,False,0,Typical mix
6.916666666666667,0.0,2.0833333333333335,0.0,0.0,1.3666666666666667,0.0,66,2,False,6,False,0,Typical mix
8.666666666666666,8.033333333333333,0.5833333333333334,0.0,0.0,1.0,0.0,61,1,False,10,False,2,Work-focused
7.0,0.0,0.5,0.0,0.0,5.0,0.0,58,2,False,5,False,0,Typical mix
9.483333333333333,0.0,0.75,0.0,0.1666666666666666,0.0,8.416666666666666,25,2,False,7,False,4,Computer-leisure
6.416666666666667,0.25,0.6666666666666666,0.0,0.0,0.9166666666666666,0.0,35,1,False,8,False,0,Typical mix
5.416666666666667,6.916666666666667,2.25,0.0,0.0,6.283333333333333,0.0,21,2,False,7,False,2,Work-focused
7.5,8.75,1.75,0.0,0.25,1.75,0.0,36,2,True,7,False,2,Work-focused
9.333333333333334,0.0,2.3333333333333335,0.0,0.0,5.0,0.5,44,2,True,5,False,0,Typical mix
8.0,0.0,1.0,0.0,0.0,7.666666666666667,0.0,25,2,True,10,False,0,Typical mix
22.95,0.0,0.0,0.2833333333333333,0.0,0.0,0.0,30,2,True,7,False,0,Typical mix
8.683333333333334,8.916666666666666,2.1666666666666665,0.0,0.0,0.5,0.0,34,1,False,10,False,2,Work-focused
7.0,11.616666666666667,0.0,0.0,0.0,0.0,0.0,23,1,False,10,False,2,Work-focused
8.0,0.0,0.5,0.0,0.0,0.5,0.0,66,2,False,8,False,0,Typical mix
10.0,0.0,0.3333333333333333,0.0,6.833333333333333,2.5166666666666666,0.0,78,1,False,8,False,1,Social
8.0,0.0,3.75,0.0,0.0,3.55,1.0,36,2,True,8,False,0,Typical mix
8.0,7.916666666666667,0.3333333333333333,0.0,0.0,6.0,0.0,40,1,True,5,False,2,Work-focused
7.05,7.833333333333333,0.75,0.0,0.0,2.0,0.0,38,2,False,9,False,2,Work-focused
11.333333333333334,0.0,1.9166666666666667,0.0,0.0,3.8333333333333335,0.0,62,2,True,4,False,0,Typical mix
8.25,0.25,2.75,0.0,0.0,1.25,0.0,38,1,True,8,False,0,Typical mix
8.466666666666667,0.0,0.6666666666666666,0.0,1.0666666666666669,0.9166666666666666,0.0,22,1,True,9,False,0,Typical mix
7.5,2.5,7.333333333333333,0.0,0.0,3.1666666666666665,0.0,45,2,False,1,False,0,Typical mix
7.5,0.0,2.8333333333333335,0.0,2.0,3.75,0.0,64,2,True,9,False,0,Typical mix
4.5,9.633333333333333,1.0,0.0,0.0,3.5,0.0,64,1,False,9,False,2,Work-focused
14.166666666666666,0.0,1.0,0.0,0.0,3.3333333333333335,0.0,57,2,False,5,False,0,Typical mix
6.0,0.0,1.3333333333333333,1.0,2.0,0.5,2.0,65,2,False,10,False,1,Social
9.0,2.3333333333333335,0.4166666666666667,0.0,0.0,9.666666666666666,0.0,69,1,False,8,False,0,Typical mix
9.5,0.0,1.0,0.0,0.0,12.416666666666666,0.0,77,2,True,8,False,0,Typical mix
7.0,7.016666666666667,1.5,0.0,0.0,0.5,0.0,48,2,False,8,False,2,Work-focused
10.5,0.0,1.8666666666666667,0.0,0.0,3.033333333333333,0.0,85,1,False,5,False,0,Typical mix
10.0,0.0,1.3333333333333333,0.0,2.5833333333333335,1.5,0.0,23,2,True,8,False,1,Social
8.666666666666666,0.0,1.25,0.0,0.0,2.1666666666666665,0.0,85,2,False,6,False,0,Typical mix
8.5,10.333333333333334,1.0,0.0,0.0,0.75,0.0,31,1,False,8,False,2,Work-focused
10.683333333333334,0.0,1.8333333333333333,0.0,0.5,1.1666666666666667,0.0,59,2,True,5,False,0,Typical mix
10.5,0.0,0.1666666666666666,0.0,2.8333333333333335,4.616666666666666,0.0,54,2,False,1,False,1,Social
11.0,0.0,1.5,0.0,0.0,0.0,3.0,46,1,True,7,False,4,Computer-leisure
11.0,0.0,1.5,0.0,0.0,5.0,0.0,61,2,False,8,False,0,Typical mix
10.416666666666666,0.0,2.25,0.0,0.6666666666666666,2.75,0.0,77,2,False,6,False,0,Typical mix
10.25,0.0,2.8333333333333335,0.0,0.0,1.75,0.0,59,2,True,5,False,0,Typical mix
8.833333333333334,0.0,3.0,0.0,0.0,8.3,0.0,50,1,True,9,False,0,Typical mix
9.0,0.0,1.0,0.0,0.0,3.0,0.0,35,2,True,5,False,0,Typical mix
9.5,0.0,1.3333333333333333,0.0,0.0,6.466666666666667,0.0,80,1,True,9,False,0,Typical mix
8.5,0.0,0.5833333333333334,0.0,0.0,4.416666666666667,0.3333333333333333,80,2,False,8,False,0,Typical mix
7.983333333333333,0.0,2.5,0.0,3.1666666666666665,0.0,0.0,38,2,True,7,False,1,Social
14.0,0.0,2.0833333333333335,0.0,0.0,5.916666666666667,0.0,23,2,True,7,False,0,Typical mix
6.5,0.0,0.5,4.5,0.0,4.5,1.0,43,2,True,7,False,3,Active
7.833333333333333,9.75,1.0833333333333333,0.0,0.0,2.1666666666666665,0.0,63,2,True,9,False,2,Work-focused
8.0,8.25,1.25,0.0,2.75,0.0,0.25,56,2,False,4,False,2,Work-focused
8.583333333333334,0.0,0.5,0.0,4.5,0.0,0.0,64,2,True,5,False,1,Social
8.333333333333334,0.0,0.5,0.0,2.0,2.75,0.0,76,1,True,6,False,0,Typical mix
11.0,0.0,0.5,0.0,3.933333333333333,3.0,0.0,61,2,True,9,False,1,Social
6.033333333333333,0.0,0.75,0.0,0.1666666666666666,1.65,0.0,57,2,False,8,False,0,Typical mix
9.0,7.666666666666667,1.75,0.0,0.0,0.0,0.0,32,1,False,6,False,2,Work-focused
12.416666666666666,7.583333333333333,1.5833333333333333,0.0,0.0,0.0,0.0,42,1,False,6,False,2,Work-focused
9.0,0.0,2.25,0.0,0.0,6.883333333333334,0.0,77,2,False,10,False,0,Typical mix
9.75,0.0,1.0833333333333333,0.0,3.75,0.0,0.0,18,2,True,7,False,1,Social
10.083333333333334,0.0,0.5,0.0,0.0,0.0,0.0,36,1,True,5,False,0,Typical mix
12.0,0.0,1.75,0.0,0.0,5.25,0.0,57,2,True,6,False,0,Typical mix
10.5,0.0,1.0833333333333333,0.0,0.0,2.0,0.0,57,2,True,8,False,0,Typical mix
5.5,11.5,1.25,0.0,0.0,0.9166666666666666,0.0,34,1,True,6,False,2,Work-focused
7.0,0.0,0.5,0.0,7.583333333333333,0.0,0.0,39,1,False,9,False,1,Social
8.5,9.833333333333334,1.55,0.0,0.0,0.5,0.0,54,1,True,5,False,2,Work-focused
10.083333333333334,0.0,0.5,0.0,0.0,0.0,0.0,77,2,False,9,False,0,Typical mix
12.666666666666666,0.0,0.5,0.0,1.5,1.0,0.0,17,2,True,5,False,0,Typical mix
8.5,8.716666666666667,0.8333333333333334,0.0,0.0,2.5,0.0,27,2,False,6,False,2,Work-focused
6.5,0.0,1.0,0.0,1.6666666666666667,5.5,1.0,61,2,False,8,False,0,Typical mix
8.583333333333334,0.0,1.0,0.0,4.916666666666667,0.5,0.0,52,2,False,7,False,1,Social
8.166666666666666,7.166666666666667,1.5,0.0,0.0,0.1666666666666666,0.0,34,2,False,7,False,2,Work-focused
10.0,0.0,0.75,0.0,0.0,5.166666666666667,0.0,51,1,True,9,False,0,Typical mix
13.0,0.0,1.25,0.0,0.0,4.0,0.0,54,2,True,4,False,0,Typical mix
7.466666666666667,8.583333333333334,0.8333333333333334,0.0,0.25,4.5,0.0,45,1,False,7,False,2,Work-focused
8.833333333333334,0.0,3.3333333333333335,0.0,0.5833333333333334,0.0,0.0,45,1,True,9,False,0,Typical mix
16.0,0.0,0.0,0.0,0.0,0.0,0.0,25,2,True,6,False,0,Typical mix
5.0,0.0,3.0,0.0,0.0,2.9833333333333334,2.0,67,2,True,5,False,0,Typical mix
8.5,0.0,2.0833333333333335,0.0,0.0,1.0,0.0,20,1,True,7,False,0,Typical mix
8.5,0.0,1.5,0.0,0.0,1.25,1.0,73,2,True,10,False,0,Typical mix
10.5,0.0,2.0,0.0,0.5,1.0,0.0,53,1,False,8,False,0,Typical mix
6.75,6.5,1.0,0.75,2.3333333333333335,0.25,0.0,50,1,False,9,False,2,Work-focused
9.0,0.0,0.75,0.0,0.0,2.75,0.0,80,2,True,7,False,0,Typical mix
13.166666666666666,0.0,0.9166666666666666,0.0,0.0,0.0,0.0,65,2,True,5,False,0,Typical mix
9.0,0.0,1.0,2.5,0.0,4.5,0.0,66,1,True,4,False,3,Active
9.0,0.0,1.0,5.5,0.0,1.0,0.0,17,2,False,9,False,3,Active
7.0,7.5,1.5,0.0,0.5,3.5,0.5,45,1,False,8,False,2,Work-focused
10.833333333333334,0.0,0.0,0.0,0.0,3.0,0.8333333333333334,66,1,False,8,False,0,Typical mix
10.0,0.0,0.9166666666666666,0.0,0.0,6.333333333333333,0.0,34,2,True,7,False,0,Typical mix
9.0,0.0,3.75,0.0,2.0,2.4166666666666665,0.0,64,2,False,4,False,0,Typical mix
10.483333333333333,2.25,0.5,0.0,0.0,4.75,0.6666666666666666,49,2,False,5,False,0,Typical mix
8.25,5.833333333333333,0.0,0.0,0.0,5.166666666666667,0.0,59,1,True,4,False,2,Work-focused
9.0,0.0,0.8333333333333334,0.0,0.0,2.9166666666666665,1.25,29,2,False,5,False,0,Typical mix
8.1,7.833333333333333,0.3333333333333333,0.0,0.0,0.0,0.0,34,2,False,8,False,2,Work-focused
6.5,11.416666666666666,0.9166666666666666,0.0,0.0,4.166666666666667,0.0,32,1,False,6,False,2,Work-focused
9.383333333333333,7.6,0.8333333333333334,0.0,5.416666666666667,0.0,0.0,38,1,False,6,False,1,Social
7.5,0.0,2.0833333333333335,0.0,0.0,0.0,2.0,44,1,True,5,False,0,Typical mix
8.25,0.0,0.25,0.0,2.75,1.0,0.0,23,2,True,9,False,1,Social
12.816666666666666,5.333333333333333,0.5,0.0,0.0,2.0,0.0,26,2,False,6,False,0,Typical mix
6.0,8.083333333333334,0.6666666666666666,0.0,0.75,2.8333333333333335,0.25,42,2,False,8,False,2,Work-focused
15.0,0.0,0.0,0.0,1.0,3.0,0.0,58,1,False,8,False,0,Typical mix
8.25,7.983333333333333,1.3333333333333333,0.0,0.0,2.5,0.0,21,2,False,10,False,2,Work-focused
12.0,0.0,0.3333333333333333,0.0,0.0,9.75,0.0,80,1,False,7,False,0,Typical mix
10.0,0.0,1.3333333333333333,0.0,0.0,0.5,0.0,80,1,True,5,False,0,Typical mix
9.5,0.0,1.3333333333333333,0.0,0.0,12.0,0.0,47,1,True,9,False,0,Typical mix
4.0,10.916666666666666,1.5,0.0,0.0,4.666666666666667,0.0,63,2,False,5,False,2,Work-focused
8.666666666666666,0.0,0.6666666666666666,1.0,2.1666666666666665,0.0,0.5,32,2,True,8,False,1,Social
9.333333333333334,0.0,1.25,2.0,0.0,4.0,0.0,70,1,True,9,False,0,Typical mix
8.583333333333334,0.25,0.9166666666666666,0.0,0.1666666666666666,1.75,0.0,44,2,True,7,False,0,Typical mix
10.0,0.0,0.1666666666666666,0.0,0.0,5.866666666666666,0.0,37,2,False,8,False,0,Typical mix
9.25,0.0,1.4166666666666667,0.0,0.0,1.5833333333333333,0.0,49,1,True,8,False,0,Typical mix
7.0,0.0,1.0,0.0,8.666666666666666,1.5,0.0,16,1,True,8,False,1,Social
9.25,0.0,1.9166666666666667,0.0,0.0,3.0,0.0,73,2,True,7,False,0,Typical mix
14.0,0.0,1.5,0.0,0.0,1.0,0.0,27,1,True,7,False,0,Typical mix
8.5,0.0,1.0,0.0,5.566666666666666,2.466666666666667,0.0,60,2,False,5,False,1,Social
8.0,8.883333333333333,1.75,0.0,2.0,0.5,0.0,67,1,False,8,False,2,Work-focused
7.25,0.1666666666666666,1.8333333333333333,0.0,4.166666666666667,1.75,0.0,35,2,True,8,False,1,Social
7.0,13.0,0.5,0.0,0.0,0.0,0.0,26,2,True,5,False,2,Work-focused
8.5,0.0,0.75,0.0,0.0,8.333333333333334,0.0,49,2,True,7,False,0,Typical mix
11.433333333333334,0.0,1.0,0.0,0.0,7.0,0.0,55,1,True,5,False,0,Typical mix
9.75,0.0,1.25,0.0,0.0,1.75,0.0,74,2,True,8,False,0,Typical mix
10.0,0.0,1.75,0.0,0.0,3.25,0.0,52,2,True,7,False,0,Typical mix
8.0,2.5833333333333335,0.75,0.0,1.0,5.25,0.0,26,1,True,8,False,0,Typical mix
6.55,4.5,2.0,0.0,4.75,1.75,0.0,40,2,False,10,False,1,Social
9.3,0.0,4.25,0.0,0.75,4.25,0.0,48,1,False,8,False,0,Typical mix
11.75,0.0,0.75,0.0,0.5,0.0,0.0,70,2,True,9,False,0,Typical mix
9.5,2.033333333333333,1.6666666666666667,0.0,0.0,1.75,1.0,69,1,False,8,False,0,Typical mix
6.0,5.416666666666667,0.5,0.0,0.0,0.0,0.0,40,2,False,7,False,2,Work-focused
7.75,0.0,0.8333333333333334,0.0,1.5,1.0,0.0,30,2,False,9,False,0,Typical mix
8.416666666666666,0.0,0.5,0.0,5.0,0.0,0.0,73,1,True,10,False,1,Social
7.0,11.483333333333333,1.0,0.0,0.0,0.0,0.0,37,1,False,10,False,2,Work-focused
8.5,1.1666666666666667,1.0,0.0,2.0,5.55,0.0,66,2,False,8,False,0,Typical mix
7.666666666666667,8.416666666666666,1.25,1.0,0.0,3.5833333333333335,0.0,26,2,False,6,False,2,Work-focused
8.0,2.5,0.5,0.0,1.5,0.0,0.0,31,2,False,8,False,2,Work-focused
5.666666666666667,10.583333333333334,1.0,0.0,0.5,0.0,0.0,43,1,True,10,False,2,Work-focused
11.833333333333334,4.0,0.0,0.0,1.0,2.0,0.0,54,2,True,9,False,0,Typical mix
8.833333333333334,0.0,0.75,0.0,4.666666666666667,2.75,0.0,40,2,False,6,False,1,Social
10.0,0.0,1.5,0.0,0.0,6.083333333333333,0.0,41,1,True,8,False,0,Typical mix
8.25,0.0,1.3333333333333333,0.0,3.0833333333333335,1.8333333333333333,0.0,35,2,True,7,False,1,Social
6.75,0.0,1.8333333333333333,1.0,0.75,0.0,0.5,41,2,False,9,False,0,Typical mix
10.166666666666666,0.0,1.0,0.0,0.0,8.166666666666666,0.0,40,1,True,9,False,0,Typical mix
8.0,0.0,2.716666666666667,0.0,0.0,5.833333333333333,0.0,16,2,False,10,False,0,Typical mix
9.0,0.0,2.0,1.0833333333333333,0.0,2.0833333333333335,2.1666666666666665,69,1,False,7,False,4,Computer-leisure
8.75,12.0,0.25,0.0,0.0,2.0,0.0,41,1,True,3,False,2,Work-focused
7.25,0.0,1.3333333333333333,0.0,1.0,1.3333333333333333,2.0,69,2,True,8,False,0,Typical mix
12.0,0.0,0.4166666666666667,0.0,0.5,6.666666666666667,0.0,66,2,True,8,False,0,Typical mix
7.75,0.0,1.0,0.0,0.0,7.583333333333333,0.0,77,2,True,9,False,0,Typical mix
12.633333333333333,0.0,1.5833333333333333,0.0,0.0,4.0,0.0,40,2,True,8,False,0,Typical mix
8.5,0.0,1.25,0.0,0.5,2.7333333333333334,0.0,77,2,False,7,False,0,Typical mix
7.75,7.5,1.5,0.0,0.0,2.0,0.0,40,2,False,8,False,2,Work-focused
6.583333333333333,9.166666666666666,0.4166666666666667,0.0,2.25,1.0833333333333333,0.0,17,1,False,6,False,2,Work-focused
6.583333333333333,0.0,0.25,0.0,0.0,0.0,0.0,41,2,True,7,False,0,Typical mix
7.133333333333334,0.0,1.1666666666666667,2.25,0.5833333333333334,0.0,0.0,17,1,False,5,False,3,Active
8.0,0.0,2.3333333333333335,0.0,1.5,4.5,0.75,68,1,False,7,False,0,Typical mix
7.25,6.5,0.6666666666666666,0.0,0.25,2.3333333333333335,0.0,36,1,False,7,False,2,Work-focused
7.0,2.5,0.1666666666666666,1.3333333333333333,0.0,1.2166666666666666,2.0,65,2,True,7,False,2,Work-focused
9.5,0.0,0.5,0.0,1.25,6.583333333333333,0.0,54,1,True,8,False,0,Typical mix
10.5,0.0,1.0,0.0,0.0,0.0,0.0,80,2,True,10,False,0,Typical mix
8.0,0.0,1.25,0.0,2.0,4.75,2.0,76,1,True,8,False,0,Typical mix
8.166666666666666,0.0,0.1666666666666666,0.0,0.0,4.583333333333333,0.0,36,2,True,5,False,0,Typical mix
7.0,8.333333333333334,0.5,0.0,3.5,0.0,0.0,76,2,True,10,False,2,Work-focused
11.0,0.0,1.1666666666666667,0.0,0.0,0.0,0.0,51,1,True,5,False,0,Typical mix
8.5,0.0,2.0,0.0,3.0,5.5,0.0,74,2,True,10,False,1,Social
8.0,0.0,1.1666666666666667,0.0,0.25,8.666666666666666,0.0,76,1,True,8,False,0,Typical mix
6.0,8.5,1.5,0.0,0.0,2.0,0.0,33,1,False,6,False,2,Work-focused
11.666666666666666,0.0,2.0,0.0,0.0,8.0,0.5,85,1,True,7,False,0,Typical mix
7.733333333333333,0.0,0.8333333333333334,0.0,0.5,0.0,1.5,45,2,False,4,False,0,Typical mix
7.5,5.633333333333334,0.5,0.0,0.0,6.083333333333333,0.0,48,1,False,5,False,2,Work-focused
8.433333333333334,0.0,2.4166666666666665,0.0,1.5,1.0,0.0,85,1,False,5,False,0,Typical mix
12.5,0.0,1.3333333333333333,0.0,0.0,0.0,2.0,17,1,True,5,False,0,Typical mix
6.5,8.15,0.75,0.0,0.0,1.25,0.0,40,1,False,10,False,2,Work-focused
8.0,9.583333333333334,0.75,0.0,2.4166666666666665,0.9166666666666666,0.0,55,1,False,7,False,2,Work-focused
16.916666666666668,0.0,0.0,0.0,6.916666666666667,0.0,0.0,16,1,True,8,False,1,Social
6.0,10.166666666666666,0.25,0.3333333333333333,0.0,2.966666666666667,0.0,61,1,True,9,False,2,Work-focused
7.5,0.0,1.9166666666666667,0.0,0.0,5.966666666666667,0.0,32,1,True,10,False,0,Typical mix
9.0,0.0,0.3333333333333333,1.5,2.0,4.1,0.0,17,1,False,7,False,0,Typical mix
8.0,7.65,1.5,0.0,0.5,2.5,0.0,35,1,False,6,False,2,Work-focused
8.5,0.0,1.25,1.0,0.0,4.666666666666667,0.0,85,1,False,7,False,0,Typical mix
11.25,0.0,0.25,0.0,0.25,0.0,0.0,71,2,True,5,False,0,Typical mix
10.5,0.0,0.1666666666666666,0.0,0.0,0.0,0.0,54,2,True,7,False,0,Typical mix
11.216666666666669,0.0,2.5,0.0,0.0,5.883333333333334,0.0,64,2,False,7,False,0,Typical mix
11.0,9.166666666666666,1.1666666666666667,0.0,0.0,0.0,0.0,19,1,True,8,False,2,Work-focused
10.0,0.0,1.3333333333333333,0.3333333333333333,0.0,3.5,0.0,67,2,False,8,False,0,Typical mix
8.75,0.0,0.5,0.0,0.5,0.75,0.0,37,2,False,9,False,0,Typical mix
5.5,8.566666666666666,0.5,0.0,0.0833333333333333,4.566666666666666,0.0,40,1,False,8,False,2,Work-focused
5.0,0.0,1.5833333333333333,0.0,0.0833333333333333,5.5,0.0,67,2,False,7,False,0,Typical mix
5.5,0.0,0.9,0.0,0.0,6.683333333333334,0.25,52,1,False,4,False,0,Typical mix
10.916666666666666,0.0,0.25,0.0,0.0,10.483333333333333,0.0,72,1,True,9,False,0,Typical mix
6.75,0.0,0.3333333333333333,0.0,0.0,0.5833333333333334,0.0,55,2,True,7,False,0,Typical mix
8.133333333333333,0.0,0.3333333333333333,0.0,2.25,6.916666666666667,0.0,46,2,True,9,False,0,Typical mix
9.5,2.8,1.0,0.0,0.0,1.0,0.0,59,2,True,5,False,0,Typical mix
13.833333333333334,0.0,0.3333333333333333,0.0,0.0,2.5,0.0,30,1,True,7,False,0,Typical mix
9.5,0.0,3.5,0.0,2.0,4.833333333333333,0.0,26,1,True,7,False,0,Typical mix
4.833333333333333,0.0,1.9166666666666667,0.0,0.0,0.0,0.0,25,2,False,7,False,0,Typical mix
7.25,8.333333333333334,1.4166666666666667,0.0,0.0,0.0,0.0,42,1,False,8,False,2,Work-focused
4.5,0.0,0.3666666666666666,0.0,0.0,0.0,0.0,28,2,True,4,False,2,Work-focused
11.5,6.5,1.25,0.0,0.0,0.0,0.0,57,1,False,10,False,2,Work-focused
9.583333333333334,0.0,2.25,0.0,0.0,0.0,0.0,31,2,True,6,False,0,Typical mix
7.0,7.416666666666667,1.7166666666666666,0.0,0.5,1.9,0.0,32,2,False,7,False,2,Work-focused
8.0,0.0,2.966666666666667,0.0,0.0,3.5,0.0,72,2,True,9,False,0,Typical mix
8.166666666666666,0.0,0.5,0.0,0.0,0.5,0.0,70,2,False,3,False,0,Typical mix
14.083333333333334,0.0,0.3333333333333333,0.0,0.0,0.75,0.0,15,2,False,3,False,0,Typical mix
9.0,0.0,3.6666666666666665,0.0,3.0,4.85,0.1666666666666666,35,2,True,7,False,1,Social
6.0,0.0,0.1666666666666666,0.0,0.0,0.0,0.0,66,2,False,10,False,0,Typical mix
4.75,7.833333333333333,0.0833333333333333,0.0,0.5,0.0,3.9166666666666665,50,2,False,7,False,4,Computer-leisure
10.5,0.0,3.0,0.0,0.0,2.0,0.0,24,2,True,3,False,0,Typical mix
9.333333333333334,0.0,0.8833333333333333,0.0,0.5,0.5,0.0,28,2,True,4,False,0,Typical mix
7.5,0.0,0.8333333333333334,0.0666666666666666,0.0,15.4,0.0,78,1,False,7,False,0,Typical mix
6.75,0.0,0.4166666666666667,4.0,0.0,7.5,0.0,69,1,True,8,False,3,Active
7.75,9.5,1.3333333333333333,0.0,0.0,0.0,0.0,47,1,False,8,False,2,Work-focused
10.5,0.0,0.5,0.0,0.0,3.6166666666666663,0.0,41,2,False,4,False,0,Typical mix
9.5,0.0,0.0,0.0,0.0,9.7,0.0,74,2,False,10,False,0,Typical mix
7.5,9.0,1.0,0.0,0.0,4.083333333333333,0.0,25,1,False,7,False,2,Work-focused
7.666666666666667,9.416666666666666,1.4166666666666667,1.5,0.0,1.25,0.0,43,1,False,10,False,2,Work-focused
8.25,10.0,0.5,0.0,0.0,0.0,0.0,26,2,False,8,False,2,Work-focused
14.9,0.0,0.25,0.0,0.0,1.5,0.0,22,1,True,5,False,0,Typical mix
9.25,10.5,0.1666666666666666,2.0,0.0,0.6666666666666666,0.0,30,1,True,10,False,2,Work-focused
14.5,0.5,0.8333333333333334,0.0,0.0,1.3833333333333333,0.0,59,2,True,5,False,0,Typical mix
10.5,7.166666666666667,0.5,0.0,0.0,3.0,0.0,22,2,False,5,False,2,Work-focused
6.5,0.0,2.316666666666667,0.3333333333333333,1.85,1.0333333333333334,1.4833333333333334,35,1,True,8,False,0,Typical mix
8.0,8.916666666666666,0.5833333333333334,0.0,0.0,1.5,0.0,32,1,False,7,False,2,Work-focused
8.0,3.3,0.5833333333333334,0.0,0.0,0.6666666666666666,0.0,17,2,False,9,False,2,Work-focused
6.5,4.0,3.8333333333333335,1.25,0.0,0.25,0.0,61,1,False,7,False,2,Work-focused
10.5,0.0,1.75,0.0,0.0,1.25,2.0,45,2,True,10,False,0,Typical mix
8.666666666666666,0.0,0.8333333333333334,0.0,0.0,2.3666666666666667,0.0,40,2,False,7,False,0,Typical mix
8.0,9.0,0.5333333333333333,0.0,0.0,1.0,0.0,37,1,True,8,False,2,Work-focused
10.0,0.0,0.5,0.0,0.0,11.416666666666666,0.0,43,1,True,8,False,0,Typical mix
6.0,7.75,0.75,0.0,1.0833333333333333,0.5,0.0,47,2,False,5,False,2,Work-focused
12.833333333333334,0.0,1.0,0.75,0.0,0.5,0.0,35,2,True,7,False,0,Typical mix
7.5,8.166666666666666,1.8333333333333333,0.0,0.75,1.1666666666666667,0.0,48,1,False,8,False,2,Work-focused
7.5,10.166666666666666,0.6666666666666666,0.0,0.0,3.5833333333333335,0.0,57,1,True,5,False,2,Work-focused
9.333333333333334,0.0,0.8333333333333334,4.0,0.0,3.0,0.0,71,1,True,8,False,3,Active
9.75,0.0,0.9166666666666666,0.0,0.0,12.45,0.0,85,1,True,7,False,0,Typical mix
11.833333333333334,0.0,0.5,0.0,0.1666666666666666,5.166666666666667,0.0,64,2,False,4,False,0,Typical mix
7.5,4.75,1.75,0.0,0.0,1.0,0.0,72,2,False,10,False,2,Work-focused
11.916666666666666,0.0,1.0,0.0,4.0,7.0,0.0,21,1,True,8,False,1,Social
9.0,0.0,1.5,0.0,0.0,5.5,0.0,61,1,False,5,False,0,Typical mix
8.466666666666667,8.05,1.0,0.25,0.0,1.9166666666666667,0.0,56,2,False,9,False,2,Work-focused
9.166666666666666,0.0,1.25,0.0,0.0,3.5,0.0,66,2,True,4,False,0,Typical mix
11.583333333333334,2.0,1.0,0.0,0.0,0.0,1.0,20,1,True,7,False,0,Typical mix
9.583333333333334,10.166666666666666,1.1666666666666667,0.0,0.0,0.0,0.0,71,2,True,8,False,2,Work-focused
8.05,0.0,2.9166666666666665,0.0,1.0,0.0,0.0,53,1,True,8,False,0,Typical mix
5.666666666666667,0.0,0.3333333333333333,0.0,0.0,16.0,0.0,72,1,True,5,False,0,Typical mix
11.0,0.0,0.5,0.0,0.1666666666666666,1.5,0.0,16,1,True,8,False,0,Typical mix
12.0,5.0,0.5,0.0,0.0,0.0,2.0,28,1,True,7,False,0,Typical mix
7.25,8.75,0.9166666666666666,0.0,0.0,0.0,0.0,40,2,False,5,False,2,Work-focused
9.933333333333334,0.0,3.75,0.0,0.0,1.0,0.0,36,2,True,9,False,0,Typical mix
7.5,0.0,1.4166666666666667,1.0833333333333333,0.0,0.0,0.0,49,2,False,5,False,0,Typical mix
9.75,8.15,0.1666666666666666,0.0,0.0,0.0,0.0,23,2,True,5,False,2,Work-focused
5.25,0.0,2.1666666666666665,0.1666666666666666,10.916666666666666,0.0,0.0,24,1,True,6,False,1,Social
8.5,0.0,0.5,0.0,0.0,2.0,0.0,54,1,True,0,False,0,Typical mix
6.0,0.0,0.9166666666666666,0.0,4.533333333333333,0.25,0.0,43,1,True,7,False,1,Social
10.0,0.0,0.5,0.0,0.0,8.4,0.0,75,2,False,5,False,0,Typical mix
3.5,10.583333333333334,0.4166666666666667,1.5,0.0,3.1666666666666665,0.0,34,1,False,6,False,2,Work-focused
13.0,0.0,0.8333333333333334,0.0,0.0,8.166666666666666,0.0,85,1,True,5,False,0,Typical mix
5.166666666666667,0.0,2.5,3.5,3.0,1.75,0.0,22,1,False,8,False,3,Active
8.0,8.416666666666666,1.5,0.0,0.0,0.0,0.0,32,2,False,5,False,2,Work-focused
10.0,7.283333333333333,0.1666666666666666,0.0,0.0,2.3666666666666667,0.0,59,2,True,7,False,2,Work-focused
10.583333333333334,9.916666666666666,0.3333333333333333,0.0,0.0,2.1666666666666665,0.0,45,2,False,7,False,2,Work-focused
8.333333333333334,0.0,3.1666666666666665,0.0,3.0,1.0,0.0,71,2,False,10,False,1,Social
6.5,7.0,0.6666666666666666,0.0,0.0,0.0,0.3333333333333333,52,1,False,3,False,2,Work-focused
9.0,0.0,3.0,0.0,0.0,2.6666666666666665,0.0,19,1,True,7,False,0,Typical mix
9.0,0.0,1.0,0.0,0.0,4.666666666666667,1.5,48,2,True,8,False,0,Typical mix
8.0,9.0,1.5,0.0,0.0,2.75,0.0,42,1,False,3,False,2,Work-focused
6.416666666666667,0.0,0.5,1.5,0.0,0.0,0.0,64,1,True,7,False,0,Typical mix
10.0,0.0,1.0666666666666669,1.4166666666666667,0.0,4.583333333333333,0.0,45,1,True,7,False,0,Typical mix
8.333333333333334,6.0,3.0,1.0,0.0,0.25,0.0,64,2,False,10,False,2,Work-focused
8.833333333333334,0.0,1.6666666666666667,0.0,0.0,3.25,0.0,44,2,False,8,False,0,Typical mix
5.0,7.75,0.9166666666666666,0.0,2.1333333333333333,4.9,0.0,35,2,False,5,False,2,Work-focused
8.25,0.0,0.9166666666666666,0.0,0.0,3.5833333333333335,0.9166666666666666,64,2,True,7,False,0,Typical mix
9.5,0.0,3.3,0.0,0.0,1.6666666666666667,0.0,33,2,True,7,False,0,Typical mix
9.166666666666666,0.0,1.6666666666666667,0.0,0.3333333333333333,0.0,0.0,32,2,True,6,False,0,Typical mix
12.5,0.0,0.3333333333333333,0.0,0.0,0.0,1.8333333333333333,18,1,True,7,False,0,Typical mix
7.5,4.0,2.0,0.0,0.0,3.5,0.0,49,2,True,10,False,0,Typical mix
5.333333333333333,8.333333333333334,0.3333333333333333,0.0,0.0,1.0,0.0,44,1,False,6,False,2,Work-focused
6.166666666666667,0.0,0.5,0.0,3.75,1.5,0.0,17,2,False,8,False,1,Social
5.833333333333333,0.0,0.0,0.0,0.0,0.0,0.0,64,2,True,2,False,0,Typical mix
8.0,10.166666666666666,1.3333333333333333,0.0,0.0,3.6666666666666665,0.0,74,1,False,5,False,2,Work-focused
7.5,0.0,3.0,0.0,0.0,4.0,0.0,60,2,True,8,False,0,Typical mix
8.0,0.0,1.0833333333333333,0.0,8.583333333333334,2.0,0.0,36,2,True,7,False,1,Social
7.0,0.0,1.25,0.0,0.0,4.0,0.0,59,1,True,4,False,0,Typical mix
8.666666666666666,0.0,0.6666666666666666,2.5,0.0,1.5,2.0,63,1,False,9,False,3,Active
7.5,8.166666666666666,1.5833333333333333,0.0,0.0,0.0,0.0,49,1,True,5,False,2,Work-focused
7.25,0.0,1.0833333333333333,1.0833333333333333,2.283333333333333,4.0,0.0,66,2,False,9,False,1,Social
9.0,7.5,1.0,0.0,0.5833333333333334,0.0,2.0,74,2,False,8,False,2,Work-focused
8.0,7.5,1.0,0.0,1.5,2.5,0.0,53,2,True,10,False,2,Work-focused
5.333333333333333,5.583333333333333,1.0,0.0,0.0,3.5,0.0,54,2,True,7,False,2,Work-focused
13.5,0.0,0.5,0.0,0.0,8.75,0.0,53,2,True,1,False,0,Typical mix
7.0,4.0,1.5,0.0,0.0,3.5,0.0,52,1,True,8,False,2,Work-focused
6.5,0.0,0.5,0.0,0.5,2.9166666666666665,7.0,41,2,True,10,False,4,Computer-leisure
4.916666666666667,8.333333333333334,1.5833333333333333,0.0,0.0,3.0,0.0,23,1,False,9,False,2,Work-focused
8.0,1.75,1.0,0.0,0.25,0.5,2.75,52,1,True,8,False,4,Computer-leisure
9.0,10.083333333333334,0.25,0.0,0.0,4.333333333333333,0.0,61,2,False,5,False,2,Work-focused
8.833333333333334,7.583333333333333,0.0833333333333333,0.0,0.0,3.9166666666666665,0.0,48,2,True,8,False,2,Work-focused
7.633333333333334,0.0,0.5,0.0,0.75,3.5,0.0,16,1,False,8,False,0,Typical mix
7.533333333333333,7.766666666666667,0.7,0.0,0.0,3.25,1.6666666666666667,28,1,False,7,False,2,Work-focused
7.5,0.0,0.6666666666666666,0.0,0.0,9.183333333333334,0.0,85,2,False,5,False,0,Typical mix
10.5,8.0,0.1666666666666666,0.0,0.0,1.6666666666666667,0.0,51,1,False,5,False,2,Work-focused
7.5,7.25,2.25,0.0,0.0,2.0,0.0,34,2,False,10,False,2,Work-focused
6.166666666666667,9.933333333333334,1.3333333333333333,0.0833333333333333,0.0,3.9166666666666665,0.0,68,2,False,9,False,2,Work-focused
9.166666666666666,0.0,1.5,2.5,0.0,2.0,0.0,67,2,True,8,False,3,Active
7.016666666666667,0.0,0.5,0.0,0.0,1.5,0.0,53,2,True,4,False,0,Typical mix
6.833333333333333,0.0,2.0,0.0,1.25,0.5,0.0,63,2,True,8,False,0,Typical mix
7.65,8.233333333333333,0.3333333333333333,0.0,0.0,2.0,0.5,32,2,False,8,False,2,Work-focused
7.0,8.416666666666666,0.8333333333333334,0.5,0.0,6.0,0.0,50,1,True,5,False,2,Work-focused
9.5,0.0,0.6666666666666666,0.0,4.433333333333334,0.7,0.0,49,2,True,10,False,1,Social
9.75,0.3333333333333333,0.5,0.0,0.0,0.0,0.0,65,2,True,8,False,0,Typical mix
10.333333333333334,5.3,0.5833333333333334,0.0,0.75,0.3333333333333333,0.0,63,1,False,4,False,2,Work-focused
8.666666666666666,9.75,0.9166666666666666,0.1666666666666666,0.0,1.5,0.0,38,1,False,7,False,2,Work-focused
7.5,0.0,0.75,0.0,4.0,6.85,0.0,23,2,False,5,False,1,Social
9.916666666666666,0.0,0.5,6.0,0.0,3.0,0.0,27,1,True,9,False,3,Active
9.666666666666666,0.0,1.0,0.0,0.0,0.0,0.0,45,2,True,6,False,0,Typical mix
9.0,0.0,1.0833333333333333,0.0,0.0,3.5833333333333335,0.0,65,2,False,8,False,0,Typical mix
8.0,0.0,0.25,0.0,0.5,8.016666666666667,0.0,51,1,False,8,False,0,Typical mix
9.0,0.0,1.0,0.0,0.0,3.6666666666666665,0.0,58,2,False,7,False,0,Typical mix
5.583333333333333,0.0,0.6166666666666667,0.0,0.0,11.666666666666666,1.4166666666666667,77,1,False,5,False,0,Typical mix
8.583333333333334,9.083333333333334,1.0833333333333333,0.0,0.0,1.5,0.0,34,2,False,9,False,2,Work-focused
6.75,5.5,0.5,0.0,0.0,3.0,0.0,46,1,False,5,False,2,Work-focused
6.5,9.166666666666666,1.25,0.0,0.0,0.5,0.0,31,2,False,8,False,2,Work-focused
5.833333333333333,8.416666666666666,3.0,0.0,0.5,0.0,0.0,65,2,True,10,False,2,Work-focused
8.083333333333334,0.0,3.0833333333333335,0.0,6.833333333333333,0.5,0.0,31,2,False,7,False,1,Social
10.0,2.0,0.5,0.0,0.0,1.0,0.0,53,1,True,3,False,0,Typical mix
9.0,3.75,0.5,0.0,0.0,1.0,2.8333333333333335,23,2,False,8,False,4,Computer-leisure
7.0,9.25,0.75,1.0,0.0,0.0,0.0,51,2,False,6,False,2,Work-focused
8.75,0.0,1.0,0.0,2.5833333333333335,2.55,0.0,62,2,True,7,False,1,Social
9.333333333333334,0.0,1.0,0.0,0.0,0.0,4.75,80,2,True,8,False,4,Computer-leisure
5.0,0.0,0.5,0.0,0.0,5.333333333333333,0.0,53,2,False,5,False,0,Typical mix
8.5,0.0,0.5,0.0,0.5,9.0,0.0,70,1,False,10,False,0,Typical mix
10.583333333333334,0.0,0.3333333333333333,0.0,0.0,0.0,0.0,66,2,True,8,False,0,Typical mix
11.25,0.0,0.75,0.0,0.0,1.75,0.0,37,2,True,10,False,0,Typical mix
9.25,1.0,0.3333333333333333,0.0,0.0,0.0,0.0,54,1,True,10,False,0,Typical mix
5.666666666666667,0.0,1.0833333333333333,0.0,0.8333333333333334,3.6666666666666665,0.0,31,1,False,9,False,0,Typical mix
8.0,0.0,1.1666666666666667,0.0,0.0,1.3333333333333333,0.0,34,2,False,7,False,0,Typical mix
6.25,0.0,0.5333333333333333,0.0,0.0,5.916666666666667,0.0,80,2,False,8,False,0,Typical mix
9.0,9.716666666666669,0.5,0.0,0.0,0.0,0.0,47,2,False,8,False,2,Work-focused
7.666666666666667,11.0,0.5,0.0,0.0,2.0,0.0,53,1,False,8,False,2,Work-focused
7.5,11.0,0.25,0.0,0.0,2.9166666666666665,0.0,36,1,False,7,False,2,Work-focused
10.5,0.0,0.25,0.3333333333333333,0.0,2.25,10.666666666666666,16,2,True,6,False,4,Computer-leisure
2.5,17.25,0.0,0.0,0.0,0.5833333333333334,0.0,42,1,False,7,False,2,Work-focused
8.5,0.0,0.8333333333333334,0.0,0.0,4.0,0.0,22,1,True,8,False,0,Typical mix
7.5,0.0,1.6666666666666667,2.5833333333333335,2.0,6.166666666666667,0.0,69,2,True,10,False,3,Active
7.416666666666667,8.083333333333334,0.75,0.5,0.0,0.0,0.0,60,2,False,9,False,2,Work-focused
8.0,9.0,1.4166666666666667,1.0,0.0,0.0,0.0,38,1,False,9,False,2,Work-focused
9.5,0.0,1.1666666666666667,0.6666666666666666,0.0,0.0,0.0,78,1,False,7,False,0,Typical mix
6.666666666666667,7.333333333333333,2.6666666666666665,0.0,0.0,0.0,0.0,58,2,False,7,False,2,Work-focused
7.683333333333334,6.683333333333334,1.0833333333333333,1.25,1.0166666666666666,1.25,0.0,47,2,False,8,False,2,Work-focused
8.5,0.0,1.8333333333333333,0.0,1.9833333333333336,0.0,0.0,36,2,True,7,False,1,Social
6.0,11.833333333333334,0.8333333333333334,0.0,0.0,1.0,0.0,37,1,True,7,False,2,Work-focused
8.666666666666666,6.716666666666667,1.3333333333333333,0.0,0.0,0.0,0.0,41,2,False,7,False,2,Work-focused
8.166666666666666,0.0,1.8333333333333333,0.0,0.0,0.0,0.0,32,2,True,7,False,0,Typical mix
16.333333333333332,0.0,0.25,0.0,0.0,0.0,2.0,45,1,True,7,False,0,Typical mix
15.5,0.0,0.5,0.0,0.0,6.0,0.0,26,1,True,7,False,0,Typical mix
7.0,0.0,1.9666666666666663,0.0,0.0,2.5,0.0,80,2,True,8,False,0,Typical mix
9.833333333333334,0.25,0.8333333333333334,2.5,4.75,0.0,0.0,56,1,False,8,False,1,Social
8.0,0.0,0.9166666666666666,2.3333333333333335,0.0,5.666666666666667,0.0,41,1,True,5,False,0,Typical mix
7.416666666666667,8.833333333333334,1.5,0.0,0.0,2.5,0.0,46,2,False,5,False,2,Work-focused
12.0,0.0,0.5,0.0,0.0,11.0,0.0,60,2,True,10,False,0,Typical mix
7.0,0.0,0.5,0.0,0.0,5.916666666666667,0.0,65,2,True,6,False,0,Typical mix
5.0,0.0,0.3333333333333333,1.5,0.0,3.1666666666666665,0.0,56,1,True,5,False,0,Typical mix
13.5,0.0,0.5,0.0,0.0,10.0,0.0,85,2,False,8,False,0,Typical mix
15.416666666666666,0.0,0.8333333333333334,0.0,0.0,6.0,0.0,40,2,True,4,False,0,Typical mix
9.983333333333333,0.0,0.75,0.0,4.4,3.1333333333333333,0.0,26,2,False,7,False,1,Social
13.166666666666666,0.0833333333333333,0.1666666666666666,0.0,0.0,9.833333333333334,0.0,44,2,True,5,False,0,Typical mix
10.5,0.0,0.5,0.25,3.4166666666666665,0.0,0.0,70,2,False,8,False,1,Social
7.0,8.25,0.5833333333333334,1.3333333333333333,0.0,3.0,0.0,30,1,False,7,False,2,Work-focused
0.4166666666666667,9.0,0.5,0.0,0.0,0.0,4.0,40,1,True,4,False,4,Computer-leisure
8.916666666666666,0.0,0.75,0.0,0.0,7.833333333333333,0.0,56,1,True,5,False,0,Typical mix
9.5,0.0,1.0,0.0,0.0,2.3833333333333333,0.3333333333333333,27,2,True,8,False,0,Typical mix
7.0,0.0,1.5,0.0,2.6666666666666665,0.0,0.0,60,1,True,8,False,1,Social
8.25,0.0,1.25,0.0,0.0,3.1666666666666665,0.0,73,1,False,6,False,0,Typical mix
7.5,9.0,1.5,1.5,0.0,0.0,0.0,27,1,True,7,False,2,Work-focused
11.5,8.5,0.8333333333333334,0.0,0.0,0.0,0.0,29,1,True,7,False,2,Work-focused
6.4,0.0,0.0833333333333333,0.0,0.0,9.066666666666666,4.0,38,1,True,7,False,4,Computer-leisure
12.0,0.0,2.3333333333333335,0.0,0.0,9.166666666666666,0.0,65,1,True,3,False,0,Typical mix
8.5,0.0,1.75,2.0,1.65,6.483333333333333,0.0,34,1,True,7,False,0,Typical mix
10.916666666666666,0.0,1.1666666666666667,0.0,0.3333333333333333,3.8833333333333337,0.0,85,1,True,9,False,0,Typical mix
9.75,11.0,1.0833333333333333,0.0,0.0,0.0,0.0,31,1,True,7,False,2,Work-focused
9.583333333333334,0.0,1.5,0.0,0.0,10.05,0.0,37,1,True,10,False,0,Typical mix
11.283333333333331,0.0,0.95,0.0,2.783333333333333,2.5166666666666666,0.0,76,2,True,8,False,1,Social
10.75,0.0,1.25,0.0,0.0,4.0,0.0,48,2,False,9,False,0,Typical mix
7.416666666666667,10.0,1.5,0.0,1.25,0.0,0.75,34,1,False,8,False,2,Work-focused
8.5,0.0,0.8333333333333334,1.0,8.25,0.0,0.0,80,2,False,9,False,1,Social
10.333333333333334,0.25,1.9166666666666667,0.0,2.5833333333333335,0.0,0.8333333333333334,71,1,True,8,False,1,Social
8.416666666666666,0.0,2.5833333333333335,0.0,0.0,2.0,0.25,42,2,True,10,False,0,Typical mix
11.5,0.0,2.5,0.0,0.0,2.6666666666666665,0.0,43,1,True,7,False,0,Typical mix
8.0,0.0,2.25,0.0,0.0,3.3333333333333335,1.0,31,2,True,9,False,0,Typical mix
12.0,0.0,2.0,3.0,0.0,1.0,2.9166666666666665,16,1,True,9,False,4,Computer-leisure
8.716666666666667,0.0,2.3666666666666667,0.0,1.6666666666666667,1.5833333333333333,0.0,62,2,True,6,False,0,Typical mix
9.0,0.0,0.8333333333333334,0.0,0.0,11.5,0.0,41,1,False,7,False,0,Typical mix
10.0,0.0,1.0,0.0,0.0,5.0,2.0,28,1,True,7,False,0,Typical mix
11.0,0.0,1.8333333333333333,0.0,7.616666666666666,2.0,0.0,58,1,True,7,False,1,Social
22.933333333333337,0.0,0.05,0.0,0.0,1.0,0.0,68,1,False,7,False,0,Typical mix
10.0,0.1666666666666666,1.0,1.5,0.0,2.4,0.0,48,2,True,7,False,0,Typical mix
12.0,0.0,0.5833333333333334,0.0,0.0,11.416666666666666,0.0,80,1,True,10,False,0,Typical mix
7.833333333333333,0.0,1.1666666666666667,0.0,1.5,4.833333333333333,0.0,50,1,True,5,False,0,Typical mix
8.0,0.0,3.0,0.0,5.0,1.0,0.0,56,1,False,8,False,1,Social
9.5,0.0,0.0,0.0,0.5,6.583333333333333,0.0,61,1,True,5,False,0,Typical mix
7.5,0.0,2.25,0.0,0.0,0.0,0.0,33,2,False,8,False,0,Typical mix
9.25,3.3333333333333335,0.5,0.0,1.8333333333333333,0.0,0.0,57,1,True,7,False,2,Work-focused
11.25,0.0,0.5,1.0,0.0,2.0,0.0,36,2,True,6,False,0,Typical mix
13.0,0.0,3.1666666666666665,0.0,0.3333333333333333,1.5,0.0,16,2,True,5,False,0,Typical mix
8.5,0.0,1.8333333333333333,0.0,0.0,5.4,0.0,85,2,True,8,False,0,Typical mix
8.333333333333334,0.0,0.3333333333333333,0.5,1.5,1.3333333333333333,0.0,47,1,False,7,False,0,Typical mix
12.666666666666666,0.0,1.8333333333333333,0.0,0.0,1.5,0.0,39,1,False,9,False,0,Typical mix
13.75,0.0,0.0,0.0,0.25,4.0,0.0,18,1,False,7,False,0,Typical mix
5.0,7.166666666666667,1.0,0.0,0.0,6.783333333333333,0.0,54,1,False,4,False,2,Work-focused
11.0,0.0,0.3333333333333333,0.0,2.0,0.0,0.0,31,2,True,6,False,0,Typical mix
9.0,0.0,0.3333333333333333,0.0,0.0,8.666666666666666,0.0,49,1,True,7,False,0,Typical mix
10.666666666666666,0.0,4.0,0.0,2.0,2.966666666666667,0.0,24,1,True,7,False,0,Typical mix
10.0,0.0,0.5,0.0,0.0,6.666666666666667,0.0,70,1,False,7,False,0,Typical mix
10.5,5.166666666666667,0.1666666666666666,0.0,0.0,2.0833333333333335,0.0,27,2,False,4,False,2,Work-focused
9.25,0.0,0.3333333333333333,0.0,0.0,4.583333333333333,0.0,45,2,False,5,False,0,Typical mix
8.0,0.0,0.1666666666666666,0.0,0.0,10.616666666666667,0.0,67,1,True,8,False,0,Typical mix
10.166666666666666,0.0,1.1666666666666667,0.0,0.0,4.816666666666666,0.0,41,1,True,0,False,0,Typical mix
8.5,0.0,0.5833333333333334,0.0,0.5,6.416666666666667,0.0,47,2,True,6,False,0,Typical mix
11.966666666666669,0.0,1.0,0.0,0.0,0.0,0.0,59,1,False,8,False,0,Typical mix
9.233333333333333,1.75,1.5833333333333333,1.5,2.4166666666666665,0.0,0.0,35,2,True,7,False,1,Social
8.5,0.0,1.0,0.0,0.3333333333333333,1.0,0.0,72,2,False,7,False,0,Typical mix
12.0,0.0,3.0,0.0,3.0,2.0,0.0,36,1,True,5,False,1,Social
9.333333333333334,0.0,1.5,0.0,0.0,2.0,0.0,65,2,True,10,False,0,Typical mix
12.083333333333334,0.0,2.0,0.0,0.0,3.0,0.0,37,2,True,9,False,0,Typical mix
13.833333333333334,0.0,3.0,0.0,0.0,0.5,1.0,51,1,False,6,False,0,Typical mix
15.5,0.0,0.8333333333333334,0.0,0.0,1.0,4.166666666666667,19,1,False,2,False,4,Computer-leisure
9.0,0.0,0.3333333333333333,0.0,0.0,1.0,0.0,73,2,False,10,False,0,Typical mix
10.416666666666666,0.0,0.5833333333333334,0.0,4.5,3.5,0.0,61,2,False,5,False,1,Social
8.5,0.0,0.5,0.0,9.5,2.0,1.5,42,1,True,2,False,1,Social
11.5,0.0,1.0,0.0,0.0,2.1666666666666665,0.0,40,1,True,9,False,0,Typical mix
9.416666666666666,0.0,3.1666666666666665,0.0,0.0,6.333333333333333,0.0,60,1,True,8,False,0,Typical mix
7.0,6.766666666666667,0.0,0.0,6.6,1.75,0.0,18,1,True,6,False,1,Social
5.166666666666667,0.0,4.25,1.5,4.75,0.0,0.0,26,1,False,10,False,1,Social
11.0,0.0,0.25,0.0,0.0,6.916666666666667,0.0,36,1,False,5,False,0,Typical mix
9.083333333333334,0.0,0.8333333333333334,0.0,4.916666666666667,1.0,0.0,42,2,True,9,False,1,Social
5.75,7.5,0.1666666666666666,0.0,0.0,0.0,0.0,65,2,False,6,False,2,Work-focused
10.0,0.0,2.0833333333333335,1.0,0.0,0.0,0.4166666666666667,62,1,True,8,False,0,Typical mix
9.0,0.0,4.833333333333333,0.0,2.0,1.0,0.0,67,1,False,8,False,0,Typical mix
12.5,2.0,0.5,0.0,0.0,1.0,0.0,59,2,True,8,False,0,Typical mix
7.25,6.0,1.5833333333333333,0.0,0.0,2.0,0.0,69,2,True,8,False,2,Work-focused
9.083333333333334,0.3333333333333333,0.25,1.5,0.0,2.0,0.0,27,2,True,8,False,0,Typical mix
9.583333333333334,1.3333333333333333,1.0,0.0,0.3333333333333333,1.5,0.0,47,2,True,7,False,0,Typical mix
1.5833333333333333,0.0,0.6666666666666666,0.0,0.0,1.0,0.0,33,2,True,8,False,2,Work-focused
7.5,7.866666666666666,0.4166666666666667,1.0,0.0833333333333333,4.066666666666666,0.0,61,2,True,10,False,2,Work-focused
7.116666666666666,13.233333333333333,0.1666666666666666,0.0,0.0,0.0,0.0,26,2,False,8,False,2,Work-focused
7.5,0.0,1.4166666666666667,0.0,0.0,8.5,0.0,65,1,True,10,False,0,Typical mix
8.833333333333334,0.0,1.3333333333333333,0.0,2.5,5.5,0.0,46,1,False,6,False,0,Typical mix
11.0,0.0,1.5,0.0,2.0,8.166666666666666,0.0,39,1,False,6,False,0,Typical mix
1.0,0.0,0.5833333333333334,0.0,0.0,1.0,0.0,78,2,False,6,False,2,Work-focused
9.0,0.0,2.5,0.0,0.0,3.0,0.0,79,1,True,5,False,0,Typical mix
8.166666666666666,0.0,0.6666666666666666,0.0,1.0,1.4166666666666667,0.0,41,2,False,5,False,0,Typical mix
8.5,7.333333333333333,1.5,0.0,0.0,2.3333333333333335,3.0,52,1,False,5,False,4,Computer-leisure
7.0,0.0,2.0,0.0,8.0,1.0,0.0,42,2,False,7,False,1,Social
6.5,9.583333333333334,1.0,0.0,0.0,1.5,0.0,37,2,True,2,False,2,Work-focused
7.5,7.916666666666667,0.5,0.0,0.0,6.883333333333334,0.0,37,1,True,10,False,2,Work-focused
12.0,0.0,0.5,0.0,0.0,5.416666666666667,0.0,61,2,True,5,False,0,Typical mix
14.083333333333334,0.0,0.5,0.0,0.75,1.0,0.0,61,1,True,6,False,0,Typical mix
10.5,0.0,1.0833333333333333,0.0,5.083333333333333,5.666666666666667,0.0,80,2,False,8,False,1,Social
9.75,0.0,0.75,0.0,0.0,0.25,0.0,42,1,True,5,False,0,Typical mix
12.5,0.0,0.3333333333333333,3.0,4.0,3.1666666666666665,0.0,15,1,True,10,False,3,Active
11.0,0.0,0.9166666666666666,0.0,1.0,0.0,0.0,16,1,True,5,False,0,Typical mix
10.0,0.0,1.75,0.0,0.0,0.5,0.0,41,2,True,8,False,0,Typical mix
6.0,0.0,1.0,0.0,2.0,1.0,4.0,32,2,True,6,False,4,Computer-leisure
10.666666666666666,0.0,0.5833333333333334,0.0,0.0,2.3333333333333335,0.0,80,2,False,5,False,0,Typical mix
8.5,0.0,0.5,0.0,0.0,14.9,0.0,74,2,True,8,False,0,Typical mix
11.0,0.0,1.0,0.0,0.0,0.0,0.0,36,1,False,7,False,0,Typical mix
10.5,0.0,0.5,0.0,0.0,10.583333333333334,0.0,70,1,False,6,False,0,Typical mix
9.333333333333334,0.0,1.5,0.0,7.833333333333333,0.0,0.0,80,1,False,8,False,1,Social
10.2,0.0,0.6666666666666666,0.3333333333333333,0.0,0.6666666666666666,0.0,44,2,True,9,False,0,Typical mix
7.0,0.0,0.5,0.0,0.0,1.9666666666666663,0.0,37,2,True,7,False,0,Typical mix
9.5,0.0,2.0,0.0,0.0,3.5833333333333335,0.0,79,1,False,5,False,0,Typical mix
8.5,0.0,2.75,0.0,3.0,0.0,0.0,22,2,False,5,False,1,Social
12.0,0.0,0.0833333333333333,0.0,0.0,5.916666666666667,0.0,51,2,False,10,False,0,Typical mix
8.666666666666666,0.0,0.5833333333333334,0.0,0.0,4.75,0.0,85,2,False,8,False,0,Typical mix
9.916666666666666,0.0,0.75,0.0,0.0,8.666666666666666,0.0,40,1,True,6,False,0,Typical mix
8.316666666666666,0.0,0.25,0.0,4.833333333333333,0.0,0.0,42,2,False,9,False,1,Social
7.5,0.0,1.0,0.0,0.0,9.416666666666666,0.0,69,1,False,8,False,0,Typical mix
7.65,0.0,1.5,1.8166666666666669,0.0,2.0,0.0,61,2,True,9,False,0,Typical mix
5.25,0.5,1.5,5.25,6.5,2.0,0.0,54,1,True,5,False,3,Active
9.0,0.0,2.0,0.5,0.0,3.1666666666666665,2.0,56,1,True,8,False,0,Typical mix
11.0,0.0,2.0,0.0,0.5,4.0,0.0,40,2,False,8,False,0,Typical mix
8.216666666666667,5.716666666666667,1.5,0.0,0.75,0.0,0.0,41,1,False,7,False,2,Work-focused
8.5,3.1666666666666665,3.25,0.0,0.0,2.9166666666666665,0.0,61,1,True,8,False,0,Typical mix
8.333333333333334,0.0,2.75,0.0,3.9166666666666665,1.0,0.0,29,2,False,8,False,1,Social
9.0,0.0,0.8333333333333334,0.0,1.5833333333333333,2.9166666666666665,0.0,31,1,False,6,False,0,Typical mix
15.883333333333333,3.0,0.6166666666666667,0.0,0.9166666666666666,0.0,0.0,43,2,True,8,False,0,Typical mix
13.5,0.0,0.5,0.0,0.0,6.666666666666667,0.0,36,1,True,6,False,0,Typical mix
9.166666666666666,0.0,1.8333333333333333,0.0,2.1666666666666665,6.05,0.0,59,2,True,3,False,0,Typical mix
6.166666666666667,0.0,3.1666666666666665,0.0,0.0,0.0,0.0,49,2,True,8,False,0,Typical mix
9.083333333333334,0.0,0.6666666666666666,0.0,7.183333333333334,4.0,0.0,77,1,True,9,False,1,Social
8.833333333333334,0.0,2.75,0.0,3.8333333333333335,1.5,0.0,80,2,False,8,False,1,Social
7.25,8.05,0.0,0.0,0.0,3.0,0.0,26,2,False,5,False,2,Work-focused
12.416666666666666,0.0,0.8333333333333334,0.0,0.75,6.833333333333333,0.0,85,1,False,10,False,0,Typical mix
8.0,8.25,0.4166666666666667,0.0,0.0,1.5,0.0,62,2,False,10,False,2,Work-focused
7.4,8.0,0.75,0.0,0.0,1.0,0.0,31,2,False,5,False,2,Work-focused
10.916666666666666,0.0,1.75,0.0,0.85,0.0,0.0,50,2,True,7,False,0,Typical mix
7.5,0.0,1.5,0.0,0.0,6.766666666666667,0.0,68,1,False,6,False,0,Typical mix
11.0,6.666666666666667,1.0,0.0,0.0,3.0,0.0,31,1,True,8,False,2,Work-focused
6.0,8.0,0.0,0.0,0.0,0.0,0.0,46,2,False,5,False,2,Work-focused
8.416666666666666,0.75,0.25,0.0,2.5,2.0,0.0,43,1,True,5,False,1,Social
9.5,5.25,0.25,0.0,0.0,1.9666666666666663,0.0,54,2,False,8,False,2,Work-focused
8.0,0.0,1.5,0.0,2.0833333333333335,6.166666666666667,0.0,59,1,False,9,False,0,Typical mix
10.333333333333334,0.0,0.5833333333333334,0.0,1.0,3.4166666666666665,0.5,41,2,True,8,False,0,Typical mix
7.5,0.0,0.6666666666666666,0.0,0.0,8.0,0.0,85,2,False,10,False,0,Typical mix
7.583333333333333,7.416666666666667,1.5,0.0,4.25,0.0,1.0,60,1,True,5,False,1,Social
10.75,9.166666666666666,0.25,0.0,1.2833333333333334,0.0,0.0,43,1,False,8,False,2,Work-focused
8.5,0.0,1.3333333333333333,0.0,9.166666666666666,1.0,1.5,48,1,False,5,False,1,Social
6.416666666666667,0.0,1.25,0.0,1.5,5.5,0.0,40,1,True,6,False,0,Typical mix
